asset_path,line,category,evidence
"Assets/CloudGenerator/CloudGenerator_v7.0/CloudGenerator_v7.0/Editor/CloudGeneratorWindow.cs",14,"spatial-member","private Vector2 scrollPos;"
"Assets/CloudGenerator/CloudGenerator_v7.0/CloudGenerator_v7.0/Editor/CloudGeneratorWindow.cs",44,"position-access","transform.position = Vector3.zero;"
"Assets/CloudGenerator/CloudGenerator_v7.0/CloudGenerator_v7.0/Editor/CloudGeneratorWindow.cs",52,"position-access","transform.position = new Vector3(s.X, s.Y, s.Z);"
"Assets/Graphy - Ultimate Stats Monitor/Runtime/Advanced/G_AdvancedData.cs",63,"spatial-member","private Vector2 m_origPosition = Vector2.zero;"
"Assets/Graphy - Ultimate Stats Monitor/Runtime/Audio/G_AudioManager.cs",42,"spatial-member","private Vector2 m_origPosition = Vector2.zero;"
"Assets/Graphy - Ultimate Stats Monitor/Runtime/Fps/G_FpsManager.cs",45,"spatial-member","private Vector2 m_origPosition = Vector2.zero;"
"Assets/Graphy - Ultimate Stats Monitor/Runtime/GraphyManager.cs",130,"spatial-member","private Vector2 m_graphModuleOffset = new Vector2( 0, 0 );"
"Assets/Graphy - Ultimate Stats Monitor/Runtime/GraphyManager.cs",185,"spatial-member","private Vector2 m_advancedModuleOffset = new Vector2( 0, 0 );"
"Assets/Graphy - Ultimate Stats Monitor/Runtime/GraphyManager.cs",783,"lifecycle-placement","DontDestroyOnLoad( transform.root.gameObject );"
"Assets/Graphy - Ultimate Stats Monitor/Runtime/Ram/G_RamManager.cs",40,"spatial-member","private Vector2 m_origPosition = Vector2.zero;"
"Assets/Graphy - Ultimate Stats Monitor/Runtime/UI/G_SafeArea.cs",78,"position-access","r.position;"
"Assets/Graphy - Ultimate Stats Monitor/Runtime/UI/G_SafeArea.cs",79,"position-access","r.position + r.size;"
"Assets/Kevin Iglesias/Human Animations/Unity Demo Scenes/Human Basic Motions/Script/HumanBasicMotionsDemo.cs",78,"spatial-member","private Vector3 backgroundLightDir = new Vector3(0f, -0.1f, 1f);"
"Assets/Kevin Iglesias/Human Animations/Unity Demo Scenes/Human Basic Motions/Script/HumanBasicMotionsDemo.cs",89,"spatial-member","private Vector3 normalScale = Vector3.one;"
"Assets/Kevin Iglesias/Human Animations/Unity Demo Scenes/Human Basic Motions/Script/HumanBasicMotionsDemo.cs",90,"spatial-member","private Vector3 pressedScale = Vector3.one * 0.85f;"
"Assets/Kevin Iglesias/Human Animations/Unity Demo Scenes/Human Basic Motions/Script/HumanBasicMotionsDemo.cs",173,"position-access","baseT.position = new Vector3(character.position.x, 0, character.position.z);"
"Assets/Kevin Iglesias/Human Animations/Unity Demo Scenes/Human Basic Motions/Script/HumanBasicMotionsDemo.cs",187,"position-access","character.position = new Vector3(0, character.position.y, 0);"
"Assets/Kevin Iglesias/Human Animations/Unity Demo Scenes/Human Basic Motions/Script/HumanBasicMotionsDemo.cs",403,"position-access","character.position = Vector3.zero;"
"Assets/Kevin Iglesias/Human Animations/Unity Demo Scenes/Human Basic Motions/Script/HumanBasicMotionsDemo.cs",971,"position-access","character.position;"
"Assets/Kevin Iglesias/Human Animations/Unity Demo Scenes/Human Basic Motions/Script/HumanBasicMotionsDemo.cs",972,"position-access","currentLeftFoot.position : center;"
"Assets/Kevin Iglesias/Human Animations/Unity Demo Scenes/Human Basic Motions/Script/HumanBasicMotionsDemo.cs",973,"position-access","currentRightFoot.position : center;"
"Assets/Kevin Iglesias/Human Animations/Unity Demo Scenes/Human Basic Motions/Script/HumanBasicMotionsDemo.cs",975,"position-access","shadowT.position = new Vector3(center.x, shadowFloorY, center.z);"
"Assets/Kevin Iglesias/Human Animations/Unity Demo Scenes/Human Basic Motions/Script/HumanBasicMotionsDemo.cs",987,"position-access","character.position.y);"
"Assets/Kevin Iglesias/Human Animations/Unity Demo Scenes/Human Basic Motions/Script/HumanBasicMotionsDemo.cs",315,"lifecycle-placement","Instantiate(characterUIPrefab, charactersUIRoot);"
"Assets/Kevin Iglesias/Human Animations/Unity Demo Scenes/Human Basic Motions/Script/HumanBasicMotionsDemo.cs",537,"lifecycle-placement","Instantiate(folderButtonPrefab, animationsUIRoot);"
"Assets/Kevin Iglesias/Human Animations/Unity Demo Scenes/Human Basic Motions/Script/HumanBasicMotionsDemo.cs",574,"lifecycle-placement","Instantiate(folderButtonPrefab, animationsUIRoot);"
"Assets/Kevin Iglesias/Human Animations/Unity Demo Scenes/Human Basic Motions/Script/HumanBasicMotionsDemo.cs",613,"lifecycle-placement","Instantiate(animationUIPrefab, animationsUIRoot);"
"Assets/Kevin Iglesias/Human Animations/Unity Demo Scenes/Human Basic Motions/Script/HumanBasicMotionsDemo.cs",741,"lifecycle-placement","Instantiate(animationUIPrefab, animationsUIRoot);"
"Assets/Kevin Iglesias/Human Animations/Unity Demo Scenes/Human Basic Motions/Shaders/HumanBasicMotionsScene.shader",55,"shader-position-candidate","worldPos : TEXCOORD1;"
"Assets/Kevin Iglesias/Human Animations/Unity Demo Scenes/Human Basic Motions/Shaders/HumanBasicMotionsScene.shader",64,"shader-position-candidate","worldPos = mul(unity_ObjectToWorld, v.vertex).xyz;"
"Assets/Kevin Iglesias/Human Animations/Unity Demo Scenes/Human Basic Motions/Shaders/HumanBasicMotionsScene.shader",92,"shader-position-candidate","_WorldSpaceCameraPos - i.worldPos);"
"Assets/Kevin Iglesias/Human Animations/Unity Demo Scenes/Human Melee Animations/Shaders/HumanMeleeAnimationsScene.shader",55,"shader-position-candidate","worldPos : TEXCOORD1;"
"Assets/Kevin Iglesias/Human Animations/Unity Demo Scenes/Human Melee Animations/Shaders/HumanMeleeAnimationsScene.shader",64,"shader-position-candidate","worldPos = mul(unity_ObjectToWorld, v.vertex).xyz;"
"Assets/Kevin Iglesias/Human Animations/Unity Demo Scenes/Human Melee Animations/Shaders/HumanMeleeAnimationsScene.shader",92,"shader-position-candidate","_WorldSpaceCameraPos - i.worldPos);"
"Assets/Kevin Iglesias/IKHelperTool/Scripts/IKHelperTool.cs",33,"position-access","iKSwitch.localPosition.y * Mathf.PI * 0.5f));"
"Assets/Kevin Iglesias/IKHelperTool/Scripts/IKHelperTool.cs",41,"position-access","handEffector.position);"
"Assets/Kevin Iglesias/IKHelperTool/Scripts/IKHelperTool.cs",47,"position-access","handEffector.position);"
"Assets/Kevin Iglesias/IKHelperTool/Scripts/IKHelperToolAnimationCurve.cs",48,"position-access","handEffector.position);"
"Assets/Kevin Iglesias/IKHelperTool/Scripts/IKHelperToolAnimationCurve.cs",56,"position-access","poleTarget.position);"
"Assets/TextMesh Pro/Shaders/TMP_SDF Overlay.shader",187,"shader-position-candidate","WorldSpaceViewDir(vert)))));"
"Assets/TextMesh Pro/Shaders/TMP_SDF Overlay.shader",235,"shader-position-candidate","_WorldSpaceCameraPos.xyz - mul(unity_ObjectToWorld, vert).xyz);"
"Assets/TextMesh Pro/Shaders/TMP_SDF SSD.shader",223,"shader-position-candidate","_WorldSpaceCameraPos.xyz - mul(unity_ObjectToWorld, vert).xyz);"
"Assets/TextMesh Pro/Shaders/TMP_SDF-Mobile Masking.shader",148,"shader-position-candidate","WorldSpaceViewDir(vert)))));"
"Assets/TextMesh Pro/Shaders/TMP_SDF-Mobile Overlay.shader",149,"shader-position-candidate","WorldSpaceViewDir(vert)))));"
"Assets/TextMesh Pro/Shaders/TMP_SDF-Mobile-2-Pass.shader",147,"shader-position-candidate","WorldSpaceViewDir(vert)))));"
"Assets/TextMesh Pro/Shaders/TMP_SDF-Mobile-2-Pass.shader",329,"shader-position-candidate","WorldSpaceViewDir(vert)))));"
"Assets/TextMesh Pro/Shaders/TMP_SDF-Mobile.shader",146,"shader-position-candidate","WorldSpaceViewDir(vert)))));"
"Assets/TextMesh Pro/Shaders/TMP_SDF.shader",187,"shader-position-candidate","WorldSpaceViewDir(vert)))));"
"Assets/TextMesh Pro/Shaders/TMP_SDF.shader",235,"shader-position-candidate","_WorldSpaceCameraPos.xyz - mul(unity_ObjectToWorld, vert).xyz);"
"Assets/TextMesh Pro/Shaders/TMP_Sprite.shader",75,"shader-position-candidate","worldPosition : TEXCOORD1;"
"Assets/TextMesh Pro/Shaders/TMP_Sprite.shader",95,"shader-position-candidate","worldPosition = v.vertex;"
"Assets/TextMesh Pro/Shaders/TMPro_Surface.cginc",24,"shader-position-candidate","WorldSpaceViewDir(vert)))));"
"Assets/TextMesh Pro/Shaders/TMPro_Surface.cginc",29,"shader-position-candidate","WorldSpaceViewDir(v.vertex));"
"Assets/_Project/Art/Shaders/CloudGhibli.shader",64,"shader-position-candidate","worldPos : TEXCOORD1;"
"Assets/_Project/Art/Shaders/CloudGhibli.shader",86,"shader-position-candidate","TransformObjectToWorldNormal(input.normalOS);"
"Assets/_Project/Art/Shaders/CloudGhibli.shader",87,"shader-position-candidate","worldPos = TransformObjectToWorld(positionOS);"
"Assets/_Project/Art/Shaders/CloudGhibli.shader",104,"shader-position-candidate","worldPos);"
"Assets/_Project/Art/Shaders/CloudGhibli_Outline.shader",163,"shader-position-candidate","worldPos : TEXCOORD1;"
"Assets/_Project/Art/Shaders/CloudGhibli_Outline.shader",184,"shader-position-candidate","TransformObjectToWorldNormal(input.normalOS);"
"Assets/_Project/Art/Shaders/CloudGhibli_Outline.shader",185,"shader-position-candidate","worldPos = TransformObjectToWorld(positionOS);"
"Assets/_Project/Art/Shaders/CloudGhibli_Outline.shader",187,"shader-position-candidate","worldPos);"
"Assets/_Project/Art/Shaders/CloudGhibli_OutlineV2.shader",110,"shader-position-candidate","worldPos : TEXCOORD1;"
"Assets/_Project/Art/Shaders/CloudGhibli_OutlineV2.shader",132,"shader-position-candidate","TransformObjectToWorldNormal(input.normalOS);"
"Assets/_Project/Art/Shaders/CloudGhibli_OutlineV2.shader",133,"shader-position-candidate","worldPos = TransformObjectToWorld(positionOS);"
"Assets/_Project/Art/Shaders/CloudGhibli_OutlineV2.shader",135,"shader-position-candidate","worldPos);"
"Assets/_Project/Art/Shaders/CloudGhibli_OutlineV3.shader",104,"shader-position-candidate","worldPos : TEXCOORD1;"
"Assets/_Project/Art/Shaders/CloudGhibli_OutlineV3.shader",125,"shader-position-candidate","TransformObjectToWorldNormal(input.normalOS);"
"Assets/_Project/Art/Shaders/CloudGhibli_OutlineV3.shader",126,"shader-position-candidate","worldPos = TransformObjectToWorld(positionOS);"
"Assets/_Project/Art/Shaders/CloudGhibli_OutlineV3.shader",128,"shader-position-candidate","worldPos);"
"Assets/_Project/Art/Shaders/CloudGhibli_OutlineV4.shader",101,"shader-position-candidate","worldPos : TEXCOORD1;"
"Assets/_Project/Art/Shaders/CloudGhibli_OutlineV4.shader",122,"shader-position-candidate","TransformObjectToWorldNormal(input.normalOS);"
"Assets/_Project/Art/Shaders/CloudGhibli_OutlineV4.shader",123,"shader-position-candidate","worldPos = TransformObjectToWorld(positionOS);"
"Assets/_Project/Art/Shaders/CloudGhibli_OutlineV4.shader",125,"shader-position-candidate","worldPos);"
"Assets/_Project/Art/Shaders/CloudGhibli_OutlineV5.shader",89,"shader-position-candidate","worldPos : TEXCOORD1;"
"Assets/_Project/Art/Shaders/CloudGhibli_OutlineV5.shader",110,"shader-position-candidate","TransformObjectToWorldNormal(input.normalOS);"
"Assets/_Project/Art/Shaders/CloudGhibli_OutlineV5.shader",111,"shader-position-candidate","worldPos = TransformObjectToWorld(positionOS);"
"Assets/_Project/Art/Shaders/CloudGhibli_OutlineV5.shader",113,"shader-position-candidate","worldPos);"
"Assets/_Project/Art/Shaders/CloudInstanced.shader",94,"shader-position-candidate","worldPos : TEXCOORD1;"
"Assets/_Project/Art/Shaders/CloudInstanced.shader",119,"shader-position-candidate","worldPos = vertexInput.positionWS;"
"Assets/_Project/Art/Shaders/CloudInstanced.shader",120,"shader-position-candidate","TransformObjectToWorldNormal(input.normalOS);"
"Assets/_Project/Art/Shaders/CloudInstanced.shader",152,"shader-position-candidate","worldPos));"
"Assets/_Project/Editor/FloatingOrigin/FloatingOriginMigrationCensus.cs",40,"network-serialization","INetworkSerializable|SerializeValue|NetworkSerialize)\b[^\n]*""),"
"Assets/_Project/Editor/FloatingOrigin/FloatingOriginMigrationCensus.cs",42,"physics-scene","PhysicsScene|LocalPhysicsMode|GetPhysicsScene|Simulate)\b[^\n]*""),"
"Assets/_Project/Editor/FloatingOrigin/FloatingOriginMigrationCensus.cs",43,"navigation","NavMesh|NavMeshAgent|NavMeshSurface|NavMeshDataInstance|NavMeshLink)\b[^\n]*""),"
"Assets/_Project/Editor/FloatingOrigin/FloatingOriginMigrationCensus.cs",183,"navigation","NavMesh"", StringComparison.Ordinal) ||"
"Assets/_Project/Editor/FloatingOrigin/FloatingOriginMigrationCensus.cs",48,"world-space-effects","TrailRenderer|LineRenderer|ParticleSystemSimulationSpace|simulationSpace|useWorldSpace|SetPositions|GetParticles|SetParticles)\b[^\n]*""),"
"Assets/_Project/Editor/FloatingOrigin/FloatingOriginMigrationCensus.cs",181,"world-space-effects","LineRenderer ||"
"Assets/_Project/Editor/FloatingOrigin/FloatingOriginMigrationCensus.cs",182,"world-space-effects","TrailRenderer || c is MeshFilter || c is SkinnedMeshRenderer ||"
"Assets/_Project/Editor/FloatingOrigin/FloatingOriginMigrationCensus.cs",49,"legacy-origin","FloatingOriginMP|WorldSceneManager|WorldStreamingManager|TotalOffset|OnWorldShifted)\b[^\n]*"")"
"Assets/_Project/Editor/GenerateSimpleCityColliders.cs",196,"spatial-member","private static Vector3 Divide(Vector3 value, Vector3 divisor)"
"Assets/_Project/Editor/GenerateSimpleCityColliders.cs",49,"position-access","transform.localPosition = Vector3.zero;"
"Assets/_Project/Editor/GenerateSimpleCityColliders.cs",99,"position-access","transform.position,"
"Assets/_Project/Editor/GenerateSimpleCityColliders.cs",98,"point-conversion","SetPositionAndRotation("
"Assets/_Project/Editor/ShipPresetCreator.cs",37,"navigation","NavMeshSurface asset (Prefabs/Ships/)"
"Assets/_Project/Editor/ShipPresetCreator.cs",401,"navigation","NavMeshSurface>();"
"Assets/_Project/Editor/ShipPresetCreator.cs",507,"navigation","NavMesh ---"
"Assets/_Project/Editor/ShipPresetCreator.cs",530,"navigation","NavMesh: {navMeshPath}"");"
"Assets/_Project/Editor/ShipPresetCreator.cs",686,"navigation","NavMesh-DeckNavSurface_{shipName}"";"
"Assets/_Project/Editor/ShipPresetCreator.cs",688,"navigation","NavMesh-DeckNavSurface.asset"";"
"Assets/_Project/Editor/ShipPresetCreator.cs",692,"navigation","NavMeshSurface на DeckNavSurface, печёт навмеш по MainVisual+BoxCollider,"
"Assets/_Project/Editor/ShipPresetCreator.cs",705,"navigation","NavMeshSurface>();"
"Assets/_Project/Editor/ShipPresetCreator.cs",708,"navigation","NavMeshSurface не найден на DeckNavSurface."");"
"Assets/_Project/Editor/ShipPresetCreator.cs",741,"navigation","NavMesh запечён и сохранён: {assetPath}"");"
"Assets/_Project/Editor/ShipPresetCreator.cs",132,"spatial-member","public Vector3 visualScale;"
"Assets/_Project/Editor/ShipPresetCreator.cs",210,"position-access","transform.position = Vector3.zero;"
"Assets/_Project/Editor/ShipPresetCreator.cs",398,"position-access","transform.localPosition = new Vector3(0, -0.37f, 0);"
"Assets/_Project/Editor/ShipPresetCreator.cs",413,"position-access","transform.localPosition = new Vector3(0, 5.86f, 0);"
"Assets/_Project/Editor/ShipPresetCreator.cs",431,"position-access","transform.localPosition = new Vector3(0, 0.57f, -(p.visualScale.z * 0.3f));"
"Assets/_Project/Editor/ShipPresetCreator.cs",450,"position-access","transform.localPosition = new Vector3(0, 0, -(p.visualScale.z * 0.47f));"
"Assets/_Project/Editor/ShipPresetCreator.cs",470,"position-access","transform.localPosition = Vector3.zero;"
"Assets/_Project/Editor/ShipPresetCreator.cs",476,"position-access","transform.localPosition = Vector3.zero;"
"Assets/_Project/Editor/ShipPresetCreator.cs",554,"position-access","transform.localPosition = localPos;"
"Assets/_Project/Editor/ShipPresetCreator.cs",584,"position-access","transform.localPosition = localPos;"
"Assets/_Project/Editor/ShipSummaryWindow.cs",32,"spatial-member","private Vector2 _tableScroll;"
"Assets/_Project/Editor/ShipSummaryWindow.cs",33,"spatial-member","private Vector2 _detailScroll;"
"Assets/_Project/Editor/Tools/NpcShipScheduleOverviewWindow.cs",28,"spatial-member","private Vector2 _scrollSchedules;"
"Assets/_Project/Editor/Tools/NpcShipScheduleOverviewWindow.cs",32,"spatial-member","private Vector2 _scrollShips;"
"Assets/_Project/Editor/Tools/NpcShipScheduleOverviewWindow.cs",38,"spatial-member","private Vector2 _scrollCargo;"
"Assets/_Project/Editor/Tools/NpcWorldInspectorData.cs",31,"spatial-member","public Vector3 position;"
"Assets/_Project/Editor/Tools/NpcWorldInspectorWindow.cs",44,"spatial-member","private Vector2 _scrollFactionList;"
"Assets/_Project/Editor/Tools/NpcWorldInspectorWindow.cs",45,"spatial-member","private Vector2 _scrollFactionDetail;"
"Assets/_Project/Editor/Tools/NpcWorldInspectorWindow.cs",49,"spatial-member","private Vector2 _scrollNpcs;"
"Assets/_Project/Editor/Tools/NpcWorldInspectorWindow.cs",50,"spatial-member","private Vector2 _scrollDb;"
"Assets/_Project/Editor/Tools/NpcWorldInspectorWindow.cs",289,"position-access","entry.position.x:F0},{entry.position.y:F0},{entry.position.z:F0}"","
"Assets/_Project/Editor/Tools/NpcWorldInspectorWindow.cs",807,"position-access","transform.position,"
"Assets/_Project/Editor/Tools/NpcWorldInspectorWindow.cs",859,"position-access","transform.position,"
"Assets/_Project/Editor/Tools/NpcWorldInspectorWindow.cs",916,"position-access","transform.position,"
"Assets/_Project/Editor/Tools/NpcWorldInspectorWindow.cs",976,"position-access","transform.position,"
"Assets/_Project/Editor/Tools/NpcWorldInspectorWindow.cs",1074,"position-access","transform.position, entry.position) < 0.1f)"
"Assets/_Project/Editor/_Editor_Temp/ReskinFemalePilot.cs",19,"lifecycle-placement","Instantiate(srcPrefab);"
"Assets/_Project/Editor/_Editor_Temp/ReskinFemalePilot.cs",20,"lifecycle-placement","Instantiate(tgtPrefab);"
"Assets/_Project/Items/Client/InventoryClientState.cs",63,"lifecycle-placement","DontDestroyOnLoad(gameObject);"
"Assets/_Project/Items/Dto/InventoryItemDto.cs",7,"network-serialization","INetworkSerializable для одного stack'а в инвентаре."
"Assets/_Project/Items/Dto/InventoryItemDto.cs",27,"network-serialization","INetworkSerializable, IEquatable<InventoryItemDto>"
"Assets/_Project/Items/Dto/InventoryItemDto.cs",36,"network-serialization","NetworkSerialize<T>(BufferSerializer<T> serializer) where T : IReaderWriter"
"Assets/_Project/Items/Dto/InventoryItemDto.cs",38,"network-serialization","SerializeValue(ref itemId);"
"Assets/_Project/Items/Dto/InventoryItemDto.cs",39,"network-serialization","SerializeValue(ref type);"
"Assets/_Project/Items/Dto/InventoryItemDto.cs",40,"network-serialization","SerializeValue(ref quantity);"
"Assets/_Project/Items/Dto/InventoryItemDto.cs",41,"network-serialization","SerializeValue(ref slotIndex);"
"Assets/_Project/Items/Dto/InventoryItemDto.cs",42,"network-serialization","SerializeValue(ref instanceId);"
"Assets/_Project/Items/Dto/InventoryItemDto.cs",46,"network-serialization","SerializeValue(ref hasName);"
"Assets/_Project/Items/Dto/InventoryItemDto.cs",50,"network-serialization","SerializeValue(ref itemName);"
"Assets/_Project/Items/Dto/InventoryResultDto.cs",33,"network-serialization","INetworkSerializable"
"Assets/_Project/Items/Dto/InventoryResultDto.cs",43,"network-serialization","NetworkSerialize<T>(BufferSerializer<T> serializer) where T : IReaderWriter"
"Assets/_Project/Items/Dto/InventoryResultDto.cs",45,"network-serialization","SerializeValue(ref code);"
"Assets/_Project/Items/Dto/InventoryResultDto.cs",49,"network-serialization","SerializeValue(ref hasMsg);"
"Assets/_Project/Items/Dto/InventoryResultDto.cs",53,"network-serialization","SerializeValue(ref message);"
"Assets/_Project/Items/Dto/InventoryResultDto.cs",60,"network-serialization","SerializeValue(ref itemId);"
"Assets/_Project/Items/Dto/InventoryResultDto.cs",61,"network-serialization","SerializeValue(ref slotIndex);"
"Assets/_Project/Items/Dto/InventoryResultDto.cs",62,"network-serialization","SerializeValue(ref newCredits);"
"Assets/_Project/Items/Dto/InventorySnapshotDto.cs",34,"network-serialization","INetworkSerializable"
"Assets/_Project/Items/Dto/InventorySnapshotDto.cs",41,"network-serialization","NetworkSerialize<T>(BufferSerializer<T> serializer) where T : IReaderWriter"
"Assets/_Project/Items/Dto/InventorySnapshotDto.cs",46,"network-serialization","SerializeValue(ref hasLoc);"
"Assets/_Project/Items/Dto/InventorySnapshotDto.cs",50,"network-serialization","SerializeValue(ref locationId);"
"Assets/_Project/Items/Dto/InventorySnapshotDto.cs",59,"network-serialization","SerializeValue(ref len);"
"Assets/_Project/Items/Dto/InventorySnapshotDto.cs",67,"network-serialization","NetworkSerialize(serializer);"
"Assets/_Project/Items/Dto/InventorySnapshotDto.cs",72,"network-serialization","SerializeValue(ref maxSlots);"
"Assets/_Project/Items/Dto/InventorySnapshotDto.cs",73,"network-serialization","SerializeValue(ref credits);"
"Assets/_Project/Items/Network/InventoryServer.cs",88,"spatial-rpc-signature","public void RequestPickupRpc(int itemId, byte typeByte, int instanceId, Vector3 worldPos, RpcParams rpcParams = default)"
"Assets/_Project/Items/Network/InventoryServer.cs",140,"spatial-rpc-signature","public void RequestDropRpc(int slotIndex, int quantity, Vector3 worldPos, Vector3 playerPos, RpcParams rpcParams = default)"
"Assets/_Project/Items/Network/InventoryServer.cs",107,"position-access","transform.position;"
"Assets/_Project/Items/Network/InventoryServer.cs",161,"lifecycle-placement","Instantiate(_dropPickupPrefab, worldPos, Quaternion.identity);"
"Assets/_Project/Quests/Bridges/ContractMetaBridge.cs",39,"lifecycle-placement","DontDestroyOnLoad(gameObject);"
"Assets/_Project/Quests/Client/QuestClientState.cs",50,"lifecycle-placement","DontDestroyOnLoad(gameObject);"
"Assets/_Project/Quests/Client/QuestClientState.cs",160,"lifecycle-placement","DontDestroyOnLoad(go);"
"Assets/_Project/Quests/Core/QuestWorld.cs",1086,"position-access","transform.position lookup."
"Assets/_Project/Quests/Dto/DialogStepDto.cs",2,"network-serialization","INetworkSerializable."
"Assets/_Project/Quests/Dto/DialogStepDto.cs",8,"network-serialization","INetworkSerializable"
"Assets/_Project/Quests/Dto/DialogStepDto.cs",18,"network-serialization","NetworkSerialize<T>(BufferSerializer<T> s) where T : IReaderWriter"
"Assets/_Project/Quests/Dto/DialogStepDto.cs",27,"network-serialization","SerializeValue(ref tree);"
"Assets/_Project/Quests/Dto/DialogStepDto.cs",28,"network-serialization","SerializeValue(ref node);"
"Assets/_Project/Quests/Dto/DialogStepDto.cs",29,"network-serialization","SerializeValue(ref npc);"
"Assets/_Project/Quests/Dto/DialogStepDto.cs",30,"network-serialization","SerializeValue(ref npcName);"
"Assets/_Project/Quests/Dto/DialogStepDto.cs",31,"network-serialization","SerializeValue(ref text);"
"Assets/_Project/Quests/Dto/DialogStepDto.cs",33,"network-serialization","SerializeValue(ref isEnd);"
"Assets/_Project/Quests/Dto/DialogStepDto.cs",40,"network-serialization","SerializeValue(ref len);"
"Assets/_Project/Quests/Dto/DialogStepDto.cs",45,"network-serialization","NetworkSerialize(s);"
"Assets/_Project/Quests/Dto/DialogStepDto.cs",51,"network-serialization","INetworkSerializable"
"Assets/_Project/Quests/Dto/DialogStepDto.cs",58,"network-serialization","NetworkSerialize<T>(BufferSerializer<T> s) where T : IReaderWriter"
"Assets/_Project/Quests/Dto/DialogStepDto.cs",61,"network-serialization","SerializeValue local var содержит значение,"
"Assets/_Project/Quests/Dto/DialogStepDto.cs",66,"network-serialization","SerializeValue(ref lbl);"
"Assets/_Project/Quests/Dto/DialogStepDto.cs",67,"network-serialization","SerializeValue(ref reason);"
"Assets/_Project/Quests/Dto/DialogStepDto.cs",70,"network-serialization","SerializeValue(ref index);"
"Assets/_Project/Quests/Dto/DialogStepDto.cs",71,"network-serialization","SerializeValue(ref available);"
"Assets/_Project/Quests/Dto/DialogStepDto.cs",75,"network-serialization","INetworkSerializable"
"Assets/_Project/Quests/Dto/DialogStepDto.cs",83,"network-serialization","NetworkSerialize<T>(BufferSerializer<T> s) where T : IReaderWriter"
"Assets/_Project/Quests/Dto/DialogStepDto.cs",89,"network-serialization","SerializeValue(ref err);"
"Assets/_Project/Quests/Dto/DialogStepDto.cs",90,"network-serialization","SerializeValue(ref dat);"
"Assets/_Project/Quests/Dto/DialogStepDto.cs",92,"network-serialization","SerializeValue(ref actionType);"
"Assets/_Project/Quests/Dto/DialogStepDto.cs",93,"network-serialization","SerializeValue(ref success);"
"Assets/_Project/Quests/Dto/DialogStepDto.cs",94,"network-serialization","SerializeValue(ref intParam);"
"Assets/_Project/Quests/Dto/QuestProgressDto.cs",10,"network-serialization","INetworkSerializable"
"Assets/_Project/Quests/Dto/QuestProgressDto.cs",19,"network-serialization","NetworkSerialize<T>(BufferSerializer<T> s) where T : IReaderWriter"
"Assets/_Project/Quests/Dto/QuestProgressDto.cs",21,"network-serialization","SerializeValue(ref questId);"
"Assets/_Project/Quests/Dto/QuestProgressDto.cs",22,"network-serialization","SerializeValue(ref displayName);"
"Assets/_Project/Quests/Dto/QuestProgressDto.cs",23,"network-serialization","SerializeValue(ref state);"
"Assets/_Project/Quests/Dto/QuestProgressDto.cs",24,"network-serialization","SerializeValue(ref currentStageId);"
"Assets/_Project/Quests/Dto/QuestProgressDto.cs",25,"network-serialization","SerializeValue(ref isTracked);"
"Assets/_Project/Quests/Dto/QuestProgressDto.cs",32,"network-serialization","SerializeValue(ref len);"
"Assets/_Project/Quests/Dto/QuestProgressDto.cs",37,"network-serialization","NetworkSerialize(s);"
"Assets/_Project/Quests/Dto/QuestProgressDto.cs",44,"network-serialization","INetworkSerializable"
"Assets/_Project/Quests/Dto/QuestProgressDto.cs",52,"network-serialization","NetworkSerialize<T>(BufferSerializer<T> s) where T : IReaderWriter"
"Assets/_Project/Quests/Dto/QuestProgressDto.cs",54,"network-serialization","SerializeValue(ref objectiveId);"
"Assets/_Project/Quests/Dto/QuestProgressDto.cs",55,"network-serialization","SerializeValue(ref description);"
"Assets/_Project/Quests/Dto/QuestProgressDto.cs",56,"network-serialization","SerializeValue(ref completed);"
"Assets/_Project/Quests/Dto/QuestProgressDto.cs",57,"network-serialization","SerializeValue(ref currentValue);"
"Assets/_Project/Quests/Dto/QuestProgressDto.cs",58,"network-serialization","SerializeValue(ref requiredQuantity);"
"Assets/_Project/Quests/Dto/QuestResultDto.cs",20,"network-serialization","INetworkSerializable"
"Assets/_Project/Quests/Dto/QuestResultDto.cs",26,"network-serialization","NetworkSerialize<T>(BufferSerializer<T> s) where T : IReaderWriter"
"Assets/_Project/Quests/Dto/QuestResultDto.cs",28,"network-serialization","SerializeValue(ref code);"
"Assets/_Project/Quests/Dto/QuestResultDto.cs",29,"network-serialization","SerializeValue(ref questId);"
"Assets/_Project/Quests/Dto/QuestResultDto.cs",30,"network-serialization","SerializeValue(ref message);"
"Assets/_Project/Quests/Dto/QuestResultDto.cs",42,"network-serialization","INetworkSerializable"
"Assets/_Project/Quests/Dto/QuestResultDto.cs",50,"network-serialization","NetworkSerialize<T>(BufferSerializer<T> s) where T : IReaderWriter"
"Assets/_Project/Quests/Dto/QuestResultDto.cs",52,"network-serialization","SerializeValue(ref code);"
"Assets/_Project/Quests/Dto/QuestResultDto.cs",53,"network-serialization","SerializeValue(ref faction);"
"Assets/_Project/Quests/Dto/QuestResultDto.cs",54,"network-serialization","SerializeValue(ref newValue);"
"Assets/_Project/Quests/Dto/QuestResultDto.cs",55,"network-serialization","SerializeValue(ref delta);"
"Assets/_Project/Quests/Dto/QuestResultDto.cs",56,"network-serialization","SerializeValue(ref message);"
"Assets/_Project/Quests/Dto/QuestSnapshotDto.cs",12,"network-serialization","INetworkSerializable"
"Assets/_Project/Quests/Dto/QuestSnapshotDto.cs",20,"network-serialization","NetworkSerialize<T>(BufferSerializer<T> s) where T : IReaderWriter"
"Assets/_Project/Quests/Dto/QuestSnapshotDto.cs",29,"network-serialization","SerializeValue(ref len);"
"Assets/_Project/Quests/Dto/QuestSnapshotDto.cs",34,"network-serialization","NetworkSerialize(s);"
"Assets/_Project/Quests/Dto/QuestSnapshotDto.cs",42,"network-serialization","SerializeValue(ref len);"
"Assets/_Project/Quests/Dto/QuestSnapshotDto.cs",47,"network-serialization","SerializeValue(ref v);"
"Assets/_Project/Quests/Dto/ReputationSnapshotDto.cs",9,"network-serialization","INetworkSerializable"
"Assets/_Project/Quests/Dto/ReputationSnapshotDto.cs",14,"network-serialization","NetworkSerialize<T>(BufferSerializer<T> s) where T : IReaderWriter"
"Assets/_Project/Quests/Dto/ReputationSnapshotDto.cs",17,"network-serialization","SerializeValue(ref len);"
"Assets/_Project/Quests/Dto/ReputationSnapshotDto.cs",22,"network-serialization","NetworkSerialize(s);"
"Assets/_Project/Quests/Dto/ReputationSnapshotDto.cs",27,"network-serialization","SerializeValue(ref knownLen);"
"Assets/_Project/Quests/Dto/ReputationSnapshotDto.cs",32,"network-serialization","SerializeValue(ref val);"
"Assets/_Project/Quests/Dto/ReputationSnapshotDto.cs",38,"network-serialization","INetworkSerializable"
"Assets/_Project/Quests/Dto/ReputationSnapshotDto.cs",43,"network-serialization","NetworkSerialize<T>(BufferSerializer<T> s) where T : IReaderWriter"
"Assets/_Project/Quests/Dto/ReputationSnapshotDto.cs",45,"network-serialization","SerializeValue(ref faction);"
"Assets/_Project/Quests/Dto/ReputationSnapshotDto.cs",46,"network-serialization","SerializeValue(ref value);"
"Assets/_Project/Quests/Dto/ReputationSnapshotDto.cs",50,"network-serialization","INetworkSerializable"
"Assets/_Project/Quests/Dto/ReputationSnapshotDto.cs",55,"network-serialization","NetworkSerialize<T>(BufferSerializer<T> s) where T : IReaderWriter"
"Assets/_Project/Quests/Dto/ReputationSnapshotDto.cs",58,"network-serialization","SerializeValue(ref len);"
"Assets/_Project/Quests/Dto/ReputationSnapshotDto.cs",63,"network-serialization","NetworkSerialize(s);"
"Assets/_Project/Quests/Dto/ReputationSnapshotDto.cs",68,"network-serialization","SerializeValue(ref knownLen);"
"Assets/_Project/Quests/Dto/ReputationSnapshotDto.cs",73,"network-serialization","SerializeValue(ref val);"
"Assets/_Project/Quests/Dto/ReputationSnapshotDto.cs",79,"network-serialization","INetworkSerializable"
"Assets/_Project/Quests/Dto/ReputationSnapshotDto.cs",84,"network-serialization","NetworkSerialize<T>(BufferSerializer<T> s) where T : IReaderWriter"
"Assets/_Project/Quests/Dto/ReputationSnapshotDto.cs",86,"network-serialization","SerializeValue(ref npcId);"
"Assets/_Project/Quests/Dto/ReputationSnapshotDto.cs",87,"network-serialization","SerializeValue(ref value);"
"Assets/_Project/Quests/Editor/GraphNodes.cs",334,"spatial-member","private Vector2 _scroll;"
"Assets/_Project/Quests/Editor/QuestDatabaseWindow.cs",111,"position-access","style.position = Position.Absolute;"
"Assets/_Project/Quests/Editor/QuestGraphView.cs",23,"spatial-member","private Vector2 _contentOffset = Vector2.zero;"
"Assets/_Project/Quests/Editor/QuestGraphView.cs",28,"spatial-member","private Vector2 _panStart;"
"Assets/_Project/Quests/Editor/QuestGraphView.cs",31,"spatial-member","private Vector2 _dragOffset;"
"Assets/_Project/Quests/Editor/QuestGraphView.cs",380,"spatial-member","private Vector2 ToScreen(Vector2 world)"
"Assets/_Project/Quests/Editor/QuestGraphView.cs",48,"position-access","style.position = Position.Absolute;"
"Assets/_Project/Quests/Editor/QuestGraphView.cs",81,"position-access","layout.position;"
"Assets/_Project/Quests/Editor/QuestGraphView.cs",151,"position-access","style.position = Position.Absolute;"
"Assets/_Project/Quests/Editor/QuestGraphWindow.cs",87,"position-access","style.position = Position.Absolute;"
"Assets/_Project/Quests/Editor/QuestNodeGraphView.cs",839,"position-access","newPos.position;"
"Assets/_Project/Quests/Editor/UnifiedQuestGraphView.cs",487,"position-access","style.position = Position.Absolute; _status.style.bottom = 4; _status.style.left = 6;"
"Assets/_Project/Quests/Network/QuestServer.cs",431,"spatial-member","private Vector3 GetPlayerPosition(ulong clientId)"
"Assets/_Project/Quests/Network/QuestServer.cs",435,"position-access","transform.position;"
"Assets/_Project/Quests/Network/QuestServer.cs",502,"position-access","transform.position, playerPos):F2}m, max={npcCtrl.InteractionDistance:F2}m) — rejected"");"
"Assets/_Project/Quests/NpcController.cs",73,"position-access","transform.localPosition = new Vector3(0, 0.5f, 0);"
"Assets/_Project/Quests/NpcController.cs",91,"position-access","transform.localPosition = new Vector3(0, 2.0f, 0);"
"Assets/_Project/Quests/NpcController.cs",152,"position-access","transform.position, playerPosition) <= interactionDistance;"
"Assets/_Project/Quests/NpcController.cs",159,"position-access","transform.position, interactionDistance);"
"Assets/_Project/Quests/Quests/QuestObjective.cs",58,"spatial-member","public Vector3 targetPosition = Vector3.zero;"
"Assets/_Project/Quests/UI/DialogWindow.cs",223,"position-access","style.position = Position.Absolute;"
"Assets/_Project/Quests/UI/QuestToast.cs",97,"position-access","style.position = Position.Absolute;"
"Assets/_Project/Quests/UI/QuestToast.cs",49,"lifecycle-placement","DontDestroyOnLoad(gameObject);"
"Assets/_Project/Quests/UI/QuestTracker.cs",144,"position-access","style.position = Position.Absolute;"
"Assets/_Project/Quests/UI/QuestTracker.cs",84,"lifecycle-placement","DontDestroyOnLoad(gameObject);"
"Assets/_Project/Reputation/NpcAttitudeClientState.cs",45,"lifecycle-placement","DontDestroyOnLoad(gameObject);"
"Assets/_Project/Reputation/ReputationClientState.cs",45,"lifecycle-placement","DontDestroyOnLoad(gameObject);"
"Assets/_Project/Scripts/AI/CoverPoint.cs",48,"physics-query","Physics.OverlapSphere(transform.position + standOffset, occupyRadius);"
"Assets/_Project/Scripts/AI/CoverPoint.cs",34,"spatial-member","public Vector3 standOffset = Vector3.zero;"
"Assets/_Project/Scripts/AI/CoverPoint.cs",37,"spatial-member","public Vector3 lookDirection = Vector3.forward;"
"Assets/_Project/Scripts/AI/CoverPoint.cs",62,"spatial-member","public Vector3 StandPosition => transform.position + transform.TransformDirection(standOffset);"
"Assets/_Project/Scripts/AI/CoverPoint.cs",65,"spatial-member","public Vector3 LookDirectionWorld => transform.TransformDirection(lookDirection.normalized);"
"Assets/_Project/Scripts/AI/CoverPoint.cs",48,"position-access","transform.position + standOffset, occupyRadius);"
"Assets/_Project/Scripts/AI/CoverPoint.cs",62,"position-access","transform.position + transform.TransformDirection(standOffset);"
"Assets/_Project/Scripts/AI/CoverPoint.cs",80,"position-access","transform.position + transform.TransformDirection(standOffset);"
"Assets/_Project/Scripts/AI/CoverPoint.cs",85,"position-access","transform.position, standPos);"
"Assets/_Project/Scripts/AI/CoverPoint.cs",94,"position-access","transform.position, 0.15f);"
"Assets/_Project/Scripts/AI/NpcBrain.cs",20,"navigation","NavMeshAgent (server-authoritative, replicates via NetworkTransform)."
"Assets/_Project/Scripts/AI/NpcBrain.cs",54,"navigation","NavMeshAgent))]"
"Assets/_Project/Scripts/AI/NpcBrain.cs",127,"navigation","NavMeshAgent при патруле/chase."")]"
"Assets/_Project/Scripts/AI/NpcBrain.cs",131,"navigation","NavMeshAgent (0.5-1.0)."")]"
"Assets/_Project/Scripts/AI/NpcBrain.cs",182,"navigation","NavMeshAgent _agent;"
"Assets/_Project/Scripts/AI/NpcBrain.cs",199,"navigation","NavMeshAgent _proxyAgent;"
"Assets/_Project/Scripts/AI/NpcBrain.cs",354,"navigation","NavMeshAgent.updatePosition"
"Assets/_Project/Scripts/AI/NpcBrain.cs",370,"navigation","NavMeshAgent>();"
"Assets/_Project/Scripts/AI/NpcBrain.cs",640,"navigation","NavMeshAgent если нет зарегистрированного навмеша палубы."
"Assets/_Project/Scripts/AI/NpcBrain.cs",641,"navigation","NavMeshAgent.AddComponent при отсутствии навмеша спамит ""no valid NavMesh""."
"Assets/_Project/Scripts/AI/NpcBrain.cs",647,"navigation","NavMeshAgent>();"
"Assets/_Project/Scripts/AI/NpcBrain.cs",675,"navigation","NavMesh.SamplePosition(navPos, out hit, radii[i], NavMesh.AllAreas))"
"Assets/_Project/Scripts/AI/NpcBrain.cs",691,"navigation","NavMesh.SamplePosition(navPos, out probe, _deckNavWarnProbeRadius, NavMesh.AllAreas))"
"Assets/_Project/Scripts/AI/NpcBrain.cs",185,"spatial-member","private Vector3 _spawnPoint;"
"Assets/_Project/Scripts/AI/NpcBrain.cs",193,"spatial-member","private Vector3 _rideLastPos;"
"Assets/_Project/Scripts/AI/NpcBrain.cs",202,"spatial-member","private Vector3 _proxyLastPos;"
"Assets/_Project/Scripts/AI/NpcBrain.cs",314,"spatial-member","public Vector3 SpawnPoint => _spawnPoint;"
"Assets/_Project/Scripts/AI/NpcBrain.cs",1041,"spatial-member","private Vector3 CalculateThrowTarget(float throwRange)"
"Assets/_Project/Scripts/AI/NpcBrain.cs",279,"position-access","_ridePlatform.position;"
"Assets/_Project/Scripts/AI/NpcBrain.cs",372,"position-access","transform.position;"
"Assets/_Project/Scripts/AI/NpcBrain.cs",552,"position-access","transform.position + Vector3.up * _platformProbeUp;"
"Assets/_Project/Scripts/AI/NpcBrain.cs",569,"position-access","platform.position;"
"Assets/_Project/Scripts/AI/NpcBrain.cs",575,"position-access","transform.position, _rideLastPos, _rideLastRot, _carryYaw, out float deltaYaw);"
"Assets/_Project/Scripts/AI/NpcBrain.cs",577,"position-access","transform.position += deltaPos;"
"Assets/_Project/Scripts/AI/NpcBrain.cs",581,"position-access","platform.position;"
"Assets/_Project/Scripts/AI/NpcBrain.cs",588,"position-access","platform.position;"
"Assets/_Project/Scripts/AI/NpcBrain.cs",634,"position-access","transform.position);"
"Assets/_Project/Scripts/AI/NpcBrain.cs",667,"position-access","transform.localPosition : _deckNav.WorldToDeckLocal(transform.position);"
"Assets/_Project/Scripts/AI/NpcBrain.cs",684,"position-access","hit.position);"
"Assets/_Project/Scripts/AI/NpcBrain.cs",692,"position-access","probe.position);"
"Assets/_Project/Scripts/AI/NpcBrain.cs",698,"position-access","transform.position;"
"Assets/_Project/Scripts/AI/NpcBrain.cs",719,"position-access","transform.position - _proxyLastPos;"
"Assets/_Project/Scripts/AI/NpcBrain.cs",720,"position-access","transform.position;"
"Assets/_Project/Scripts/AI/NpcBrain.cs",724,"position-access","transform.localPosition += proxyDelta;"
"Assets/_Project/Scripts/AI/NpcBrain.cs",735,"position-access","transform.position += worldDelta;"
"Assets/_Project/Scripts/AI/NpcBrain.cs",772,"position-access","transform.position - fromPosition).normalized;"
"Assets/_Project/Scripts/AI/NpcBrain.cs",773,"position-access","transform.position + fleeDir * _forceFleeDistance;"
"Assets/_Project/Scripts/AI/NpcBrain.cs",804,"position-access","transform.position, _spawnPoint);"
"Assets/_Project/Scripts/AI/NpcBrain.cs",866,"position-access","transform.position, _aggroTarget.GetPosition()) > aggroRange) { _aggroTarget = null; return; }"
"Assets/_Project/Scripts/AI/NpcBrain.cs",882,"position-access","transform.position, targetPos);"
"Assets/_Project/Scripts/AI/NpcBrain.cs",921,"position-access","transform.position, _aggroTarget.GetPosition());"
"Assets/_Project/Scripts/AI/NpcBrain.cs",985,"position-access","transform.position, targetPoint,"
"Assets/_Project/Scripts/AI/NpcBrain.cs",996,"position-access","transform.position, targetPoint) / _throwArcSpeed;"
"Assets/_Project/Scripts/AI/NpcBrain.cs",998,"position-access","transform.position, targetPoint, flightTime,"
"Assets/_Project/Scripts/AI/NpcBrain.cs",1030,"position-access","transform.position + Vector3.up * 1.2f);"
"Assets/_Project/Scripts/AI/NpcBrain.cs",1043,"position-access","transform.position;"
"Assets/_Project/Scripts/AI/NpcBrain.cs",1279,"position-access","transform.position - transform.position).sqrMagnitude;"
"Assets/_Project/Scripts/AI/NpcBrain.cs",1293,"position-access","transform.position;"
"Assets/_Project/Scripts/AI/NpcBrain.cs",1303,"position-access","transform.position - myPos).sqrMagnitude;"
"Assets/_Project/Scripts/AI/NpcBrain.cs",1318,"position-access","transform.position - myPos).sqrMagnitude;"
"Assets/_Project/Scripts/AI/NpcBrain.cs",1339,"position-access","transform.position;"
"Assets/_Project/Scripts/AI/NpcBrain.cs",709,"point-conversion","InverseTransformPoint(_aggroTarget.GetPosition())"
"Assets/_Project/Scripts/AI/NpcBrain.cs",177,"lifecycle-placement","TrySetParent (надёжнее carry). Fallback — carry без NetworkObject."")]"
"Assets/_Project/Scripts/AI/NpcBrain.cs",272,"lifecycle-placement","TrySetParent(_explicitShipNetworkObject, true);"
"Assets/_Project/Scripts/AI/NpcBrain.cs",603,"lifecycle-placement","TrySetParent(shipNo, true);"
"Assets/_Project/Scripts/AI/NpcBrain.cs",623,"lifecycle-placement","TrySetParent((Transform)null, true);"
"Assets/_Project/Scripts/AI/NpcGroupController.cs",359,"navigation","NavMeshAgent agent = m.GetComponent<UnityEngine.AI.NavMeshAgent>();"
"Assets/_Project/Scripts/AI/NpcGroupController.cs",387,"navigation","NavMeshAgent agent = m.GetComponent<UnityEngine.AI.NavMeshAgent>();"
"Assets/_Project/Scripts/AI/NpcGroupController.cs",430,"navigation","NavMeshAgent agent = m.GetComponent<UnityEngine.AI.NavMeshAgent>();"
"Assets/_Project/Scripts/AI/NpcGroupController.cs",460,"spatial-member","private Vector3 GetGroupCenter()"
"Assets/_Project/Scripts/AI/NpcGroupController.cs",139,"position-access","transform.position, member.transform.position);"
"Assets/_Project/Scripts/AI/NpcGroupController.cs",235,"position-access","transform.position, member.transform.position);"
"Assets/_Project/Scripts/AI/NpcGroupController.cs",466,"position-access","transform.position; count++; }"
"Assets/_Project/Scripts/AI/NpcGroupController.cs",468,"position-access","transform.position;"
"Assets/_Project/Scripts/AI/NpcLootPickup.cs",52,"spatial-member","private Vector3 _startPosition;"
"Assets/_Project/Scripts/AI/NpcLootPickup.cs",72,"spatial-member","public Vector3 Position => transform.position;"
"Assets/_Project/Scripts/AI/NpcLootPickup.cs",72,"position-access","transform.position;"
"Assets/_Project/Scripts/AI/NpcLootPickup.cs",77,"position-access","transform.position;"
"Assets/_Project/Scripts/AI/NpcLootPickup.cs",108,"position-access","transform.position (carry сам двигает за палубой)."
"Assets/_Project/Scripts/AI/NpcLootPickup.cs",114,"position-access","transform.position = _deckRide.WorldBasePosition + bob;"
"Assets/_Project/Scripts/AI/NpcSocialBrain.cs",1031,"physics-query","Physics.Raycast(checkPos + Vector3.up * coverRaycastUp, Vector3.down, out RaycastHit groundHit, coverThreatFwdDistance, ~0, QueryTriggerInteraction.Ignore))"
"Assets/_Project/Scripts/AI/NpcSocialBrain.cs",1034,"physics-query","Physics.Raycast(groundHit.point, toThreat.normalized, out RaycastHit wallHit, toThreat.magnitude, ~0, QueryTriggerInteraction.Ignore))"
"Assets/_Project/Scripts/AI/NpcSocialBrain.cs",152,"navigation","NavMeshAgent _agent;"
"Assets/_Project/Scripts/AI/NpcSocialBrain.cs",201,"navigation","NavMeshAgent>();"
"Assets/_Project/Scripts/AI/NpcSocialBrain.cs",759,"navigation","NavMesh.SamplePosition(cand, out NavMeshHit hit, wanderRadius, NavMesh.AllAreas))"
"Assets/_Project/Scripts/AI/NpcSocialBrain.cs",1036,"navigation","NavMesh.SamplePosition(groundHit.point, out NavMeshHit navHit, coverNavSampleRadius, NavMesh.AllAreas))"
"Assets/_Project/Scripts/AI/NpcSocialBrain.cs",164,"spatial-member","private Vector3 _wanderTarget;"
"Assets/_Project/Scripts/AI/NpcSocialBrain.cs",168,"spatial-member","private Vector3 _fleeTarget;"
"Assets/_Project/Scripts/AI/NpcSocialBrain.cs",379,"spatial-member","private Vector3 FindNearestAlly()"
"Assets/_Project/Scripts/AI/NpcSocialBrain.cs",1022,"spatial-member","private Vector3? AutoDetectCover()"
"Assets/_Project/Scripts/AI/NpcSocialBrain.cs",271,"position-access","transform.position, o.transform.position);"
"Assets/_Project/Scripts/AI/NpcSocialBrain.cs",303,"position-access","transform.position, client.PlayerObject.transform.position);"
"Assets/_Project/Scripts/AI/NpcSocialBrain.cs",326,"position-access","transform.position, client.PlayerObject.transform.position) <= _brain.aggroRange)"
"Assets/_Project/Scripts/AI/NpcSocialBrain.cs",345,"position-access","transform.position, _fleeTarget) < 2f)"
"Assets/_Project/Scripts/AI/NpcSocialBrain.cs",358,"position-access","transform.position;"
"Assets/_Project/Scripts/AI/NpcSocialBrain.cs",360,"position-access","transform.position, threatPos))"
"Assets/_Project/Scripts/AI/NpcSocialBrain.cs",364,"position-access","transform.position - threatPos).normalized;"
"Assets/_Project/Scripts/AI/NpcSocialBrain.cs",365,"position-access","transform.position + fleeDir * fleeStraightDistance;"
"Assets/_Project/Scripts/AI/NpcSocialBrain.cs",387,"position-access","transform.position - transform.position).sqrMagnitude;"
"Assets/_Project/Scripts/AI/NpcSocialBrain.cs",388,"position-access","transform.position; }"
"Assets/_Project/Scripts/AI/NpcSocialBrain.cs",464,"position-access","anchor.position);"
"Assets/_Project/Scripts/AI/NpcSocialBrain.cs",492,"position-access","transform.position, _socializePartner.transform.position) > socializeSearchRadius)"
"Assets/_Project/Scripts/AI/NpcSocialBrain.cs",496,"position-access","transform.position + _socializePartner.transform.position) * 0.5f;"
"Assets/_Project/Scripts/AI/NpcSocialBrain.cs",497,"position-access","transform.position, midPoint) > socializeApproachThreshold)"
"Assets/_Project/Scripts/AI/NpcSocialBrain.cs",502,"position-access","transform.position); }"
"Assets/_Project/Scripts/AI/NpcSocialBrain.cs",516,"position-access","transform.position - transform.position).sqrMagnitude;"
"Assets/_Project/Scripts/AI/NpcSocialBrain.cs",537,"position-access","anchor.position);"
"Assets/_Project/Scripts/AI/NpcSocialBrain.cs",587,"position-access","anchor.position);"
"Assets/_Project/Scripts/AI/NpcSocialBrain.cs",624,"position-access","transform.position - sp.SitPosition).sqrMagnitude;"
"Assets/_Project/Scripts/AI/NpcSocialBrain.cs",655,"position-access","transform.position, sleepTarget.Value) > arrivalDist)"
"Assets/_Project/Scripts/AI/NpcSocialBrain.cs",704,"position-access","transform.position, tgt) < patrolArrivalDist)"
"Assets/_Project/Scripts/AI/NpcSocialBrain.cs",756,"position-access","wanderAnchor.position : _brain.SpawnPoint;"
"Assets/_Project/Scripts/AI/NpcSocialBrain.cs",761,"position-access","hit.position;"
"Assets/_Project/Scripts/AI/NpcSocialBrain.cs",772,"position-access","transform.position; dir.y = 0;"
"Assets/_Project/Scripts/AI/NpcSocialBrain.cs",866,"position-access","transform.position, m.transform.position) > allyDeathRadius) continue;"
"Assets/_Project/Scripts/AI/NpcSocialBrain.cs",916,"position-access","transform.position, m.transform.position) > 15f) continue;"
"Assets/_Project/Scripts/AI/NpcSocialBrain.cs",929,"position-access","transform.position, o.transform.position) > 15f) continue;"
"Assets/_Project/Scripts/AI/NpcSocialBrain.cs",990,"position-access","transform.position, _brain.aggroRange);"
"Assets/_Project/Scripts/AI/NpcSocialBrain.cs",1002,"position-access","transform.position, cp.StandPosition);"
"Assets/_Project/Scripts/AI/NpcSocialBrain.cs",1024,"position-access","transform.position + transform.forward * coverThreatFwdDistance;"
"Assets/_Project/Scripts/AI/NpcSocialBrain.cs",1025,"position-access","transform.position - threatPos).normalized;"
"Assets/_Project/Scripts/AI/NpcSocialBrain.cs",1030,"position-access","transform.position + dir * coverSeekRadius * 0.7f;"
"Assets/_Project/Scripts/AI/NpcSocialBrain.cs",1037,"position-access","navHit.position;"
"Assets/_Project/Scripts/AI/NpcSocialBrain.cs",1060,"position-access","transform.position, m.transform.position) <= surrenderAllyRadius) { hasNearbyAlly = true; break; } }"
"Assets/_Project/Scripts/AI/NpcSocialBrain.cs",1098,"position-access","transform.position, _brain.SpawnPoint) > 2f) _agent.SetDestination(_brain.SpawnPoint);"
"Assets/_Project/Scripts/AI/NpcSocialBrain.cs",1122,"position-access","transform.position, m.transform.position) <= allyDeathRadius) return true; }"
"Assets/_Project/Scripts/AI/NpcSocialBrain.cs",1136,"position-access","transform.position - transform.position).sqrMagnitude;"
"Assets/_Project/Scripts/AI/NpcSpawner.cs",640,"physics-query","Physics.Raycast(rayOrigin, Vector3.down,"
"Assets/_Project/Scripts/AI/NpcSpawner.cs",50,"position-access","transform.position спавнера)."")]"
"Assets/_Project/Scripts/AI/NpcSpawner.cs",267,"position-access","transform.position - other.transform.position).sqrMagnitude <= radiusSq)"
"Assets/_Project/Scripts/AI/NpcSpawner.cs",330,"position-access","_anchor.position : transform.position;"
"Assets/_Project/Scripts/AI/NpcSpawner.cs",333,"position-access","transform.position);"
"Assets/_Project/Scripts/AI/NpcSpawner.cs",355,"position-access","transform.position):F1}, alive={_spawned.Count}/{_maxAlive}, cycleTotal={_totalSpawnedThisCycle}/{effectiveLimit})"");"
"Assets/_Project/Scripts/AI/NpcSpawner.cs",621,"position-access","_anchor.position : transform.position;"
"Assets/_Project/Scripts/AI/NpcSpawner.cs",626,"position-access","transform.position - myPos).sqrMagnitude;"
"Assets/_Project/Scripts/AI/NpcSpawner.cs",661,"position-access","transform.position - pos).sqrMagnitude < minDistSq) return true;"
"Assets/_Project/Scripts/AI/NpcSpawner.cs",667,"position-access","transform.position - pos).sqrMagnitude < minDistSq) return true;"
"Assets/_Project/Scripts/AI/NpcSpawner.cs",373,"lifecycle-placement","Instantiate(_prefab, spawnPos, Quaternion.identity);"
"Assets/_Project/Scripts/AI/NpcVisualApplier.cs",47,"lifecycle-placement","Instantiate (когда уже"
"Assets/_Project/Scripts/AI/NpcVisualConfig.cs",40,"navigation","NavMeshAgent)"")]"
"Assets/_Project/Scripts/AI/SitPoint.cs",30,"physics-query","Physics.OverlapSphere(transform.position, occupyRadius);"
"Assets/_Project/Scripts/AI/SitPoint.cs",45,"spatial-member","public Vector3 sitForward = Vector3.forward;"
"Assets/_Project/Scripts/AI/SitPoint.cs",49,"spatial-member","public Vector3 SitPosition => transform.position;"
"Assets/_Project/Scripts/AI/SitPoint.cs",30,"position-access","transform.position, occupyRadius);"
"Assets/_Project/Scripts/AI/SitPoint.cs",49,"position-access","transform.position;"
"Assets/_Project/Scripts/AI/SitPoint.cs",56,"position-access","transform.position, occupyRadius * 0.3f);"
"Assets/_Project/Scripts/AI/SitPoint.cs",57,"position-access","transform.position, new Vector3(0.6f, 0.4f, 0.6f));"
"Assets/_Project/Scripts/AI/SitPoint.cs",59,"position-access","transform.position, SitRotation * Vector3.forward * 0.5f);"
"Assets/_Project/Scripts/AI/ThreatAssessment.cs",60,"position-access","transform.position;"
"Assets/_Project/Scripts/AI/ThreatAssessment.cs",96,"position-access","transform.position - origin).sqrMagnitude <= rangeSq)"
"Assets/_Project/Scripts/AI/ThreatAssessment.cs",115,"position-access","transform.position - origin).sqrMagnitude;"
"Assets/_Project/Scripts/AI/ThreatAssessment.cs",137,"position-access","transform.position - origin).sqrMagnitude;"
"Assets/_Project/Scripts/AI/ThreatAssessment.cs",151,"position-access","transform.position - origin).sqrMagnitude;"
"Assets/_Project/Scripts/AI/VengeanceMemory.cs",61,"lifecycle-placement","DontDestroyOnLoad(gameObject);"
"Assets/_Project/Scripts/Combat/Client/CombatClientState.cs",38,"lifecycle-placement","DontDestroyOnLoad(gameObject);"
"Assets/_Project/Scripts/Combat/Client/DamageNumberInstance.cs",29,"spatial-member","private Vector3 _baseScale = new Vector3(0.01f, 0.01f, 0.01f);"
"Assets/_Project/Scripts/Combat/Client/DamageNumberInstance.cs",34,"spatial-member","private Vector3 _baseScaleActual;"
"Assets/_Project/Scripts/Combat/Client/DamageNumberInstance.cs",76,"position-access","transform.position = worldPos;"
"Assets/_Project/Scripts/Combat/Client/DamageNumberInstance.cs",111,"position-access","transform.position = startPos + Vector3.up * config.floatSpeed * elapsed;"
"Assets/_Project/Scripts/Combat/Client/DamageNumberInstance.cs",137,"position-access","cam.position, transform.position);"
"Assets/_Project/Scripts/Combat/Client/DamageNumberService.cs",144,"spatial-member","private Vector3 GetTargetPosition(ulong targetId)"
"Assets/_Project/Scripts/Combat/Client/DamageNumberService.cs",152,"position-access","transform.position;"
"Assets/_Project/Scripts/Combat/Client/DamageNumberService.cs",159,"position-access","transform.position;"
"Assets/_Project/Scripts/Combat/Client/DamageNumberService.cs",49,"lifecycle-placement","DontDestroyOnLoad(gameObject);"
"Assets/_Project/Scripts/Combat/Client/DamageNumberService.cs",172,"lifecycle-placement","Instantiate(_prefab, transform);"
"Assets/_Project/Scripts/Combat/Client/DamageNumberService.cs",191,"lifecycle-placement","Instantiate(_prefab, transform);"
"Assets/_Project/Scripts/Combat/Client/ProjectileVisual.cs",26,"spatial-member","private Vector3 _start;"
"Assets/_Project/Scripts/Combat/Client/ProjectileVisual.cs",27,"spatial-member","private Vector3 _end;"
"Assets/_Project/Scripts/Combat/Client/ProjectileVisual.cs",4,"position-access","attacker.position → target.position с destroy по прибытии."
"Assets/_Project/Scripts/Combat/Client/ProjectileVisual.cs",59,"position-access","transform.localPosition = Vector3.zero;"
"Assets/_Project/Scripts/Combat/Client/ProjectileVisual.cs",83,"position-access","transform.position = pos;"
"Assets/_Project/Scripts/Combat/Client/ProjectileVisual.cs",30,"world-space-effects","LineRenderer _trail;"
"Assets/_Project/Scripts/Combat/Client/ProjectileVisual.cs",47,"world-space-effects","LineRenderer)"
"Assets/_Project/Scripts/Combat/Client/ProjectileVisual.cs",48,"world-space-effects","LineRenderer>();"
"Assets/_Project/Scripts/Combat/Client/TargetHighlightService.cs",40,"lifecycle-placement","DontDestroyOnLoad(gameObject);"
"Assets/_Project/Scripts/Combat/Client/TargetLockService.cs",66,"spatial-member","public Vector3 position;"
"Assets/_Project/Scripts/Combat/Client/TargetLockService.cs",326,"spatial-member","private Vector3 GetPlayerPosition()"
"Assets/_Project/Scripts/Combat/Client/TargetLockService.cs",102,"position-access","transform.position,"
"Assets/_Project/Scripts/Combat/Client/TargetLockService.cs",234,"position-access","transform.position, GetPlayerPosition())"
"Assets/_Project/Scripts/Combat/Client/TargetLockService.cs",261,"position-access","e.position, playerPos);"
"Assets/_Project/Scripts/Combat/Client/TargetLockService.cs",275,"position-access","e.position - playerPos).normalized;"
"Assets/_Project/Scripts/Combat/Client/TargetLockService.cs",299,"position-access","transform.position - playerPos).sqrMagnitude;"
"Assets/_Project/Scripts/Combat/Client/TargetLockService.cs",306,"position-access","transform.position,"
"Assets/_Project/Scripts/Combat/Client/TargetLockService.cs",314,"position-access","transform.position - playerPos).sqrMagnitude;"
"Assets/_Project/Scripts/Combat/Client/TargetLockService.cs",321,"position-access","transform.position,"
"Assets/_Project/Scripts/Combat/Client/TargetLockService.cs",329,"position-access","transform.position : Vector3.zero;"
"Assets/_Project/Scripts/Combat/Client/TargetLockService.cs",79,"lifecycle-placement","DontDestroyOnLoad(gameObject);"
"Assets/_Project/Scripts/Combat/Client/ThrowArcVisual.cs",25,"spatial-member","private Vector3 _start;"
"Assets/_Project/Scripts/Combat/Client/ThrowArcVisual.cs",26,"spatial-member","private Vector3 _end;"
"Assets/_Project/Scripts/Combat/Client/ThrowArcVisual.cs",56,"position-access","transform.localPosition = Vector3.zero;"
"Assets/_Project/Scripts/Combat/Client/ThrowArcVisual.cs",91,"position-access","transform.position = pos;"
"Assets/_Project/Scripts/Combat/Client/ThrowArcVisual.cs",118,"position-access","transform.position = _end;"
"Assets/_Project/Scripts/Combat/Client/ThrowArcVisual.cs",32,"world-space-effects","LineRenderer _trail;"
"Assets/_Project/Scripts/Combat/Client/ThrowArcVisual.cs",66,"world-space-effects","LineRenderer>();"
"Assets/_Project/Scripts/Combat/Core/DamageResult.cs",49,"spatial-member","public Vector3 attackerPosition;"
"Assets/_Project/Scripts/Combat/Core/DamageResult.cs",50,"spatial-member","public Vector3 targetPosition;"
"Assets/_Project/Scripts/Combat/Core/TargetingService.cs",55,"physics-query","Physics.Raycast(origin, direction, out RaycastHit hit, maxDistance, mask, QueryTriggerInteraction.Ignore))"
"Assets/_Project/Scripts/Combat/Core/TargetingService.cs",177,"physics-query","Physics.OverlapSphere(origin, length, mask, QueryTriggerInteraction.Ignore);"
"Assets/_Project/Scripts/Combat/Core/TargetingService.cs",203,"physics-query","Physics.OverlapSphere(origin, radius, mask, QueryTriggerInteraction.Ignore);"
"Assets/_Project/Scripts/Combat/Core/TargetingService.cs",228,"physics-query","Physics.OverlapCapsule(origin, origin + forward * length, radius, mask, QueryTriggerInteraction.Ignore);"
"Assets/_Project/Scripts/Combat/Core/TargetingService.cs",257,"physics-query","Physics.OverlapBox(center, halfExtents, rot, mask, QueryTriggerInteraction.Ignore);"
"Assets/_Project/Scripts/Combat/Core/TargetingService.cs",81,"position-access","transform.position, cam.transform.forward, maxDistance, mask, out target, out hitPoint);"
"Assets/_Project/Scripts/Combat/Core/TargetingService.cs",85,"position-access","fallbackTransform.position, fallbackTransform.forward, maxDistance, mask, out target, out hitPoint);"
"Assets/_Project/Scripts/Combat/Core/TargetingService.cs",89,"position-access","transform.position + transform.forward."
"Assets/_Project/Scripts/Combat/Core/TargetingService.cs",102,"position-access","originTransform.position, originTransform.forward, maxDistance, mask, out target, out hitPoint);"
"Assets/_Project/Scripts/Combat/Implementations/NpcAttacker.cs",83,"spatial-member","public Vector3 GetPosition() => transform.position;"
"Assets/_Project/Scripts/Combat/Implementations/NpcAttacker.cs",83,"position-access","transform.position;"
"Assets/_Project/Scripts/Combat/Implementations/NpcTarget.cs",2,"network-variable","NetworkVariable<int> HP."
"Assets/_Project/Scripts/Combat/Implementations/NpcTarget.cs",21,"network-variable","NetworkVariable<int> _currentHp = new NetworkVariable<int>(30)"
"Assets/_Project/Scripts/Combat/Implementations/NpcTarget.cs",22,"network-variable","NetworkVariable<int> _maxHp = new NetworkVariable<int>(30)"
"Assets/_Project/Scripts/Combat/Implementations/NpcTarget.cs",83,"spatial-member","public Vector3 GetPosition() => transform.position;"
"Assets/_Project/Scripts/Combat/Implementations/NpcTarget.cs",83,"position-access","transform.position;"
"Assets/_Project/Scripts/Combat/Implementations/NpcTarget.cs",233,"position-access","transform.position + Vector3.up * 0.5f, Quaternion.identity);"
"Assets/_Project/Scripts/Combat/Implementations/NpcTarget.cs",240,"position-access","transform.position = transform.position + Vector3.up * 0.5f;"
"Assets/_Project/Scripts/Combat/Implementations/NpcTarget.cs",246,"position-access","transform.localPosition = Vector3.zero;"
"Assets/_Project/Scripts/Combat/Implementations/NpcTarget.cs",233,"lifecycle-placement","Instantiate(_lootPrefab, transform.position + Vector3.up * 0.5f, Quaternion.identity);"
"Assets/_Project/Scripts/Combat/Implementations/PlayerAttacker.cs",136,"spatial-member","public Vector3 GetPosition() => transform.position;"
"Assets/_Project/Scripts/Combat/Implementations/PlayerAttacker.cs",136,"position-access","transform.position;"
"Assets/_Project/Scripts/Combat/Implementations/PlayerTarget.cs",5,"network-variable","NetworkVariable<int>. ApplyDamage — server-only."
"Assets/_Project/Scripts/Combat/Implementations/PlayerTarget.cs",24,"network-variable","NetworkVariable<int> _currentHp = new NetworkVariable<int>(0)"
"Assets/_Project/Scripts/Combat/Implementations/PlayerTarget.cs",25,"network-variable","NetworkVariable<int> _maxHp = new NetworkVariable<int>(0)"
"Assets/_Project/Scripts/Combat/Implementations/PlayerTarget.cs",150,"spatial-member","public Vector3 GetPosition() => transform.position;"
"Assets/_Project/Scripts/Combat/Implementations/PlayerTarget.cs",150,"position-access","transform.position;"
"Assets/_Project/Scripts/Combat/Network/CombatServer.cs",171,"spatial-rpc-signature","public void RequestSkillCastAtPointRpc(string skillId, Vector3 targetPoint, ulong sourceId, RpcParams rpcParams = default)"
"Assets/_Project/Scripts/Combat/Network/CombatServer.cs",213,"physics-query","Physics.Raycast(attackerPos, toTarget.normalized,"
"Assets/_Project/Scripts/Combat/Network/CombatServer.cs",426,"physics-query","Physics.Raycast(attackerPos, toPreferred.normalized,"
"Assets/_Project/Scripts/Combat/Network/CombatServer.cs",515,"physics-query","Physics.Raycast(attackerPos, toTarget.normalized,"
"Assets/_Project/Scripts/Combat/Network/CombatServer.cs",683,"spatial-member","private static Vector3 ClosestPointOnSegment(Vector3 a, Vector3 b, Vector3 point)"
"Assets/_Project/Scripts/Combat/Network/DamageResultDto.cs",2,"network-serialization","INetworkSerializable структура для передачи DamageResult по сети."
"Assets/_Project/Scripts/Combat/Network/DamageResultDto.cs",13,"network-serialization","INetworkSerializable"
"Assets/_Project/Scripts/Combat/Network/DamageResultDto.cs",36,"network-serialization","NetworkSerialize<T>(BufferSerializer<T> serializer) where T : IReaderWriter"
"Assets/_Project/Scripts/Combat/Network/DamageResultDto.cs",38,"network-serialization","SerializeValue(ref baseAttack);"
"Assets/_Project/Scripts/Combat/Network/DamageResultDto.cs",39,"network-serialization","SerializeValue(ref diceRoll);"
"Assets/_Project/Scripts/Combat/Network/DamageResultDto.cs",40,"network-serialization","SerializeValue(ref strengthContribution);"
"Assets/_Project/Scripts/Combat/Network/DamageResultDto.cs",41,"network-serialization","SerializeValue(ref baseContribution);"
"Assets/_Project/Scripts/Combat/Network/DamageResultDto.cs",42,"network-serialization","SerializeValue(ref locMult);"
"Assets/_Project/Scripts/Combat/Network/DamageResultDto.cs",43,"network-serialization","SerializeValue(ref critMult);"
"Assets/_Project/Scripts/Combat/Network/DamageResultDto.cs",44,"network-serialization","SerializeValue(ref skillMult);"
"Assets/_Project/Scripts/Combat/Network/DamageResultDto.cs",45,"network-serialization","SerializeValue(ref hitChance);"
"Assets/_Project/Scripts/Combat/Network/DamageResultDto.cs",46,"network-serialization","SerializeValue(ref preDefenseDamage);"
"Assets/_Project/Scripts/Combat/Network/DamageResultDto.cs",47,"network-serialization","SerializeValue(ref effectiveDefense);"
"Assets/_Project/Scripts/Combat/Network/DamageResultDto.cs",48,"network-serialization","SerializeValue(ref finalDamage);"
"Assets/_Project/Scripts/Combat/Network/DamageResultDto.cs",49,"network-serialization","SerializeValue(ref isCrit);"
"Assets/_Project/Scripts/Combat/Network/DamageResultDto.cs",50,"network-serialization","SerializeValue(ref isHit);"
"Assets/_Project/Scripts/Combat/Network/DamageResultDto.cs",51,"network-serialization","SerializeValue(ref hitLocation);"
"Assets/_Project/Scripts/Combat/Network/DamageResultDto.cs",52,"network-serialization","SerializeValue(ref damageType);"
"Assets/_Project/Scripts/Combat/Network/DamageResultDto.cs",53,"network-serialization","SerializeValue(ref attackerId);"
"Assets/_Project/Scripts/Combat/Network/DamageResultDto.cs",54,"network-serialization","SerializeValue(ref targetId);"
"Assets/_Project/Scripts/Combat/Network/DamageResultDto.cs",55,"network-serialization","SerializeValue(ref sourceId);"
"Assets/_Project/Scripts/Combat/Network/DamageResultDto.cs",56,"network-serialization","SerializeValue(ref attackerPosition);"
"Assets/_Project/Scripts/Combat/Network/DamageResultDto.cs",57,"network-serialization","SerializeValue(ref targetPosition);"
"Assets/_Project/Scripts/Combat/Network/DamageResultDto.cs",33,"spatial-member","public Vector3 attackerPosition;"
"Assets/_Project/Scripts/Combat/Network/DamageResultDto.cs",34,"spatial-member","public Vector3 targetPosition;"
"Assets/_Project/Scripts/Core/ChestContainer.cs",22,"spatial-member","public Vector3 openRotationOffset = new Vector3(0, 0, -45f);"
"Assets/_Project/Scripts/Core/ChestContainer.cs",23,"spatial-member","public Vector3 openScaleOffset = new Vector3(0.1f, 0.1f, 0.1f);"
"Assets/_Project/Scripts/Core/ChestContainer.cs",26,"spatial-member","private Vector3 _startRotation;"
"Assets/_Project/Scripts/Core/ChestContainer.cs",27,"spatial-member","private Vector3 _startScale;"
"Assets/_Project/Scripts/Core/ChestContainer.cs",34,"spatial-member","public Vector3 Position => transform.position;"
"Assets/_Project/Scripts/Core/ChestContainer.cs",34,"position-access","transform.position;"
"Assets/_Project/Scripts/Core/ChestContainer.cs",131,"position-access","transform.position, openRadius);"
"Assets/_Project/Scripts/Core/CloudLayer.cs",231,"spatial-member","private Vector3 GenerateCloudPosition()"
"Assets/_Project/Scripts/Core/CloudLayer.cs",169,"position-access","transform.position = position;"
"Assets/_Project/Scripts/Core/CloudLayer.cs",257,"position-access","transform.position += movement;"
"Assets/_Project/Scripts/Core/CloudLayer.cs",260,"position-access","transform.position.magnitude > 15000f)"
"Assets/_Project/Scripts/Core/CloudLayer.cs",262,"position-access","transform.position.normalized * 10000f;"
"Assets/_Project/Scripts/Core/CloudLayer.cs",263,"position-access","transform.position = opposite;"
"Assets/_Project/Scripts/Core/CloudLayerConfig.cs",54,"spatial-member","public Vector3 moveDirection = new Vector3(1f, 0f, 0f);"
"Assets/_Project/Scripts/Core/CloudManager.cs",210,"spatial-member","private Vector3 GetPlayerPosition()"
"Assets/_Project/Scripts/Core/CloudManager.cs",213,"position-access","transform.position : Vector3.zero;"
"Assets/_Project/Scripts/Core/CloudManager.cs",87,"lifecycle-placement","DontDestroyOnLoad(gameObject);"
"Assets/_Project/Scripts/Core/CloudSpherePhysics.cs",16,"spatial-member","private Vector3 _basePosition;"
"Assets/_Project/Scripts/Core/CloudSpherePhysics.cs",17,"spatial-member","private Vector3 _displacement;"
"Assets/_Project/Scripts/Core/CloudSpherePhysics.cs",36,"position-access","transform.position;"
"Assets/_Project/Scripts/Core/CloudSpherePhysics.cs",50,"position-access","transform.position - fromDirection).normalized;"
"Assets/_Project/Scripts/Core/CloudSpherePhysics.cs",71,"position-access","transform.position, _cachedPlayer.position);"
"Assets/_Project/Scripts/Core/CloudSpherePhysics.cs",74,"position-access","_cachedPlayer.position);"
"Assets/_Project/Scripts/Core/CloudSpherePhysics.cs",80,"position-access","transform.position - _basePosition;"
"Assets/_Project/Scripts/Core/DayNight/ConstellationController.cs",164,"spatial-member","private Vector3 SphericalToLocalDirection(float azimuthDeg, float altitudeDeg)"
"Assets/_Project/Scripts/Core/DayNight/ConstellationController.cs",156,"position-access","transform.localPosition = Vector3.zero;"
"Assets/_Project/Scripts/Core/DayNight/ConstellationController.cs",320,"position-access","transform.localPosition = Vector3.zero;"
"Assets/_Project/Scripts/Core/DayNight/ConstellationController.cs",375,"position-access","transform.position;"
"Assets/_Project/Scripts/Core/DayNight/ConstellationController.cs",382,"position-access","transform.position = domeWorldPos;"
"Assets/_Project/Scripts/Core/DayNight/ConstellationController.cs",544,"position-access","transform.position"
"Assets/_Project/Scripts/Core/DayNight/ConstellationController.cs",545,"position-access","transform.position + Vector3.up * skyDomeHeightOffset : Vector3.zero);"
"Assets/_Project/Scripts/Core/DayNight/ConstellationController.cs",553,"position-access","transform.position, domePos);"
"Assets/_Project/Scripts/Core/DayNight/ConstellationController.cs",81,"lifecycle-placement","DontDestroyOnLoad(gameObject);"
"Assets/_Project/Scripts/Core/DayNight/ConstellationController.cs",86,"lifecycle-placement","DontDestroyOnLoad(_skyDomeObject);"
"Assets/_Project/Scripts/Core/DayNight/ConstellationController.cs",161,"lifecycle-placement","DontDestroyOnLoad(_skyDomeObject);"
"Assets/_Project/Scripts/Core/DayNight/ConstellationController.cs",66,"world-space-effects","LineRenderer[] _constellationLines;"
"Assets/_Project/Scripts/Core/DayNight/ConstellationController.cs",295,"world-space-effects","LineRenderer> lines = new List<LineRenderer>();"
"Assets/_Project/Scripts/Core/DayNight/ConstellationController.cs",323,"world-space-effects","LineRenderer lr = lineObj.AddComponent<LineRenderer>();"
"Assets/_Project/Scripts/Core/DayNight/ConstellationController.cs",331,"world-space-effects","useWorldSpace = false;"
"Assets/_Project/Scripts/Core/DayNight/ConstellationData.cs",12,"spatial-member","public Vector2 sphericalPosition;"
"Assets/_Project/Scripts/Core/DayNight/DayNightController.cs",911,"spatial-member","public Vector3 GetSunDirection()"
"Assets/_Project/Scripts/Core/DayNight/DayNightController.cs",222,"position-access","transform.localPosition = Vector3.zero;"
"Assets/_Project/Scripts/Core/DayNight/DayNightController.cs",262,"position-access","transform.localPosition = Vector3.zero;"
"Assets/_Project/Scripts/Core/DayNight/DayNightController.cs",186,"lifecycle-placement","Instantiate(dayVolumeProfile) : null;"
"Assets/_Project/Scripts/Core/DayNight/DayNightController.cs",187,"lifecycle-placement","Instantiate(nightVolumeProfile) : null;"
"Assets/_Project/Scripts/Core/DayNight/DayNightController.cs",188,"lifecycle-placement","Instantiate(twilightVolumeProfile) : null;"
"Assets/_Project/Scripts/Core/DayNight/MoonController.cs",22,"spatial-member","public Vector3 selfRotationAxis = Vector3.up;"
"Assets/_Project/Scripts/Core/DayNight/MoonController.cs",149,"position-access","transform.position = new Vector3(x, y, z);"
"Assets/_Project/Scripts/Core/DayNight/MoonController.cs",161,"position-access","transform.position = transform.position;"
"Assets/_Project/Scripts/Core/DayNight/TimeOfDayPhase.cs",27,"spatial-member","public Vector3 sunRotationOffset = Vector3.zero;"
"Assets/_Project/Scripts/Core/DayNight/TimeOfDayPhase.cs",74,"spatial-member","public Vector2 hueShiftRange = new Vector2(-0.05f, 0.05f);"
"Assets/_Project/Scripts/Core/DayNight/TimeOfDayPhase.cs",75,"spatial-member","public Vector2 saturationRange = new Vector2(0.8f, 1.2f);"
"Assets/_Project/Scripts/Core/DayNight/TimeOfDayPhase.cs",76,"spatial-member","public Vector2 intensityRange = new Vector2(0.85f, 1.15f);"
"Assets/_Project/Scripts/Core/DistantCloudManager.cs",18,"spatial-member","public Vector2 RotationRangeY = new Vector2(0f, 360f);"
"Assets/_Project/Scripts/Core/DistantCloudManager.cs",37,"spatial-member","public Vector3 Scale;"
"Assets/_Project/Scripts/Core/DistantCloudManager.cs",48,"spatial-member","private Vector3 _windDir = Vector3.right;"
"Assets/_Project/Scripts/Core/DistantCloudManager.cs",258,"spatial-member","private Vector3 GetPlayerPosition()"
"Assets/_Project/Scripts/Core/DistantCloudManager.cs",261,"position-access","transform.position : Vector3.zero;"
"Assets/_Project/Scripts/Core/EventCloud.cs",97,"position-access","transform.position, _eventPattern, _intensity);"
"Assets/_Project/Scripts/Core/EventCloud.cs",100,"position-access","transform.position} with pattern {_eventPattern.name}"");"
"Assets/_Project/Scripts/Core/GameTimeData.cs",12,"network-serialization","INetworkSerializable"
"Assets/_Project/Scripts/Core/GameTimeData.cs",106,"network-serialization","NetworkSerialize<T>(BufferSerializer<T> serializer) where T : IReaderWriter"
"Assets/_Project/Scripts/Core/GameTimeData.cs",108,"network-serialization","SerializeValue(ref Year);"
"Assets/_Project/Scripts/Core/GameTimeData.cs",109,"network-serialization","SerializeValue(ref Month);"
"Assets/_Project/Scripts/Core/GameTimeData.cs",110,"network-serialization","SerializeValue(ref Day);"
"Assets/_Project/Scripts/Core/GameTimeData.cs",111,"network-serialization","SerializeValue(ref DayOfYear);"
"Assets/_Project/Scripts/Core/GameTimeData.cs",112,"network-serialization","SerializeValue(ref Weekday);"
"Assets/_Project/Scripts/Core/InteractableManager.cs",76,"position-access","transform.position - position).sqrMagnitude;"
"Assets/_Project/Scripts/Core/InteractableManager.cs",172,"position-access","transform.position);"
"Assets/_Project/Scripts/Core/InteractableManager.cs",224,"position-access","transform.position);"
"Assets/_Project/Scripts/Core/InteractableManager.cs",252,"position-access","transform.position);"
"Assets/_Project/Scripts/Core/InteractableManager.cs",280,"position-access","transform.position);"
"Assets/_Project/Scripts/Core/InteractableManager.cs",310,"position-access","transform.position);"
"Assets/_Project/Scripts/Core/InteractableManager.cs",334,"position-access","transform.position);"
"Assets/_Project/Scripts/Core/InventoryData.cs",14,"network-serialization","INetworkSerializable"
"Assets/_Project/Scripts/Core/InventoryData.cs",19,"network-serialization","NetworkSerialize<T>(BufferSerializer<T> serializer) where T : IReaderWriter"
"Assets/_Project/Scripts/Core/InventoryData.cs",21,"network-serialization","SerializeValue(ref itemId);"
"Assets/_Project/Scripts/Core/InventoryData.cs",22,"network-serialization","SerializeValue(ref instanceId);"
"Assets/_Project/Scripts/Core/InventoryData.cs",31,"network-serialization","INetworkSerializable для надёжной синхронизации."
"Assets/_Project/Scripts/Core/InventoryData.cs",35,"network-serialization","INetworkSerializable"
"Assets/_Project/Scripts/Core/InventoryData.cs",290,"network-serialization","INetworkSerializable ===================="
"Assets/_Project/Scripts/Core/InventoryData.cs",292,"network-serialization","NetworkSerialize<T>(BufferSerializer<T> serializer) where T : IReaderWriter"
"Assets/_Project/Scripts/Core/InventoryData.cs",312,"network-serialization","SerializeValue(ref count);"
"Assets/_Project/Scripts/Core/InventoryData.cs",319,"network-serialization","SerializeValue(ref id);"
"Assets/_Project/Scripts/Core/InventoryData.cs",331,"network-serialization","SerializeValue(ref count);"
"Assets/_Project/Scripts/Core/InventoryData.cs",337,"network-serialization","SerializeValue(ref id);"
"Assets/_Project/Scripts/Core/InventoryData.cs",349,"network-serialization","SerializeValue(ref count);"
"Assets/_Project/Scripts/Core/InventoryData.cs",356,"network-serialization","NetworkSerialize(serializer);"
"Assets/_Project/Scripts/Core/InventoryData.cs",368,"network-serialization","SerializeValue(ref count);"
"Assets/_Project/Scripts/Core/InventoryData.cs",374,"network-serialization","NetworkSerialize(serializer);"
"Assets/_Project/Scripts/Core/ItemType.cs",73,"spatial-member","public Vector3 attachPositionOffset = Vector3.zero;"
"Assets/_Project/Scripts/Core/ItemType.cs",76,"spatial-member","public Vector3 attachRotationOffset = Vector3.zero;"
"Assets/_Project/Scripts/Core/ItemType.cs",80,"spatial-member","public Vector3 attachScale = Vector3.one;"
"Assets/_Project/Scripts/Core/NearCloudRenderer.cs",44,"spatial-member","public Vector2 RotationX = new Vector2(0f, 0f);"
"Assets/_Project/Scripts/Core/NearCloudRenderer.cs",45,"spatial-member","public Vector2 RotationY = new Vector2(0f, 360f);"
"Assets/_Project/Scripts/Core/NearCloudRenderer.cs",46,"spatial-member","public Vector2 RotationZ = new Vector2(0f, 0f);"
"Assets/_Project/Scripts/Core/NearCloudRenderer.cs",51,"spatial-member","public Vector3 Scale;"
"Assets/_Project/Scripts/Core/NearCloudRenderer.cs",61,"spatial-member","private Vector3 _windDir = Vector3.right;"
"Assets/_Project/Scripts/Core/NearCloudRenderer.cs",312,"spatial-member","private Vector3 GetPlayerPosition()"
"Assets/_Project/Scripts/Core/NearCloudRenderer.cs",230,"position-access","transform.position;"
"Assets/_Project/Scripts/Core/NearCloudRenderer.cs",315,"position-access","transform.position : Vector3.zero;"
"Assets/_Project/Scripts/Core/NearCloudRenderer.cs",285,"lifecycle-placement","Instantiate(go.GetComponent<MeshFilter>().sharedMesh);"
"Assets/_Project/Scripts/Core/NearCloudRenderer.cs",292,"lifecycle-placement","Instantiate(go.GetComponent<MeshFilter>().sharedMesh);"
"Assets/_Project/Scripts/Core/NetworkManagerController.cs",73,"lifecycle-placement","DontDestroyOnLoad(gameObject);"
"Assets/_Project/Scripts/Core/NetworkManagerController.cs",187,"lifecycle-placement","DontDestroyOnLoad(gameObject) — это работает ТОЛЬКО если GO root."
"Assets/_Project/Scripts/Core/NetworkManagerController.cs",284,"lifecycle-placement","DontDestroyOnLoad(go);"
"Assets/_Project/Scripts/Core/NetworkManagerController.cs",718,"lifecycle-placement","DontDestroyOnLoad(go);"
"Assets/_Project/Scripts/Core/NetworkManagerController.cs",734,"lifecycle-placement","DontDestroyOnLoad(go);"
"Assets/_Project/Scripts/Core/NetworkManagerController.cs",761,"lifecycle-placement","DontDestroyOnLoad(go);"
"Assets/_Project/Scripts/Core/NetworkManagerController.cs",777,"lifecycle-placement","DontDestroyOnLoad(go);"
"Assets/_Project/Scripts/Core/NetworkManagerController.cs",793,"lifecycle-placement","DontDestroyOnLoad(go);"
"Assets/_Project/Scripts/Core/PickupDeckRide.cs",74,"spatial-member","private Vector3 _platformLastPos;"
"Assets/_Project/Scripts/Core/PickupDeckRide.cs",76,"spatial-member","private Vector3 _worldBasePosition; // база для бобаинга когда не на палубе"
"Assets/_Project/Scripts/Core/PickupDeckRide.cs",96,"spatial-member","public Vector3 WorldBasePosition => _worldBasePosition;"
"Assets/_Project/Scripts/Core/PickupDeckRide.cs",10,"position-access","transform.position."
"Assets/_Project/Scripts/Core/PickupDeckRide.cs",32,"position-access","transform.position, если DeckParent != null."
"Assets/_Project/Scripts/Core/PickupDeckRide.cs",81,"position-access","transform.position (carry делает это сам).</summary>"
"Assets/_Project/Scripts/Core/PickupDeckRide.cs",86,"position-access","transform.position (= бобаинг в свободном режиме)."
"Assets/_Project/Scripts/Core/PickupDeckRide.cs",92,"position-access","transform.position;"
"Assets/_Project/Scripts/Core/PickupDeckRide.cs",100,"position-access","transform.position;"
"Assets/_Project/Scripts/Core/PickupDeckRide.cs",131,"position-access","transform.position + Vector3.up * _probeRadius;"
"Assets/_Project/Scripts/Core/PickupDeckRide.cs",141,"position-access","transform.position})"");"
"Assets/_Project/Scripts/Core/PickupDeckRide.cs",155,"position-access","platform.position;"
"Assets/_Project/Scripts/Core/PickupDeckRide.cs",157,"position-access","transform.position})"");"
"Assets/_Project/Scripts/Core/PickupDeckRide.cs",164,"position-access","transform.position,"
"Assets/_Project/Scripts/Core/PickupDeckRide.cs",170,"position-access","transform.position += deltaPos;"
"Assets/_Project/Scripts/Core/PickupDeckRide.cs",177,"position-access","platform.position;"
"Assets/_Project/Scripts/Core/PickupDeckRide.cs",18,"lifecycle-placement","TrySetParent (2026-07-02, R1-fix-fail):"
"Assets/_Project/Scripts/Core/PickupItem.cs",11,"network-variable","NetworkVariable<InventoryData> → InventoryClientState.OnSnapshotUpdated"
"Assets/_Project/Scripts/Core/PickupItem.cs",47,"spatial-member","private Vector3 _startPosition;"
"Assets/_Project/Scripts/Core/PickupItem.cs",56,"spatial-member","public Vector3 Position => transform.position;"
"Assets/_Project/Scripts/Core/PickupItem.cs",56,"position-access","transform.position;"
"Assets/_Project/Scripts/Core/PickupItem.cs",60,"position-access","transform.position;"
"Assets/_Project/Scripts/Core/PickupItem.cs",114,"position-access","transform.localPosition = Vector3.zero;"
"Assets/_Project/Scripts/Core/PickupItem.cs",136,"position-access","transform.position — LateUpdate PickupDeckRide сам"
"Assets/_Project/Scripts/Core/PickupItem.cs",147,"position-access","transform.position = _deckRide.WorldBasePosition + bob;"
"Assets/_Project/Scripts/Core/PickupItem.cs",215,"position-access","transform.position,"
"Assets/_Project/Scripts/Core/PickupItem.cs",266,"position-access","transform.position, interactionRadius);"
"Assets/_Project/Scripts/Core/PickupItem.cs",33,"lifecycle-placement","Instantiate (см. InventoryServer.RequestDropRpc)"
"Assets/_Project/Scripts/Core/PickupItem.cs",110,"lifecycle-placement","Instantiate(itemData.visualPrefab, transform);"
"Assets/_Project/Scripts/Core/PlatformRideHelper.cs",23,"physics-query","Physics.SphereCast(origin, radius, Vector3.down, out RaycastHit hit,"
"Assets/_Project/Scripts/Core/PlatformRideHelper.cs",37,"spatial-member","public static Vector3 ComputeCarryDelta("
"Assets/_Project/Scripts/Core/PlatformRideHelper.cs",42,"position-access","platform.position - lastPos;"
"Assets/_Project/Scripts/Core/PlatformRideHelper.cs",51,"position-access","platform.position;"
"Assets/_Project/Scripts/Core/ServerStormManager.cs",220,"spatial-rpc-signature","private void StormSpawnClientRpc(ushort id, Vector3 worldPosition, float intensity, string patternGUID)"
"Assets/_Project/Scripts/Core/ServerStormManager.cs",256,"spatial-rpc-signature","private void SyncStormStatesClientRpc(ushort[] ids, Vector3[] positions, float[] intensities)"
"Assets/_Project/Scripts/Core/ServerStormManager.cs",296,"spatial-rpc-signature","private void EventCloudSpawnClientRpc(ushort id, Vector3 worldPosition, float intensity, string patternGUID, string eventId)"
"Assets/_Project/Scripts/Core/ServerStormManager.cs",49,"spatial-member","public Vector3 WorldPosition;"
"Assets/_Project/Scripts/Core/ServerStormManager.cs",231,"lifecycle-placement","Instantiate(_stormControllerPrefab, worldPosition, Quaternion.identity);"
"Assets/_Project/Scripts/Core/ServerStormManager.cs",306,"lifecycle-placement","Instantiate(_stormControllerPrefab, worldPosition, Quaternion.identity);"
"Assets/_Project/Scripts/Core/ServerWeatherController.cs",214,"spatial-rpc-signature","private void BroadcastWindClientRpc(Vector3 direction, float speed)"
"Assets/_Project/Scripts/Core/ServerWeatherController.cs",20,"spatial-member","private Vector3 _windDirection = Vector3.right;"
"Assets/_Project/Scripts/Core/ShipPosition/PlayerPositionServer.cs",191,"physics-query","Physics.SyncTransforms();"
"Assets/_Project/Scripts/Core/ShipPosition/PlayerPositionServer.cs",189,"position-access","transform.position = position;"
"Assets/_Project/Scripts/Core/ShipPosition/PlayerPositionServer.cs",44,"lifecycle-placement","DontDestroyOnLoad(gameObject);"
"Assets/_Project/Scripts/Core/ShipPosition/ShipPositionServer.cs",203,"position-access","rb.position = new Vector3(data.px, data.py, data.pz);"
"Assets/_Project/Scripts/Core/ShipPosition/ShipPositionServer.cs",253,"position-access","transform.position.x,"
"Assets/_Project/Scripts/Core/ShipPosition/ShipPositionServer.cs",254,"position-access","transform.position.y,"
"Assets/_Project/Scripts/Core/ShipPosition/ShipPositionServer.cs",255,"position-access","transform.position.z,"
"Assets/_Project/Scripts/Core/ShipPosition/ShipPositionServer.cs",69,"lifecycle-placement","DontDestroyOnLoad(gameObject);"
"Assets/_Project/Scripts/Core/SpringArmCamera.cs",409,"physics-query","Physics.SphereCast(castOrigin, sphereCastRadius, dir, out RaycastHit hitInfo, remainingDist, collisionMask, QueryTriggerInteraction.Ignore))"
"Assets/_Project/Scripts/Core/SpringArmCamera.cs",44,"navigation","NavMeshAgent препятствием для камеры"")]"
"Assets/_Project/Scripts/Core/SpringArmCamera.cs",450,"navigation","NavMeshAgent + CharacterController."
"Assets/_Project/Scripts/Core/SpringArmCamera.cs",452,"navigation","NavMeshAgent>() != null;"
"Assets/_Project/Scripts/Core/SpringArmCamera.cs",107,"spatial-member","private Vector3 _lagTargetPos;"
"Assets/_Project/Scripts/Core/SpringArmCamera.cs",113,"spatial-member","private Vector3 _lastCollisionPos;"
"Assets/_Project/Scripts/Core/SpringArmCamera.cs",117,"spatial-member","private Vector2 _lookInput;"
"Assets/_Project/Scripts/Core/SpringArmCamera.cs",131,"spatial-member","public Vector3 CameraForward"
"Assets/_Project/Scripts/Core/SpringArmCamera.cs",140,"spatial-member","public Vector3 CameraRight"
"Assets/_Project/Scripts/Core/SpringArmCamera.cs",382,"spatial-member","private Vector3 ComputeDesiredPosition()"
"Assets/_Project/Scripts/Core/SpringArmCamera.cs",390,"spatial-member","private Vector3 ResolveCollision(Vector3 desiredPos)"
"Assets/_Project/Scripts/Core/SpringArmCamera.cs",459,"spatial-member","private static Vector3 ClampNearClip(Vector3 pos, Vector3 lookTarget, float minDist)"
"Assets/_Project/Scripts/Core/SpringArmCamera.cs",154,"position-access","target.position;"
"Assets/_Project/Scripts/Core/SpringArmCamera.cs",165,"position-access","target.position;"
"Assets/_Project/Scripts/Core/SpringArmCamera.cs",183,"position-access","target.position;"
"Assets/_Project/Scripts/Core/SpringArmCamera.cs",200,"position-access","target.position;"
"Assets/_Project/Scripts/Core/SpringArmCamera.cs",262,"position-access","target.position);"
"Assets/_Project/Scripts/Core/SpringArmCamera.cs",265,"position-access","target.position;"
"Assets/_Project/Scripts/Core/SpringArmCamera.cs",331,"position-access","target.position : Vector3.zero;"
"Assets/_Project/Scripts/Core/SpringArmCamera.cs",335,"position-access","target.position);"
"Assets/_Project/Scripts/Core/SpringArmCamera.cs",338,"position-access","target.position;"
"Assets/_Project/Scripts/Core/SpringArmCamera.cs",342,"position-access","target.position - _lagTargetPos;"
"Assets/_Project/Scripts/Core/SpringArmCamera.cs",348,"position-access","target.position - delta;"
"Assets/_Project/Scripts/Core/SpringArmCamera.cs",475,"position-access","transform.position, _lagTargetPos);"
"Assets/_Project/Scripts/Core/SpringArmCamera.cs",507,"position-access","transform.position, cameraTargetPos) < 0.003f)"
"Assets/_Project/Scripts/Core/SpringArmCamera.cs",521,"position-access","transform.position, cameraTargetPos, t);"
"Assets/_Project/Scripts/Core/SpringArmCamera.cs",527,"position-access","transform.position;"
"Assets/_Project/Scripts/Core/SpringArmCamera.cs",529,"position-access","transform.position + step.normalized * maxStep;"
"Assets/_Project/Scripts/Core/SpringArmCamera.cs",532,"position-access","transform.position = newPos;"
"Assets/_Project/Scripts/Core/SpringArmCamera.cs",545,"position-access","target.position;"
"Assets/_Project/Scripts/Core/SpringArmCamera.cs",546,"position-access","transform.position = target.position + dir * _currentDistance + Vector3.up * _currentHeight;"
"Assets/_Project/Scripts/Core/SpringArmCamera.cs",547,"position-access","target.position + Vector3.up * _currentLookAtHeight);"
"Assets/_Project/Scripts/Core/SpringArmCamera.cs",575,"position-access","target.position;"
"Assets/_Project/Scripts/Core/SpringArmCamera.cs",584,"position-access","transform.position, sphereCastRadius);"
"Assets/_Project/Scripts/Core/SpringArmCamera.cs",590,"position-access","target.position, _lagTargetPos);"
"Assets/_Project/Scripts/Core/SpringArmCamera.cs",12,"legacy-origin","FloatingOriginMP)."
"Assets/_Project/Scripts/Core/StormCloudGenerator.cs",58,"position-access","transform.position = position;"
"Assets/_Project/Scripts/Core/StormCloudGenerator.cs",62,"position-access","transform.position}"");"
"Assets/_Project/Scripts/Core/StormCloudGenerator.cs",67,"position-access","transform.localPosition = Vector3.zero;"
"Assets/_Project/Scripts/Core/StormCloudGenerator.cs",68,"position-access","transform.localPosition}, world pos: {sphereContainer.transform.position}"");"
"Assets/_Project/Scripts/Core/StormCloudGenerator.cs",244,"lifecycle-placement","Instantiate(go.GetComponent<MeshFilter>().sharedMesh);"
"Assets/_Project/Scripts/Core/StormController.cs",14,"spatial-member","private Vector3 _targetPosition;"
"Assets/_Project/Scripts/Core/StormController.cs",180,"spatial-member","private Vector3 GetPlayerPosition()"
"Assets/_Project/Scripts/Core/StormController.cs",95,"position-access","transform.position != worldPos)"
"Assets/_Project/Scripts/Core/StormController.cs",97,"position-access","transform.position = worldPos;"
"Assets/_Project/Scripts/Core/StormController.cs",174,"position-access","transform.position = Vector3.Lerp(transform.position, _targetPosition, 0.1f);"
"Assets/_Project/Scripts/Core/StormController.cs",176,"position-access","transform.position, GetPlayerPosition());"
"Assets/_Project/Scripts/Core/StormController.cs",183,"position-access","transform.position : Vector3.zero;"
"Assets/_Project/Scripts/Core/StreamingSetupRuntime.cs",108,"position-access","transform.position = Vector3.zero;"
"Assets/_Project/Scripts/Core/StreamingSetupRuntime.cs",9,"legacy-origin","FloatingOriginMP если сцена не была настроена через PrepareMainScene."
"Assets/_Project/Scripts/Core/StreamingSetupRuntime.cs",11,"legacy-origin","FloatingOriginMP не работает."
"Assets/_Project/Scripts/Core/StreamingSetupRuntime.cs",41,"legacy-origin","FloatingOriginMP"")]"
"Assets/_Project/Scripts/Core/StreamingSetupRuntime.cs",42,"legacy-origin","FloatingOriginMP"")]"
"Assets/_Project/Scripts/Core/StreamingSetupRuntime.cs",160,"legacy-origin","FloatingOriginMP на Main Camera."
"Assets/_Project/Scripts/Core/StreamingSetupRuntime.cs",171,"legacy-origin","FloatingOriginMP"
"Assets/_Project/Scripts/Core/StreamingSetupRuntime.cs",172,"legacy-origin","FloatingOriginMP, Assembly-CSharp"");"
"Assets/_Project/Scripts/Core/StreamingSetupRuntime.cs",175,"legacy-origin","FloatingOriginMP type not found!"");"
"Assets/_Project/Scripts/Core/StreamingSetupRuntime.cs",184,"legacy-origin","FloatingOriginMP to Main Camera"");"
"Assets/_Project/Scripts/Core/StreamingSetupRuntime.cs",188,"legacy-origin","FloatingOriginMP already exists on Main Camera"");"
"Assets/_Project/Scripts/Core/StreamingSetupRuntime.cs",228,"legacy-origin","FloatingOriginMP configured: threshold={threshold}, worldRootNames={worldObjectNames.Length + 1}"");"
"Assets/_Project/Scripts/Core/StreamingSetupRuntime.cs",271,"legacy-origin","WorldStreamingManager"
"Assets/_Project/Scripts/Core/StreamingSetupRuntime.cs",272,"legacy-origin","WorldStreamingManager, Assembly-CSharp"");"
"Assets/_Project/Scripts/Core/StreamingSetupRuntime.cs",275,"legacy-origin","WorldStreamingManager"");"
"Assets/_Project/Scripts/Core/TestPlatformCreator.cs",13,"spatial-member","private Vector3 platformSize = new Vector3(50, 1, 50);"
"Assets/_Project/Scripts/Core/TestPlatformCreator.cs",16,"spatial-member","private Vector3 platformPosition = new Vector3(0, 0, 0);"
"Assets/_Project/Scripts/Core/TestPlatformCreator.cs",35,"position-access","transform.position = platformPosition;"
"Assets/_Project/Scripts/Core/TestPlatformCreator.cs",54,"position-access","transform.position = platformPosition + new Vector3(0, 3, -platformSize.z / 2 - 1);"
"Assets/_Project/Scripts/Core/TestStormSpawner.cs",9,"spatial-member","public Vector3 testPosition = new Vector3(0, 1200, 0);"
"Assets/_Project/Scripts/Core/TestStormSpawner.cs",81,"spatial-member","private Vector3 GetRandomStormPosition()"
"Assets/_Project/Scripts/Core/WindManager.cs",23,"spatial-member","public Vector3 CurrentWindDirection = Vector3.right;"
"Assets/_Project/Scripts/Core/WindManager.cs",69,"spatial-member","public Bounds worldBounds; // AABB сплайна + corridorRadius (мировой), для предфильтра"
"Assets/_Project/Scripts/Core/WindManager.cs",80,"spatial-member","private Vector3 _targetDirection;"
"Assets/_Project/Scripts/Core/WindManager.cs",82,"spatial-member","private Vector3 _lastLoggedDirection;"
"Assets/_Project/Scripts/Core/WindManager.cs",87,"spatial-member","private Vector3 _lastDirBeforeEvent = Vector3.right;"
"Assets/_Project/Scripts/Core/WindManager.cs",362,"spatial-member","private static Bounds ComputeSplineWorldBounds(Spline spline, Transform transform)"
"Assets/_Project/Scripts/Core/WindManager.cs",261,"position-access","transform.position;"
"Assets/_Project/Scripts/Core/WindManager.cs",336,"position-access","transform.position.y * windData.shearGradient;"
"Assets/_Project/Scripts/Core/WindManager.cs",346,"position-access","transform.position).normalized;"
"Assets/_Project/Scripts/Core/WindManager.cs",365,"position-access","transform.position, Vector3.zero);"
"Assets/_Project/Scripts/Core/WindManager.cs",267,"point-conversion","InverseTransformPoint(worldPos);"
"Assets/_Project/Scripts/Core/WindManager.cs",280,"point-conversion","TransformPoint(nearestLocal);"
"Assets/_Project/Scripts/Core/WindManager.cs",368,"point-conversion","TransformPoint(firstKnot), Vector3.zero);"
"Assets/_Project/Scripts/Core/WindManager.cs",370,"point-conversion","TransformPoint(spline[i].Position));"
"Assets/_Project/Scripts/Core/WindManager.cs",102,"lifecycle-placement","DontDestroyOnLoad(gameObject);"
"Assets/_Project/Scripts/Core/WorldCamera.cs",64,"spatial-member","private Vector3 currentVelocity = Vector3.zero;"
"Assets/_Project/Scripts/Core/WorldCamera.cs",67,"spatial-member","private Vector3 teleportTarget = Vector3.zero;"
"Assets/_Project/Scripts/Core/WorldCamera.cs",87,"spatial-member","private Vector2 _moveInput;"
"Assets/_Project/Scripts/Core/WorldCamera.cs",88,"spatial-member","private Vector2 _lookInput;"
"Assets/_Project/Scripts/Core/WorldCamera.cs",217,"position-access","transform.position = target.position - transform.forward * distance + Vector3.up * height;"
"Assets/_Project/Scripts/Core/WorldCamera.cs",222,"position-access","transform.position = new Vector3(0, startHeight, 0);"
"Assets/_Project/Scripts/Core/WorldCamera.cs",388,"position-access","transform.position = Vector3.MoveTowards(transform.position, teleportTarget, teleportSpeed * Time.deltaTime);"
"Assets/_Project/Scripts/Core/WorldCamera.cs",390,"position-access","transform.position, teleportTarget) < 1f)"
"Assets/_Project/Scripts/Core/WorldCamera.cs",401,"position-access","transform.position = new Vector3("
"Assets/_Project/Scripts/Core/WorldCamera.cs",402,"position-access","transform.position.x,"
"Assets/_Project/Scripts/Core/WorldCamera.cs",404,"position-access","transform.position.z"
"Assets/_Project/Scripts/Core/WorldCamera.cs",426,"position-access","target.position - direction.normalized * distance;"
"Assets/_Project/Scripts/Core/WorldCamera.cs",429,"position-access","transform.position = Vector3.SmoothDamp("
"Assets/_Project/Scripts/Core/WorldCamera.cs",430,"position-access","transform.position,"
"Assets/_Project/Scripts/Core/WorldCamera.cs",437,"position-access","target.position + Vector3.up * 1.5f);"
"Assets/_Project/Scripts/Core/WorldCamera.cs",447,"position-access","target.position + Vector3.up * height;"
"Assets/_Project/Scripts/Core/WorldCamera.cs",450,"position-access","transform.position = Vector3.SmoothDamp("
"Assets/_Project/Scripts/Core/WorldCamera.cs",451,"position-access","transform.position,"
"Assets/_Project/Scripts/Core/WorldCamera.cs",500,"position-access","transform.position += currentVelocity * Time.deltaTime;"
"Assets/_Project/Scripts/Core/WorldCamera.cs",505,"position-access","transform.position += Vector3.up * _scrollInput * 10f;"
"Assets/_Project/Scripts/Core/WorldCamera.cs",554,"position-access","peak.position + Vector3.up * (peak.height * 0.5f);"
"Assets/_Project/Scripts/Core/WorldCamera.cs",555,"position-access","transform.position = targetWorldPos;"
"Assets/_Project/Scripts/Core/WorldCamera.cs",569,"position-access","transform.position.magnitude;"
"Assets/_Project/Scripts/Core/WorldCamera.cs",571,"position-access","transform.position:F0}, distFromOrigin={distFromOrigin:F0}"");"
"Assets/_Project/Scripts/Core/WorldGenerator.cs",37,"spatial-member","public Vector3 position;"
"Assets/_Project/Scripts/Core/WorldGenerator.cs",115,"spatial-member","private Vector3 GeneratePeakPosition(int index)"
"Assets/_Project/Scripts/Core/WorldGenerator.cs",331,"spatial-member","private Vector3 GenerateCloudPosition()"
"Assets/_Project/Scripts/Core/WorldGenerator.cs",414,"spatial-member","private Vector3 GenerateMinorIslandPosition()"
"Assets/_Project/Scripts/Core/WorldGenerator.cs",134,"position-access","transform.position = peakInfo.position;"
"Assets/_Project/Scripts/Core/WorldGenerator.cs",354,"position-access","transform.position = position;"
"Assets/_Project/Scripts/Core/WorldGenerator.cs",433,"position-access","transform.position = position;"
"Assets/_Project/Scripts/Crafting/CraftingClientState.cs",78,"lifecycle-placement","DontDestroyOnLoad(gameObject);"
"Assets/_Project/Scripts/Crafting/CraftingProgressController.cs",94,"position-access","style.position = Position.Absolute;"
"Assets/_Project/Scripts/Crafting/CraftingProgressController.cs",47,"lifecycle-placement","DontDestroyOnLoad(gameObject);"
"Assets/_Project/Scripts/Crafting/CraftingServer.cs",601,"position-access","transform.position, station.transform.position);"
"Assets/_Project/Scripts/Crafting/CraftingStation.cs",23,"network-variable","NetworkVariable<CraftingJobState> _replicatedState = new NetworkVariable<CraftingJobState>("
"Assets/_Project/Scripts/Crafting/CraftingStation.cs",27,"network-variable","NetworkVariable<ulong> _jobOwnerClientId = new NetworkVariable<ulong>("
"Assets/_Project/Scripts/Crafting/CraftingStation.cs",29,"network-variable","NetworkVariable<string> _activeRecipeId = new NetworkVariable<string>("
"Assets/_Project/Scripts/Crafting/CraftingStation.cs",41,"spatial-member","public Vector3 Position => transform.position;"
"Assets/_Project/Scripts/Crafting/CraftingStation.cs",215,"spatial-member","private Vector3 _baseScale;"
"Assets/_Project/Scripts/Crafting/CraftingStation.cs",41,"position-access","transform.position;"
"Assets/_Project/Scripts/Crafting/CraftingStation.cs",330,"position-access","transform.position, r);"
"Assets/_Project/Scripts/Crafting/Dto/BufferedIngredientDto.cs",5,"network-serialization","INetworkSerializable"
"Assets/_Project/Scripts/Crafting/Dto/BufferedIngredientDto.cs",12,"network-serialization","NetworkSerialize<T>(BufferSerializer<T> s) where T : IReaderWriter"
"Assets/_Project/Scripts/Crafting/Dto/BufferedIngredientDto.cs",14,"network-serialization","SerializeValue(ref itemId);"
"Assets/_Project/Scripts/Crafting/Dto/BufferedIngredientDto.cs",15,"network-serialization","SerializeValue(ref quantity);"
"Assets/_Project/Scripts/Crafting/Dto/BufferedIngredientDto.cs",16,"network-serialization","SerializeValue(ref source);"
"Assets/_Project/Scripts/Crafting/Dto/BufferedIngredientDto.cs",17,"network-serialization","SerializeValue(ref ownerClientId);"
"Assets/_Project/Scripts/Crafting/Dto/BufferedIngredientDto.cs",21,"network-serialization","INetworkSerializable"
"Assets/_Project/Scripts/Crafting/Dto/BufferedIngredientDto.cs",27,"network-serialization","NetworkSerialize<T>(BufferSerializer<T> s) where T : IReaderWriter"
"Assets/_Project/Scripts/Crafting/Dto/BufferedIngredientDto.cs",29,"network-serialization","SerializeValue(ref itemId);"
"Assets/_Project/Scripts/Crafting/Dto/BufferedIngredientDto.cs",30,"network-serialization","SerializeValue(ref quantity);"
"Assets/_Project/Scripts/Crafting/Dto/BufferedIngredientDto.cs",31,"network-serialization","SerializeValue(ref ownerClientId);"
"Assets/_Project/Scripts/Crafting/Dto/CraftingEnums.cs",4,"network-serialization","INetworkSerializable DTOs (must be : byte)"
"Assets/_Project/Scripts/Crafting/Dto/CraftingJob.cs",1,"network-serialization","INetworkSerializable."
"Assets/_Project/Scripts/Crafting/Dto/CraftingResultDto.cs",5,"network-serialization","INetworkSerializable"
"Assets/_Project/Scripts/Crafting/Dto/CraftingResultDto.cs",13,"network-serialization","NetworkSerialize<T>(BufferSerializer<T> s) where T : IReaderWriter"
"Assets/_Project/Scripts/Crafting/Dto/CraftingResultDto.cs",15,"network-serialization","SerializeValue(ref code);"
"Assets/_Project/Scripts/Crafting/Dto/CraftingResultDto.cs",16,"network-serialization","SerializeValue(ref stationNetId);"
"Assets/_Project/Scripts/Crafting/Dto/CraftingResultDto.cs",18,"network-serialization","SerializeValue(ref m);"
"Assets/_Project/Scripts/Crafting/Dto/CraftingSnapshotDto.cs",7,"network-serialization","INetworkSerializable"
"Assets/_Project/Scripts/Crafting/Dto/CraftingSnapshotDto.cs",20,"network-serialization","NetworkSerialize<T>(BufferSerializer<T> s) where T : IReaderWriter"
"Assets/_Project/Scripts/Crafting/Dto/CraftingSnapshotDto.cs",22,"network-serialization","SerializeValue(ref stationNetId);"
"Assets/_Project/Scripts/Crafting/Dto/CraftingSnapshotDto.cs",23,"network-serialization","SerializeValue(ref jobState);"
"Assets/_Project/Scripts/Crafting/Dto/CraftingSnapshotDto.cs",24,"network-serialization","SerializeValue(ref ownerClientId);"
"Assets/_Project/Scripts/Crafting/Dto/CraftingSnapshotDto.cs",26,"network-serialization","SerializeValue(ref recipeIdStr);"
"Assets/_Project/Scripts/Crafting/Dto/CraftingSnapshotDto.cs",28,"network-serialization","SerializeValue(ref startTime);"
"Assets/_Project/Scripts/Crafting/Dto/CraftingSnapshotDto.cs",29,"network-serialization","SerializeValue(ref duration);"
"Assets/_Project/Scripts/Crafting/Dto/CraftingSnapshotDto.cs",30,"network-serialization","SerializeValue(ref progress);"
"Assets/_Project/Scripts/Crafting/Dto/CraftingSnapshotDto.cs",33,"network-serialization","SerializeValue(ref bLen);"
"Assets/_Project/Scripts/Crafting/Dto/CraftingSnapshotDto.cs",35,"network-serialization","SerializeValue(ref e); buffer[i] = e; }"
"Assets/_Project/Scripts/Crafting/Dto/CraftingSnapshotDto.cs",38,"network-serialization","SerializeValue(ref cLen);"
"Assets/_Project/Scripts/Crafting/Dto/CraftingSnapshotDto.cs",40,"network-serialization","SerializeValue(ref e); committed[i] = e; }"
"Assets/_Project/Scripts/Crafting/Dto/CraftingSnapshotDto.cs",43,"network-serialization","SerializeValue(ref nm);"
"Assets/_Project/Scripts/Crafting/Dto/CraftingStationDto.cs",11,"network-serialization","INetworkSerializable"
"Assets/_Project/Scripts/Crafting/Dto/CraftingStationDto.cs",18,"network-serialization","NetworkSerialize<T>(BufferSerializer<T> s) where T : IReaderWriter"
"Assets/_Project/Scripts/Crafting/Dto/CraftingStationDto.cs",20,"network-serialization","SerializeValue(ref stationNetId);"
"Assets/_Project/Scripts/Crafting/Dto/CraftingStationDto.cs",22,"network-serialization","SerializeValue(ref name);"
"Assets/_Project/Scripts/Crafting/Dto/CraftingStationDto.cs",24,"network-serialization","SerializeValue(ref stationType);"
"Assets/_Project/Scripts/Crafting/Dto/CraftingStationDto.cs",27,"network-serialization","SerializeValue(ref len);"
"Assets/_Project/Scripts/Crafting/Dto/CraftingStationDto.cs",31,"network-serialization","SerializeValue(ref allowedRecipeIds[i]);"
"Assets/_Project/Scripts/Crafting/Dto/RecipeKnowledgeDto.cs",3,"network-serialization","INetworkSerializable struct. Design: docs/Character/Knowledges/07_KNOWLEDGE_SYSTEM_V3_INTEGRATION_PLAN.md"
"Assets/_Project/Scripts/Crafting/Dto/RecipeKnowledgeDto.cs",11,"network-serialization","INetworkSerializable, IEquatable<RecipeKnowledgeDto>"
"Assets/_Project/Scripts/Crafting/Dto/RecipeKnowledgeDto.cs",15,"network-serialization","NetworkSerialize<T>(BufferSerializer<T> serializer) where T : IReaderWriter"
"Assets/_Project/Scripts/Crafting/Dto/RecipeKnowledgeDto.cs",18,"network-serialization","SerializeValue(ref len);"
"Assets/_Project/Scripts/Crafting/Dto/RecipeKnowledgeDto.cs",26,"network-serialization","SerializeValue(ref val);"
"Assets/_Project/Scripts/Crafting/RecipeKnowledgeClientState.cs",30,"lifecycle-placement","DontDestroyOnLoad(gameObject);"
"Assets/_Project/Scripts/Crafting/UI/CraftingWindow.cs",225,"position-access","style.position = Position.Absolute;"
"Assets/_Project/Scripts/Customisation/CustomisationClientState.cs",44,"lifecycle-placement","DontDestroyOnLoad(gameObject);"
"Assets/_Project/Scripts/Customisation/UI/CustomisationWindow.cs",145,"position-access","style.position = Position.Absolute;"
"Assets/_Project/Scripts/Docking/Client/DockingClientState.cs",59,"lifecycle-placement","DontDestroyOnLoad(go);"
"Assets/_Project/Scripts/Docking/Client/DockingClientState.cs",72,"lifecycle-placement","DontDestroyOnLoad(gameObject);"
"Assets/_Project/Scripts/Docking/Core/DockPadLayout.cs",25,"spatial-member","public Vector3 localPosition;"
"Assets/_Project/Scripts/Docking/Core/DockPadLayout.cs",28,"spatial-member","public Vector3 localEulerAngles;"
"Assets/_Project/Scripts/Docking/Core/DockPadLayout.cs",35,"spatial-member","public Vector3 triggerBoxSize = new Vector3(8f, 3f, 8f);"
"Assets/_Project/Scripts/Docking/Core/DockPadLayout.cs",42,"spatial-member","private Vector3 defaultTriggerBoxSize = new Vector3(8f, 3f, 8f);"
"Assets/_Project/Scripts/Docking/Core/DockPadLayout.cs",45,"spatial-member","public Vector3 DefaultTriggerBoxSize => defaultTriggerBoxSize;"
"Assets/_Project/Scripts/Docking/Core/DockStationDefinition.cs",3,"position-access","transform.position объекта с DockStationController."
"Assets/_Project/Scripts/Docking/Core/DockStationDefinition.cs",11,"position-access","transform.position"
"Assets/_Project/Scripts/Docking/Core/DockingWorld.cs",99,"physics-query","Physics.OverlapBox(padWorldPos, boxSize * 0.5f, tb.transform.rotation, ~0, QueryTriggerInteraction.Collide);"
"Assets/_Project/Scripts/Docking/Core/DockingWorld.cs",182,"physics-query","Physics.OverlapBox(worldPadPos, boxSize * 0.5f, worldPadRot, ~0, QueryTriggerInteraction.Collide);"
"Assets/_Project/Scripts/Docking/Core/DockingWorld.cs",191,"physics-query","Physics.OverlapBox"
"Assets/_Project/Scripts/Docking/Core/DockingWorld.cs",94,"position-access","transform.position;"
"Assets/_Project/Scripts/Docking/Core/DockingWorld.cs",171,"position-access","transform.position;"
"Assets/_Project/Scripts/Docking/Core/DockingWorld.cs",210,"position-access","transform.position.y + 30f,"
"Assets/_Project/Scripts/Docking/Core/DockingWorld.cs",54,"lifecycle-placement","DontDestroyOnLoad(go);"
"Assets/_Project/Scripts/Docking/Dto/DockingDto.cs",2,"network-serialization","INetworkSerializable struct для NGO 2.x RPC."
"Assets/_Project/Scripts/Docking/Dto/DockingDto.cs",14,"network-serialization","INetworkSerializable"
"Assets/_Project/Scripts/Docking/Dto/DockingDto.cs",22,"network-serialization","NetworkSerialize<T>(BufferSerializer<T> s) where T : IReaderWriter"
"Assets/_Project/Scripts/Docking/Dto/DockingDto.cs",24,"network-serialization","SerializeValue(ref stationId);"
"Assets/_Project/Scripts/Docking/Dto/DockingDto.cs",25,"network-serialization","SerializeValue(ref locationId);"
"Assets/_Project/Scripts/Docking/Dto/DockingDto.cs",26,"network-serialization","SerializeValue(ref displayName);"
"Assets/_Project/Scripts/Docking/Dto/DockingDto.cs",27,"network-serialization","SerializeValue(ref platformCenter);"
"Assets/_Project/Scripts/Docking/Dto/DockingDto.cs",28,"network-serialization","SerializeValue(ref platformAltitude);"
"Assets/_Project/Scripts/Docking/Dto/DockingDto.cs",35,"network-serialization","INetworkSerializable"
"Assets/_Project/Scripts/Docking/Dto/DockingDto.cs",44,"network-serialization","NetworkSerialize<T>(BufferSerializer<T> s) where T : IReaderWriter"
"Assets/_Project/Scripts/Docking/Dto/DockingDto.cs",46,"network-serialization","SerializeValue(ref padId);"
"Assets/_Project/Scripts/Docking/Dto/DockingDto.cs",47,"network-serialization","SerializeValue(ref localPosition);"
"Assets/_Project/Scripts/Docking/Dto/DockingDto.cs",48,"network-serialization","SerializeValue(ref localEulerAngles);"
"Assets/_Project/Scripts/Docking/Dto/DockingDto.cs",49,"network-serialization","SerializeValue(ref triggerBoxSize);"
"Assets/_Project/Scripts/Docking/Dto/DockingDto.cs",50,"network-serialization","SerializeValue(ref isOccupied);"
"Assets/_Project/Scripts/Docking/Dto/DockingDto.cs",51,"network-serialization","SerializeValue(ref occupiedByClientId);"
"Assets/_Project/Scripts/Docking/Dto/DockingDto.cs",58,"network-serialization","INetworkSerializable"
"Assets/_Project/Scripts/Docking/Dto/DockingDto.cs",71,"network-serialization","NetworkSerialize<T>(BufferSerializer<T> s) where T : IReaderWriter"
"Assets/_Project/Scripts/Docking/Dto/DockingDto.cs",81,"network-serialization","SerializeValue(ref _stationId);"
"Assets/_Project/Scripts/Docking/Dto/DockingDto.cs",82,"network-serialization","SerializeValue(ref _padId);"
"Assets/_Project/Scripts/Docking/Dto/DockingDto.cs",83,"network-serialization","SerializeValue(ref approachPoint);"
"Assets/_Project/Scripts/Docking/Dto/DockingDto.cs",84,"network-serialization","SerializeValue(ref approachAltitude);"
"Assets/_Project/Scripts/Docking/Dto/DockingDto.cs",85,"network-serialization","SerializeValue(ref approachHeading);"
"Assets/_Project/Scripts/Docking/Dto/DockingDto.cs",86,"network-serialization","SerializeValue(ref landingWindowSeconds);"
"Assets/_Project/Scripts/Docking/Dto/DockingDto.cs",87,"network-serialization","SerializeValue(ref _voiceLine);"
"Assets/_Project/Scripts/Docking/Dto/DockingDto.cs",88,"network-serialization","SerializeValue(ref shipNetworkObjectId);"
"Assets/_Project/Scripts/Docking/Dto/DockingDto.cs",89,"network-serialization","SerializeValue(ref success);"
"Assets/_Project/Scripts/Docking/Dto/DockingDto.cs",90,"network-serialization","SerializeValue(ref _failReason);"
"Assets/_Project/Scripts/Docking/Dto/DockingDto.cs",115,"network-serialization","INetworkSerializable"
"Assets/_Project/Scripts/Docking/Dto/DockingDto.cs",122,"network-serialization","NetworkSerialize<T>(BufferSerializer<T> s) where T : IReaderWriter"
"Assets/_Project/Scripts/Docking/Dto/DockingDto.cs",126,"network-serialization","SerializeValue(ref sByte);"
"Assets/_Project/Scripts/Docking/Dto/DockingDto.cs",130,"network-serialization","SerializeValue(ref _stationId);"
"Assets/_Project/Scripts/Docking/Dto/DockingDto.cs",131,"network-serialization","SerializeValue(ref _padId);"
"Assets/_Project/Scripts/Docking/Dto/DockingDto.cs",132,"network-serialization","SerializeValue(ref timestamp);"
"Assets/_Project/Scripts/Docking/Dto/DockingDto.cs",19,"spatial-member","public Vector3 platformCenter;"
"Assets/_Project/Scripts/Docking/Dto/DockingDto.cs",38,"spatial-member","public Vector3 localPosition;"
"Assets/_Project/Scripts/Docking/Dto/DockingDto.cs",39,"spatial-member","public Vector3 localEulerAngles;"
"Assets/_Project/Scripts/Docking/Dto/DockingDto.cs",40,"spatial-member","public Vector3 triggerBoxSize;"
"Assets/_Project/Scripts/Docking/Dto/DockingDto.cs",62,"spatial-member","public Vector3 approachPoint; // в мировых координатах"
"Assets/_Project/Scripts/Docking/Network/DockStationController.cs",38,"spatial-member","public Vector3 PlatformCenter => transform.position;"
"Assets/_Project/Scripts/Docking/Network/DockStationController.cs",38,"position-access","transform.position;"
"Assets/_Project/Scripts/Docking/Network/DockStationController.cs",41,"position-access","transform.position.y;"
"Assets/_Project/Scripts/Docking/Network/Editor/DockStationControllerEditor.cs",11,"position-access","transform.position."
"Assets/_Project/Scripts/Docking/Network/Editor/DockStationControllerEditor.cs",35,"position-access","transform.position);"
"Assets/_Project/Scripts/Docking/Network/Editor/DockStationControllerEditor.cs",36,"position-access","transform.position.y);"
"Assets/_Project/Scripts/Docking/Stations/DockPadVisualMarker.cs",133,"position-access","transform.localPosition = center + Vector3.up * (height * 0.5f + markerHeight);"
"Assets/_Project/Scripts/Docking/Stations/PadStateSync.cs",9,"network-serialization","INetworkSerializable struct не подходит."
"Assets/_Project/Scripts/Docking/Stations/PadStateSync.cs",21,"network-serialization","INetworkSerializable"
"Assets/_Project/Scripts/Docking/Stations/PadStateSync.cs",30,"network-serialization","NetworkSerialize<T>(BufferSerializer<T> s) where T : IReaderWriter"
"Assets/_Project/Scripts/Docking/Stations/PadStateSync.cs",32,"network-serialization","SerializeValue(ref padId);"
"Assets/_Project/Scripts/Docking/Stations/PadStateSync.cs",33,"network-serialization","SerializeValue(ref isOccupied);"
"Assets/_Project/Scripts/Docking/Stations/PadStateSync.cs",34,"network-serialization","SerializeValue(ref isPending);"
"Assets/_Project/Scripts/Docking/Stations/PadStateSync.cs",35,"network-serialization","SerializeValue(ref isAssigned);"
"Assets/_Project/Scripts/Docking/Stations/PadStateSync.cs",36,"network-serialization","SerializeValue(ref occupiedByClientId);"
"Assets/_Project/Scripts/Docking/Stations/PadStateSync.cs",37,"network-serialization","SerializeValue(ref assignedToClientId);"
"Assets/_Project/Scripts/Docking/Stations/PadStateSync.cs",44,"network-serialization","INetworkSerializable"
"Assets/_Project/Scripts/Docking/Stations/PadStateSync.cs",93,"network-serialization","NetworkSerialize<T>(BufferSerializer<T> s) where T : IReaderWriter"
"Assets/_Project/Scripts/Docking/Stations/PadStateSync.cs",95,"network-serialization","SerializeValue(ref stationId);"
"Assets/_Project/Scripts/Docking/Stations/PadStateSync.cs",96,"network-serialization","SerializeValue(ref padCount);"
"Assets/_Project/Scripts/Docking/Stations/PadStateSync.cs",97,"network-serialization","SerializeValue(ref pad0); s.SerializeValue(ref pad1);"
"Assets/_Project/Scripts/Docking/Stations/PadStateSync.cs",98,"network-serialization","SerializeValue(ref pad2); s.SerializeValue(ref pad3);"
"Assets/_Project/Scripts/Docking/Stations/PadStateSync.cs",99,"network-serialization","SerializeValue(ref pad4); s.SerializeValue(ref pad5);"
"Assets/_Project/Scripts/Docking/Stations/PadStateSync.cs",100,"network-serialization","SerializeValue(ref pad6); s.SerializeValue(ref pad7);"
"Assets/_Project/Scripts/Docking/Stations/PadStateSync.cs",101,"network-serialization","SerializeValue(ref pad8); s.SerializeValue(ref pad9);"
"Assets/_Project/Scripts/Docking/Stations/PadStateSync.cs",102,"network-serialization","SerializeValue(ref pad10); s.SerializeValue(ref pad11);"
"Assets/_Project/Scripts/Docking/Stations/PadStateSync.cs",103,"network-serialization","SerializeValue(ref pad12); s.SerializeValue(ref pad13);"
"Assets/_Project/Scripts/Docking/Stations/PadStateSync.cs",104,"network-serialization","SerializeValue(ref pad14); s.SerializeValue(ref pad15);"
"Assets/_Project/Scripts/Docking/Stations/PadStateSync.cs",105,"network-serialization","SerializeValue(ref pad16); s.SerializeValue(ref pad17);"
"Assets/_Project/Scripts/Docking/Stations/PadStateSync.cs",106,"network-serialization","SerializeValue(ref pad18); s.SerializeValue(ref pad19);"
"Assets/_Project/Scripts/Docking/Stations/PadStateSync.cs",107,"network-serialization","SerializeValue(ref pad20); s.SerializeValue(ref pad21);"
"Assets/_Project/Scripts/Docking/Stations/PadStateSync.cs",108,"network-serialization","SerializeValue(ref pad22); s.SerializeValue(ref pad23);"
"Assets/_Project/Scripts/Docking/Stations/PadStateSync.cs",109,"network-serialization","SerializeValue(ref pad24); s.SerializeValue(ref pad25);"
"Assets/_Project/Scripts/Docking/Stations/PadStateSync.cs",110,"network-serialization","SerializeValue(ref pad26); s.SerializeValue(ref pad27);"
"Assets/_Project/Scripts/Docking/Stations/PadStateSync.cs",111,"network-serialization","SerializeValue(ref pad28); s.SerializeValue(ref pad29);"
"Assets/_Project/Scripts/Docking/Stations/PadStateSync.cs",112,"network-serialization","SerializeValue(ref pad30); s.SerializeValue(ref pad31);"
"Assets/_Project/Scripts/Docking/UI/CommPanelWindow.cs",681,"position-access","transform.position;"
"Assets/_Project/Scripts/Docking/UI/CommPanelWindow.cs",688,"position-access","transform.position, shipPos);"
"Assets/_Project/Scripts/Docking/Zones/OuterCommZone.cs",37,"physics-query","Physics.OverlapSphere (серверный поллинг). Оставьте ~0 для всех слоёв, "" +"
"Assets/_Project/Scripts/Docking/Zones/OuterCommZone.cs",222,"physics-query","Physics.OverlapSphere(transform.position, commRange, pollLayerMask, QueryTriggerInteraction.Ignore);"
"Assets/_Project/Scripts/Docking/Zones/OuterCommZone.cs",262,"physics-query","Physics.OverlapSphere(transform.position, commRange, pollLayerMask, QueryTriggerInteraction.Ignore);"
"Assets/_Project/Scripts/Docking/Zones/OuterCommZone.cs",157,"position-access","transform.position, localPlayer.GetEffectivePosition());"
"Assets/_Project/Scripts/Docking/Zones/OuterCommZone.cs",179,"position-access","transform.position, localShip.transform.position);"
"Assets/_Project/Scripts/Docking/Zones/OuterCommZone.cs",222,"position-access","transform.position, commRange, pollLayerMask, QueryTriggerInteraction.Ignore);"
"Assets/_Project/Scripts/Docking/Zones/OuterCommZone.cs",262,"position-access","transform.position, commRange, pollLayerMask, QueryTriggerInteraction.Ignore);"
"Assets/_Project/Scripts/Docking/Zones/OuterCommZone.cs",291,"position-access","transform.position, np.GetEffectivePosition());"
"Assets/_Project/Scripts/Docking/Zones/OuterCommZone.cs",343,"position-access","transform.position, commRange);"
"Assets/_Project/Scripts/Editor/PortStationCreator.cs",145,"position-access","transform.position = Vector3.zero;"
"Assets/_Project/Scripts/Editor/PortStationCreator.cs",151,"position-access","transform.localPosition = Vector3.zero;"
"Assets/_Project/Scripts/Editor/PortStationCreator.cs",201,"position-access","transform.localPosition = new Vector3(0.132f, 0f, -0.155f);"
"Assets/_Project/Scripts/Editor/PortStationCreator.cs",240,"position-access","transform.localPosition = new Vector3(-24.086f + (i - 1) * _padSpacing, 0f, 7.34f);"
"Assets/_Project/Scripts/Editor/PortStationCreator.cs",291,"position-access","transform.localPosition = Vector3.up * 5f;"
"Assets/_Project/Scripts/Editor/PortStationCreator.cs",343,"position-access","transform.localPosition = Vector3.zero;"
"Assets/_Project/Scripts/Equipment/Dto/EquipResultDto.cs",2,"network-serialization","INetworkSerializable."
"Assets/_Project/Scripts/Equipment/Dto/EquipResultDto.cs",21,"network-serialization","INetworkSerializable, IEquatable<EquipResultDto>"
"Assets/_Project/Scripts/Equipment/Dto/EquipResultDto.cs",28,"network-serialization","NetworkSerialize<T>(BufferSerializer<T> serializer) where T : IReaderWriter"
"Assets/_Project/Scripts/Equipment/Dto/EquipResultDto.cs",31,"network-serialization","SerializeValue(ref codeByte);"
"Assets/_Project/Scripts/Equipment/Dto/EquipResultDto.cs",33,"network-serialization","SerializeValue(ref itemId);"
"Assets/_Project/Scripts/Equipment/Dto/EquipResultDto.cs",35,"network-serialization","SerializeValue(ref slotByte);"
"Assets/_Project/Scripts/Equipment/Dto/EquipResultDto.cs",41,"network-serialization","SerializeValue(ref len);"
"Assets/_Project/Scripts/Equipment/Dto/EquipResultDto.cs",47,"network-serialization","SerializeValue(ref bytes[i]);"
"Assets/_Project/Scripts/Equipment/Dto/EquipResultDto.cs",53,"network-serialization","SerializeValue(ref bytes[i]);"
"Assets/_Project/Scripts/Equipment/Dto/EquipmentSnapshotDto.cs",3,"network-serialization","INetworkSerializable struct. Design: docs/Character/05_CLOTHING_AND_MODULES.md §5."
"Assets/_Project/Scripts/Equipment/Dto/EquipmentSnapshotDto.cs",11,"network-serialization","INetworkSerializable, IEquatable<EquipmentSnapshotDto>"
"Assets/_Project/Scripts/Equipment/Dto/EquipmentSnapshotDto.cs",15,"network-serialization","NetworkSerialize<T>(BufferSerializer<T> serializer) where T : IReaderWriter"
"Assets/_Project/Scripts/Equipment/Dto/EquipmentSnapshotDto.cs",17,"network-serialization","NetworkSerialize"
"Assets/_Project/Scripts/Equipment/Dto/EquipmentSnapshotDto.cs",19,"network-serialization","NetworkSerialize(serializer);"
"Assets/_Project/Scripts/Equipment/EquipmentClientState.cs",42,"lifecycle-placement","DontDestroyOnLoad(gameObject);"
"Assets/_Project/Scripts/Equipment/EquipmentData.cs",28,"network-serialization","INetworkSerializable, IEquatable<EquipmentData>"
"Assets/_Project/Scripts/Equipment/EquipmentData.cs",44,"network-serialization","NetworkSerialize<T>(BufferSerializer<T> serializer) where T : IReaderWriter"
"Assets/_Project/Scripts/Equipment/EquipmentData.cs",51,"network-serialization","SerializeValue(ref slotOccupied[i]);"
"Assets/_Project/Scripts/Equipment/EquipmentData.cs",52,"network-serialization","SerializeValue(ref slotItemIds[i]);"
"Assets/_Project/Scripts/Input/InputBindingsRuntime.cs",30,"lifecycle-placement","DontDestroyOnLoad(go);"
"Assets/_Project/Scripts/Input/InputBindingsRuntime.cs",50,"lifecycle-placement","Instantiate(Config);"
"Assets/_Project/Scripts/Knowledge/KnowledgeToast.cs",101,"position-access","style.position = Position.Absolute;"
"Assets/_Project/Scripts/Knowledge/KnowledgeToast.cs",50,"lifecycle-placement","DontDestroyOnLoad(gameObject);"
"Assets/_Project/Scripts/Knowledge/KnowledgeToast.cs",65,"lifecycle-placement","DontDestroyOnLoad(gameObject);"
"Assets/_Project/Scripts/MetaRequirement/LockBox.cs",56,"spatial-member","private Vector3 _baseScale;"
"Assets/_Project/Scripts/MetaRequirement/LockBox.cs",189,"position-access","transform.position, Vector3.one * 1.5f);"
"Assets/_Project/Scripts/MetaRequirement/MetaRequirementClientState.cs",68,"lifecycle-placement","DontDestroyOnLoad(gameObject);"
"Assets/_Project/Scripts/MetaRequirement/MetaRequirementDto.cs",2,"network-serialization","INetworkSerializable DTO (Project C: The Clouds)"
"Assets/_Project/Scripts/MetaRequirement/MetaRequirementDto.cs",24,"network-serialization","INetworkSerializable"
"Assets/_Project/Scripts/MetaRequirement/MetaRequirementDto.cs",33,"network-serialization","NetworkSerialize<T>(BufferSerializer<T> serializer) where T : IReaderWriter"
"Assets/_Project/Scripts/MetaRequirement/MetaRequirementDto.cs",35,"network-serialization","SerializeValue(ref interactableNetworkObjectId);"
"Assets/_Project/Scripts/MetaRequirement/MetaRequirementDto.cs",36,"network-serialization","SerializeValue(ref displayName);"
"Assets/_Project/Scripts/MetaRequirement/MetaRequirementDto.cs",37,"network-serialization","SerializeValue(ref logic);"
"Assets/_Project/Scripts/MetaRequirement/MetaRequirementDto.cs",38,"network-serialization","SerializeValue(ref requiredCount);"
"Assets/_Project/Scripts/MetaRequirement/MetaRequirementDto.cs",39,"network-serialization","SerializeValue(ref consumeOnUse);"
"Assets/_Project/Scripts/MetaRequirement/MetaRequirementDto.cs",43,"network-serialization","SerializeValue(ref len);"
"Assets/_Project/Scripts/MetaRequirement/MetaRequirementDto.cs",50,"network-serialization","SerializeValue(ref itemIds[i]);"
"Assets/_Project/Scripts/MetaRequirement/MetaRequirementToast.cs",102,"position-access","style.position = Position.Absolute;"
"Assets/_Project/Scripts/MetaRequirement/MetaRequirementToast.cs",57,"lifecycle-placement","DontDestroyOnLoad(gameObject);"
"Assets/_Project/Scripts/Network/NetworkPlayerSpawner.cs",87,"position-access","transform.position} (prefab={playerObject.name})"");"
"Assets/_Project/Scripts/Network/NetworkPlayerSpawner.cs",113,"lifecycle-placement","SpawnAsPlayerObject(NetworkManager.Singleton.LocalClientId);"
"Assets/_Project/Scripts/Network/NetworkPlayerSpawner.cs",119,"lifecycle-placement","Instantiate(thisNetworkObject.gameObject, ...) ← клонировал scene-placed"
"Assets/_Project/Scripts/PeacefulShip/Client/NpcShipClientState.cs",48,"lifecycle-placement","DontDestroyOnLoad(go);"
"Assets/_Project/Scripts/PeacefulShip/Client/NpcShipClientState.cs",59,"lifecycle-placement","DontDestroyOnLoad(gameObject);"
"Assets/_Project/Scripts/PeacefulShip/Core/NavChecks.cs",28,"position-access","transform.position) <= r;"
"Assets/_Project/Scripts/PeacefulShip/Core/NavTarget.cs",15,"spatial-member","public readonly Vector3 Value;"
"Assets/_Project/Scripts/PeacefulShip/Core/NpcShipCargoManifest.cs",5,"network-serialization","INetworkSerializable struct."
"Assets/_Project/Scripts/PeacefulShip/Core/NpcShipCargoManifest.cs",15,"network-serialization","INetworkSerializable"
"Assets/_Project/Scripts/PeacefulShip/Core/NpcShipCargoManifest.cs",21,"network-serialization","NetworkSerialize<T>(BufferSerializer<T> serializer) where T : IReaderWriter"
"Assets/_Project/Scripts/PeacefulShip/Core/NpcShipCargoManifest.cs",23,"network-serialization","SerializeValue(ref itemId);"
"Assets/_Project/Scripts/PeacefulShip/Core/NpcShipCargoManifest.cs",24,"network-serialization","SerializeValue(ref quantity);"
"Assets/_Project/Scripts/PeacefulShip/Core/NpcShipCargoManifest.cs",25,"network-serialization","SerializeValue(ref unitPrice);"
"Assets/_Project/Scripts/PeacefulShip/Core/NpcShipCargoManifest.cs",34,"network-serialization","INetworkSerializable"
"Assets/_Project/Scripts/PeacefulShip/Core/NpcShipCargoManifest.cs",40,"network-serialization","NetworkSerialize<T>(BufferSerializer<T> serializer) where T : IReaderWriter"
"Assets/_Project/Scripts/PeacefulShip/Core/NpcShipCargoManifest.cs",42,"network-serialization","SerializeValue(ref capacitySlots);"
"Assets/_Project/Scripts/PeacefulShip/Core/NpcShipCargoManifest.cs",43,"network-serialization","SerializeValue(ref capacityWeight);"
"Assets/_Project/Scripts/PeacefulShip/Core/NpcShipCargoManifest.cs",46,"network-serialization","SerializeValue(ref len);"
"Assets/_Project/Scripts/PeacefulShip/Core/NpcShipCargoManifest.cs",55,"network-serialization","SerializeValue(ref entry);"
"Assets/_Project/Scripts/PeacefulShip/Core/NpcShipState.cs",35,"spatial-member","public Vector3 LastKnownPosition;"
"Assets/_Project/Scripts/PeacefulShip/Core/NpcShipWorld.cs",483,"spatial-member","private Vector3? ResolveStationWorldPos(string locationId)"
"Assets/_Project/Scripts/PeacefulShip/Core/NpcShipWorld.cs",195,"position-access","transform.position.y;"
"Assets/_Project/Scripts/PeacefulShip/Core/NpcShipWorld.cs",197,"position-access","transform.position.y >= cruiseTarget - 5f || timeInState > 20f)"
"Assets/_Project/Scripts/PeacefulShip/Core/NpcShipWorld.cs",208,"position-access","transform.position, targetPos.Value) < 500f)"
"Assets/_Project/Scripts/PeacefulShip/Core/NpcShipWorld.cs",327,"position-access","transform.position).normalized;"
"Assets/_Project/Scripts/PeacefulShip/Core/NpcShipWorld.cs",328,"position-access","transform.position, targetPos.Value) - ship.transform.eulerAngles.y;"
"Assets/_Project/Scripts/PeacefulShip/Core/NpcShipWorld.cs",335,"position-access","transform.position.y;"
"Assets/_Project/Scripts/PeacefulShip/Core/NpcShipWorld.cs",337,"position-access","transform.position.y;"
"Assets/_Project/Scripts/PeacefulShip/Core/NpcShipWorld.cs",356,"position-access","transform.position, targetPos.Value);"
"Assets/_Project/Scripts/PeacefulShip/Core/NpcShipWorld.cs",359,"position-access","transform.position).normalized;"
"Assets/_Project/Scripts/PeacefulShip/Core/NpcShipWorld.cs",360,"position-access","transform.position, targetPos.Value) - ship.transform.eulerAngles.y;"
"Assets/_Project/Scripts/PeacefulShip/Core/NpcShipWorld.cs",367,"position-access","transform.position.y;"
"Assets/_Project/Scripts/PeacefulShip/Core/NpcShipWorld.cs",442,"position-access","transform.position : Vector3.zero;"
"Assets/_Project/Scripts/PeacefulShip/Core/NpcShipWorld.cs",460,"position-access","transform.position, targetPos.Value);"
"Assets/_Project/Scripts/PeacefulShip/Core/NpcShipWorld.cs",488,"position-access","transform.position;"
"Assets/_Project/Scripts/PeacefulShip/Core/NpcShipWorld.cs",60,"lifecycle-placement","DontDestroyOnLoad(go);"
"Assets/_Project/Scripts/PeacefulShip/Crew/ShipCrewSpawner.cs",154,"position-access","spawnAnchor.position, spawnAnchor.rotation);"
"Assets/_Project/Scripts/PeacefulShip/Crew/ShipCrewSpawner.cs",154,"lifecycle-placement","Instantiate(member.prefab, spawnAnchor.position, spawnAnchor.rotation);"
"Assets/_Project/Scripts/PeacefulShip/Dto/NpcShipSpawnDto.cs",2,"network-serialization","INetworkSerializable struct."
"Assets/_Project/Scripts/PeacefulShip/Dto/NpcShipSpawnDto.cs",12,"network-serialization","INetworkSerializable"
"Assets/_Project/Scripts/PeacefulShip/Dto/NpcShipSpawnDto.cs",18,"network-serialization","NetworkSerialize)"
"Assets/_Project/Scripts/PeacefulShip/Dto/NpcShipSpawnDto.cs",22,"network-serialization","NetworkSerialize<T>(BufferSerializer<T> serializer) where T : IReaderWriter"
"Assets/_Project/Scripts/PeacefulShip/Dto/NpcShipSpawnDto.cs",24,"network-serialization","SerializeValue(ref npcInstanceId);"
"Assets/_Project/Scripts/PeacefulShip/Dto/NpcShipSpawnDto.cs",25,"network-serialization","SerializeValue(ref shipNetworkObjectId);"
"Assets/_Project/Scripts/PeacefulShip/Dto/NpcShipSpawnDto.cs",26,"network-serialization","SerializeValue(ref displayName);"
"Assets/_Project/Scripts/PeacefulShip/Dto/NpcShipSpawnDto.cs",27,"network-serialization","SerializeValue(ref scheduleId);"
"Assets/_Project/Scripts/PeacefulShip/Dto/NpcShipSpawnDto.cs",28,"network-serialization","SerializeValue(ref statusRaw);"
"Assets/_Project/Scripts/PeacefulShip/Dto/NpcShipSpawnDto.cs",29,"network-serialization","SerializeValue(ref capacitySlots);"
"Assets/_Project/Scripts/PeacefulShip/Dto/NpcShipSpawnDto.cs",30,"network-serialization","SerializeValue(ref capacityWeight);"
"Assets/_Project/Scripts/PeacefulShip/Dto/NpcShipStatusDto.cs",2,"network-serialization","INetworkSerializable struct."
"Assets/_Project/Scripts/PeacefulShip/Dto/NpcShipStatusDto.cs",12,"network-serialization","INetworkSerializable"
"Assets/_Project/Scripts/PeacefulShip/Dto/NpcShipStatusDto.cs",15,"network-serialization","NetworkSerialize)"
"Assets/_Project/Scripts/PeacefulShip/Dto/NpcShipStatusDto.cs",19,"network-serialization","NetworkSerialize<T>(BufferSerializer<T> serializer) where T : IReaderWriter"
"Assets/_Project/Scripts/PeacefulShip/Dto/NpcShipStatusDto.cs",21,"network-serialization","SerializeValue(ref npcInstanceId);"
"Assets/_Project/Scripts/PeacefulShip/Dto/NpcShipStatusDto.cs",22,"network-serialization","SerializeValue(ref statusRaw);"
"Assets/_Project/Scripts/PeacefulShip/Dto/NpcShipStatusDto.cs",23,"network-serialization","SerializeValue(ref currentStationId);"
"Assets/_Project/Scripts/PeacefulShip/Dto/NpcShipStatusDto.cs",24,"network-serialization","SerializeValue(ref timestamp);"
"Assets/_Project/Scripts/PeacefulShip/Network/NpcCargoService.cs",42,"lifecycle-placement","DontDestroyOnLoad(go);"
"Assets/_Project/Scripts/PeacefulShip/Network/NpcShipTrafficManager.cs",45,"lifecycle-placement","DontDestroyOnLoad(go);"
"Assets/_Project/Scripts/PeacefulShip/Stations/NpcProximityZone.cs",96,"spatial-member","public Bounds GetAvoidanceBounds()"
"Assets/_Project/Scripts/PeacefulShip/Stations/NpcProximityZone.cs",105,"spatial-member","private Bounds GetClearBounds()"
"Assets/_Project/Scripts/PeacefulShip/Stations/NpcProximityZone.cs",114,"spatial-member","public Vector3 ClosestPoint(Vector3 worldPos)"
"Assets/_Project/Scripts/PeacefulShip/Stations/NpcProximityZone.cs",127,"spatial-member","private Vector3 ClosestClearPoint(Vector3 worldPos)"
"Assets/_Project/Scripts/PeacefulShip/Stations/NpcProximityZone.cs",98,"position-access","transform.position, Vector3.zero);"
"Assets/_Project/Scripts/PeacefulShip/Stations/NpcProximityZone.cs",107,"position-access","transform.position, Vector3.zero);"
"Assets/_Project/Scripts/PeacefulShip/Stations/NpcProximityZone.cs",118,"position-access","transform.position;"
"Assets/_Project/Scripts/PeacefulShip/Stations/NpcProximityZone.cs",121,"position-access","transform.position + toPos.normalized * avoidanceRadius;"
"Assets/_Project/Scripts/PeacefulShip/Stations/NpcProximityZone.cs",132,"position-access","transform.position;"
"Assets/_Project/Scripts/PeacefulShip/Stations/NpcProximityZone.cs",135,"position-access","transform.position + toPos.normalized * r;"
"Assets/_Project/Scripts/PeacefulShip/Stations/NpcProximityZone.cs",159,"position-access","transform.position, other.transform.position);"
"Assets/_Project/Scripts/PeacefulShip/Stations/NpcProximityZone.cs",165,"position-access","transform.position)"
"Assets/_Project/Scripts/PeacefulShip/Stations/NpcProximityZone.cs",166,"position-access","transform.position);"
"Assets/_Project/Scripts/PeacefulShip/Stations/NpcProximityZone.cs",167,"position-access","transform.position, otherClosest) < myExt;"
"Assets/_Project/Scripts/PeacefulShip/Stations/NpcProximityZone.cs",172,"position-access","transform.position)"
"Assets/_Project/Scripts/PeacefulShip/Stations/NpcProximityZone.cs",173,"position-access","transform.position);"
"Assets/_Project/Scripts/PeacefulShip/Stations/NpcProximityZone.cs",174,"position-access","transform.position, myClosest) < otherExt;"
"Assets/_Project/Scripts/PeacefulShip/Stations/NpcProximityZone.cs",189,"position-access","transform.position, other.transform.position);"
"Assets/_Project/Scripts/PeacefulShip/Stations/NpcProximityZone.cs",192,"position-access","transform.position, other.ClosestPoint(transform.position));"
"Assets/_Project/Scripts/PeacefulShip/Stations/NpcProximityZone.cs",195,"position-access","transform.position, ClosestPoint(other.transform.position));"
"Assets/_Project/Scripts/PeacefulShip/Stations/NpcProximityZone.cs",218,"position-access","transform.position;"
"Assets/_Project/Scripts/PeacefulShip/Stations/NpcProximityZone.cs",230,"position-access","transform.position);"
"Assets/_Project/Scripts/PeacefulShip/Stations/NpcProximityZone.cs",266,"position-access","transform.position;"
"Assets/_Project/Scripts/PeacefulShip/Stations/NpcProximityZone.cs",307,"position-access","transform.position, ClearExtent);"
"Assets/_Project/Scripts/PeacefulShip/Stations/NpcProximityZone.cs",321,"position-access","transform.position, awarenessRadius);"
"Assets/_Project/Scripts/PeacefulShip/Stations/NpcProximityZone.cs",326,"position-access","transform.position, avoidanceRadius);"
"Assets/_Project/Scripts/PeacefulShip/Stations/NpcProximityZoneBuilds.cs",84,"spatial-member","public Vector3 ClosestPoint(Vector3 point)"
"Assets/_Project/Scripts/PeacefulShip/Stations/NpcProximityZoneBuilds.cs",136,"position-access","transform.position, 3f);"
"Assets/_Project/Scripts/PeacefulShip/Stations/NpcProximityZoneBuilds.cs",137,"position-access","transform.position + Vector3.up * 4f,"
"Assets/_Project/Scripts/PeacefulShip/Stations/NpcShipController.cs",870,"physics-query","Physics.Raycast(origin, dir, out var hit, avoidEscapeMaxDist))"
"Assets/_Project/Scripts/PeacefulShip/Stations/NpcShipController.cs",332,"spatial-member","public Vector3 CruiseTargetPos { get; set; }"
"Assets/_Project/Scripts/PeacefulShip/Stations/NpcShipController.cs",392,"spatial-member","private Vector3 _avoidFromPos;"
"Assets/_Project/Scripts/PeacefulShip/Stations/NpcShipController.cs",393,"spatial-member","private Vector3 _escapeDir; // T-NS-BZ07: raycast-computed escape direction"
"Assets/_Project/Scripts/PeacefulShip/Stations/NpcShipController.cs",281,"position-access","rb.position = worldPos;"
"Assets/_Project/Scripts/PeacefulShip/Stations/NpcShipController.cs",481,"position-access","transform.position.y;"
"Assets/_Project/Scripts/PeacefulShip/Stations/NpcShipController.cs",515,"position-access","rb.position)}"");"
"Assets/_Project/Scripts/PeacefulShip/Stations/NpcShipController.cs",570,"position-access","rb.position.y;"
"Assets/_Project/Scripts/PeacefulShip/Stations/NpcShipController.cs",594,"position-access","rb.position;"
"Assets/_Project/Scripts/PeacefulShip/Stations/NpcShipController.cs",614,"position-access","rb.position;"
"Assets/_Project/Scripts/PeacefulShip/Stations/NpcShipController.cs",619,"position-access","rb.position, zone.transform.position) < zone.CommRange) {"
"Assets/_Project/Scripts/PeacefulShip/Stations/NpcShipController.cs",643,"position-access","rb.position.y) * 0.5f;"
"Assets/_Project/Scripts/PeacefulShip/Stations/NpcShipController.cs",673,"position-access","rb.position;"
"Assets/_Project/Scripts/PeacefulShip/Stations/NpcShipController.cs",699,"position-access","transform.position;"
"Assets/_Project/Scripts/PeacefulShip/Stations/NpcShipController.cs",728,"position-access","transform.position;"
"Assets/_Project/Scripts/PeacefulShip/Stations/NpcShipController.cs",887,"position-access","rb.position) ?? other.transform.position;"
"Assets/_Project/Scripts/PeacefulShip/Stations/NpcShipController.cs",888,"position-access","rb.position);"
"Assets/_Project/Scripts/PeacefulShip/Stations/NpcShipController.cs",914,"position-access","rb.position);"
"Assets/_Project/Scripts/PeacefulShip/Stations/NpcShipController.cs",915,"position-access","rb.position);"
"Assets/_Project/Scripts/PeacefulShip/Stations/NpcShipController.cs",936,"position-access","rb.position - _avoidFromPos;"
"Assets/_Project/Scripts/Player/CharacterCustomisationApplier.cs",287,"lifecycle-placement","Instantiate(targetModel, _visualRoot, worldPositionStays: false);"
"Assets/_Project/Scripts/Player/CharacterEquipmentVisualApplier.cs",195,"position-access","transform.localPosition = item.attachPositionOffset;"
"Assets/_Project/Scripts/Player/CharacterEquipmentVisualApplier.cs",190,"lifecycle-placement","Instantiate(item.visualPrefab);"
"Assets/_Project/Scripts/Player/Editor/ShipControllerEditor.cs",222,"position-access","transform.position.y:F1} m"");"
"Assets/_Project/Scripts/Player/NetworkPlayer.cs",1814,"spatial-rpc-signature","private void HidePickupRpc(Vector3 targetPos, RpcParams rpcParams = default)"
"Assets/_Project/Scripts/Player/NetworkPlayer.cs",1848,"spatial-rpc-signature","private void OpenChestRpc(Vector3 targetPos, RpcParams rpcParams = default)"
"Assets/_Project/Scripts/Player/NetworkPlayer.cs",1884,"spatial-rpc-signature","public void ApplyServerPositionRpc(Vector3 serverPosition, RpcParams rpcParams = default)"
"Assets/_Project/Scripts/Player/NetworkPlayer.cs",1913,"spatial-rpc-signature","public void TeleportServerRpc(Vector3 position)"
"Assets/_Project/Scripts/Player/NetworkPlayer.cs",1943,"spatial-rpc-signature","public void TeleportAllClientRpc(Vector3 position, RpcParams rpcParams = default)"
"Assets/_Project/Scripts/Player/NetworkPlayer.cs",2048,"network-variable","NetworkVariable<InventoryData> для авто-синхронизации ВСЕМ клиентам —"
"Assets/_Project/Scripts/Player/NetworkPlayer.cs",1080,"physics-query","Physics.SphereCast(origin, radius, Vector3.down, out RaycastHit hit,"
"Assets/_Project/Scripts/Player/NetworkPlayer.cs",87,"spatial-member","private Vector3 _velocity;"
"Assets/_Project/Scripts/Player/NetworkPlayer.cs",91,"spatial-member","private Vector3 _platformLastPos;"
"Assets/_Project/Scripts/Player/NetworkPlayer.cs",94,"spatial-member","private Vector3 _platformDelta;"
"Assets/_Project/Scripts/Player/NetworkPlayer.cs",98,"spatial-member","private Vector3 _windVelocity = Vector3.zero;"
"Assets/_Project/Scripts/Player/NetworkPlayer.cs",99,"spatial-member","private Vector3 _windVelocitySmooth = Vector3.zero;"
"Assets/_Project/Scripts/Player/NetworkPlayer.cs",111,"spatial-member","private Vector2 _moveInput;"
"Assets/_Project/Scripts/Player/NetworkPlayer.cs",158,"spatial-member","private Vector3 _originalScale;"
"Assets/_Project/Scripts/Player/NetworkPlayer.cs",176,"spatial-member","private Vector3 _serverPosition;"
"Assets/_Project/Scripts/Player/NetworkPlayer.cs",205,"spatial-member","public Vector3 GetEffectivePosition()"
"Assets/_Project/Scripts/Player/NetworkPlayer.cs",1205,"spatial-member","private Vector3 GetGlobalWindTargetVelocity()"
"Assets/_Project/Scripts/Player/NetworkPlayer.cs",200,"position-access","transform.position игрока заморожен на точке посадки, пока корабль"
"Assets/_Project/Scripts/Player/NetworkPlayer.cs",201,"position-access","transform.position в любых дистанционных"
"Assets/_Project/Scripts/Player/NetworkPlayer.cs",207,"position-access","transform.position;"
"Assets/_Project/Scripts/Player/NetworkPlayer.cs",208,"position-access","transform.position;"
"Assets/_Project/Scripts/Player/NetworkPlayer.cs",516,"position-access","transform.position + Vector3.up * 1.5f;"
"Assets/_Project/Scripts/Player/NetworkPlayer.cs",532,"position-access","transform.position - transform.position).sqrMagnitude;"
"Assets/_Project/Scripts/Player/NetworkPlayer.cs",697,"position-access","transform.position);"
"Assets/_Project/Scripts/Player/NetworkPlayer.cs",921,"position-access","transform.position, _serverPosition);"
"Assets/_Project/Scripts/Player/NetworkPlayer.cs",926,"position-access","transform.position}, _serverPos={_serverPosition}"");"
"Assets/_Project/Scripts/Player/NetworkPlayer.cs",928,"position-access","transform.position = Vector3.Lerp(transform.position, _serverPosition, positionCorrectionSpeed * Time.fixedDeltaTime);"
"Assets/_Project/Scripts/Player/NetworkPlayer.cs",1076,"position-access","transform.position + _controller.center;"
"Assets/_Project/Scripts/Player/NetworkPlayer.cs",1143,"position-access","platform.position;"
"Assets/_Project/Scripts/Player/NetworkPlayer.cs",1150,"position-access","platform.position - _platformLastPos;"
"Assets/_Project/Scripts/Player/NetworkPlayer.cs",1157,"position-access","platform.position;"
"Assets/_Project/Scripts/Player/NetworkPlayer.cs",1169,"position-access","transform.position - platform.position;"
"Assets/_Project/Scripts/Player/NetworkPlayer.cs",1182,"position-access","platform.position;"
"Assets/_Project/Scripts/Player/NetworkPlayer.cs",1263,"position-access","transform.position = _currentShip.GetExitPosition();"
"Assets/_Project/Scripts/Player/NetworkPlayer.cs",1334,"position-access","transform.position, boardDistance);"
"Assets/_Project/Scripts/Player/NetworkPlayer.cs",1432,"position-access","transform.position);"
"Assets/_Project/Scripts/Player/NetworkPlayer.cs",1453,"position-access","transform.position);"
"Assets/_Project/Scripts/Player/NetworkPlayer.cs",1473,"position-access","transform.position - position).sqrMagnitude <= radius * radius)"
"Assets/_Project/Scripts/Player/NetworkPlayer.cs",1514,"position-access","transform.position, chest.transform.position);"
"Assets/_Project/Scripts/Player/NetworkPlayer.cs",1525,"position-access","transform.position, float.MaxValue);"
"Assets/_Project/Scripts/Player/NetworkPlayer.cs",1530,"position-access","transform.position, pickupRange);"
"Assets/_Project/Scripts/Player/NetworkPlayer.cs",1534,"position-access","transform.position, pickupRange);"
"Assets/_Project/Scripts/Player/NetworkPlayer.cs",1568,"position-access","transform.position);"
"Assets/_Project/Scripts/Player/NetworkPlayer.cs",1630,"position-access","transform.position}"");"
"Assets/_Project/Scripts/Player/NetworkPlayer.cs",1658,"position-access","transform.position}"");"
"Assets/_Project/Scripts/Player/NetworkPlayer.cs",1716,"position-access","transform.position);"
"Assets/_Project/Scripts/Player/NetworkPlayer.cs",1749,"position-access","transform.position);"
"Assets/_Project/Scripts/Player/NetworkPlayer.cs",1790,"position-access","transform.position);"
"Assets/_Project/Scripts/Player/NetworkPlayer.cs",1820,"position-access","transform.position);"
"Assets/_Project/Scripts/Player/NetworkPlayer.cs",1854,"position-access","transform.position);"
"Assets/_Project/Scripts/Player/NetworkPlayer.cs",1949,"position-access","transform.position = position;"
"Assets/_Project/Scripts/Player/NetworkPlayer.cs",1963,"position-access","transform.position = position;"
"Assets/_Project/Scripts/Player/NetworkPlayer.cs",647,"lifecycle-placement","Instantiate(cameraPrefab.gameObject);"
"Assets/_Project/Scripts/Player/NetworkPlayer.cs",182,"legacy-origin","FloatingOriginMP cooldown removed - scene-based architecture doesn't use world shifting"
"Assets/_Project/Scripts/Player/NetworkPlayer.cs",362,"legacy-origin","FloatingOriginMP subscriptions removed - scene-based architecture doesn't use world shifting"
"Assets/_Project/Scripts/Player/NetworkPlayer.cs",363,"legacy-origin","FloatingOriginMP"
"Assets/_Project/Scripts/Player/NetworkPlayer.cs",634,"legacy-origin","FloatingOriginMP event handling removed - scene-based doesn't use world shifting"
"Assets/_Project/Scripts/Player/NetworkPlayer.cs",643,"legacy-origin","FloatingOriginMP:"
"Assets/_Project/Scripts/Player/NetworkPlayer.cs",645,"legacy-origin","FloatingOriginMP пытался рапаренчить игрока под WorldRoot → краш иерархии"
"Assets/_Project/Scripts/Player/NetworkPlayer.cs",909,"legacy-origin","FloatingOriginMP"
"Assets/_Project/Scripts/Player/NetworkPlayer.cs",1878,"legacy-origin","FloatingOriginMP."
"Assets/_Project/Scripts/Player/NetworkPlayer.cs",1887,"legacy-origin","FloatingOriginMP"
"Assets/_Project/Scripts/Player/PlayerController.cs",40,"spatial-member","private Vector3 _velocity;"
"Assets/_Project/Scripts/Player/PlayerController.cs",48,"spatial-member","private Vector2 _moveInput;"
"Assets/_Project/Scripts/Player/PlayerInputReader.cs",44,"spatial-member","private Vector2 _moveInput;"
"Assets/_Project/Scripts/Player/PlayerInputReader.cs",50,"spatial-member","private Vector2 _mouseDelta;"
"Assets/_Project/Scripts/Player/PlayerInputReader.cs",154,"spatial-member","public Vector2 MoveInput => _moveInput;"
"Assets/_Project/Scripts/Player/PlayerInputReader.cs",164,"spatial-member","public Vector2 MouseDelta => _mouseDelta;"
"Assets/_Project/Scripts/Player/PlayerRespawnTracker.cs",224,"spatial-rpc-signature","private void TeleportToClientRpc(Vector3 targetPosition)"
"Assets/_Project/Scripts/Player/PlayerRespawnTracker.cs",246,"physics-query","Physics.SyncTransforms();"
"Assets/_Project/Scripts/Player/PlayerRespawnTracker.cs",74,"position-access","transform.position.y;"
"Assets/_Project/Scripts/Player/PlayerRespawnTracker.cs",201,"position-access","transform.position - transform.position).sqrMagnitude;"
"Assets/_Project/Scripts/Player/PlayerRespawnTracker.cs",232,"position-access","transform.position = targetPosition;"
"Assets/_Project/Scripts/Player/PlayerStateMachine.cs",117,"position-access","transform.position = shipToExit.GetExitPosition();"
"Assets/_Project/Scripts/Player/PlayerStateMachine.cs",194,"position-access","transform.position, ship.transform.position);"
"Assets/_Project/Scripts/Player/RespawnPointData.cs",15,"spatial-member","public Vector3 fallbackPosition;"
"Assets/_Project/Scripts/Player/RespawnPointData.cs",28,"spatial-member","public readonly Vector3 GetEffectivePosition()"
"Assets/_Project/Scripts/Player/RespawnPointData.cs",26,"position-access","spawnPoint.position если назначен, иначе fallbackPosition."
"Assets/_Project/Scripts/Player/RespawnPointData.cs",30,"position-access","spawnPoint.position : fallbackPosition;"
"Assets/_Project/Scripts/Player/ShipController.cs",2392,"spatial-rpc-signature","public void RecallShipToPadServerRpc(Vector3 padPosition, int cost, RpcParams rpcParams = default)"
"Assets/_Project/Scripts/Player/ShipController.cs",99,"network-variable","NetworkVariable<bool> _netIsDocked = new NetworkVariable<bool>("
"Assets/_Project/Scripts/Player/ShipController.cs",104,"network-variable","NetworkVariable<bool> _netEngineRunning = new NetworkVariable<bool>("
"Assets/_Project/Scripts/Player/ShipController.cs",893,"network-variable","NetworkVariable<float> _serverCargoPenalty = new NetworkVariable<float>("
"Assets/_Project/Scripts/Player/ShipController.cs",905,"network-variable","NetworkVariable<ShipTelemetryState> — server-authoritative"
"Assets/_Project/Scripts/Player/ShipController.cs",909,"network-variable","NetworkVariable<ShipTelemetryState> _telemetryState = new NetworkVariable<ShipTelemetryState>("
"Assets/_Project/Scripts/Player/ShipController.cs",1447,"physics-query","Physics.gravity.y);"
"Assets/_Project/Scripts/Player/ShipController.cs",1577,"physics-query","Physics.gravity.y) * antiGravity;"
"Assets/_Project/Scripts/Player/ShipController.cs",1840,"physics-query","Physics.Raycast(transform.position, Vector3.down, out _, 1.5f);"
"Assets/_Project/Scripts/Player/ShipController.cs",442,"spatial-member","private Vector3 _activeMeziyTorque; // Применяемый момент от мезиевой тяги"
"Assets/_Project/Scripts/Player/ShipController.cs",486,"spatial-member","private Vector3 _currentWindForce;"
"Assets/_Project/Scripts/Player/ShipController.cs",489,"spatial-member","private Vector3 _currentGlobalWindForce = Vector3.zero;"
"Assets/_Project/Scripts/Player/ShipController.cs",1841,"spatial-member","public Vector3 GetExitPosition() => transform.position + Vector3.up * 1.5f;"
"Assets/_Project/Scripts/Player/ShipController.cs",1853,"spatial-member","public Vector3 AngularVelocity => _rb != null ? _rb.angularVelocity : Vector3.zero;"
"Assets/_Project/Scripts/Player/ShipController.cs",1101,"position-access","transform.position,"
"Assets/_Project/Scripts/Player/ShipController.cs",1763,"position-access","transform.position.y;"
"Assets/_Project/Scripts/Player/ShipController.cs",1766,"position-access","transform.position);"
"Assets/_Project/Scripts/Player/ShipController.cs",1840,"position-access","transform.position, Vector3.down, out _, 1.5f);"
"Assets/_Project/Scripts/Player/ShipController.cs",1841,"position-access","transform.position + Vector3.up * 1.5f;"
"Assets/_Project/Scripts/Player/ShipController.cs",2259,"position-access","transform.position);"
"Assets/_Project/Scripts/Player/ShipController.cs",2371,"position-access","transform.position);"
"Assets/_Project/Scripts/Player/ShipController.cs",2419,"position-access","_rb.position = padPosition;"
"Assets/_Project/Scripts/Player/ThirdPersonCameraDefault_EmptyTEST.cs",13,"spatial-member","private Vector3 _offset = new Vector3(0f, 2f, -5f);"
"Assets/_Project/Scripts/Player/ThirdPersonCameraDefault_EmptyTEST.cs",26,"position-access","transform.position = _target.position + _target.rotation * _offset;"
"Assets/_Project/Scripts/Rendering/VolumetricCloudsRenderFeature.cs",435,"spatial-member","public Vector4 TargetSize;"
"Assets/_Project/Scripts/ResourceNode/GatheringClientState.cs",77,"lifecycle-placement","DontDestroyOnLoad(gameObject);"
"Assets/_Project/Scripts/ResourceNode/GatheringServer.cs",392,"network-serialization","INetworkSerializable"
"Assets/_Project/Scripts/ResourceNode/GatheringServer.cs",403,"network-serialization","NetworkSerialize<T>(BufferSerializer<T> s) where T : IReaderWriter"
"Assets/_Project/Scripts/ResourceNode/GatheringServer.cs",405,"network-serialization","SerializeValue(ref code);"
"Assets/_Project/Scripts/ResourceNode/GatheringServer.cs",406,"network-serialization","SerializeValue(ref progress);"
"Assets/_Project/Scripts/ResourceNode/GatheringServer.cs",407,"network-serialization","SerializeValue(ref quantity);"
"Assets/_Project/Scripts/ResourceNode/GatheringServer.cs",408,"network-serialization","SerializeValue(ref isDepleted);"
"Assets/_Project/Scripts/ResourceNode/GatheringServer.cs",409,"network-serialization","SerializeValue"
"Assets/_Project/Scripts/ResourceNode/GatheringServer.cs",412,"network-serialization","SerializeValue(ref n);"
"Assets/_Project/Scripts/ResourceNode/GatheringServer.cs",414,"network-serialization","SerializeValue(ref r);"
"Assets/_Project/Scripts/ResourceNode/GatheringServer.cs",347,"position-access","transform.position, node.transform.position);"
"Assets/_Project/Scripts/ResourceNode/GatheringToastController.cs",88,"position-access","style.position = Position.Absolute;"
"Assets/_Project/Scripts/ResourceNode/GatheringToastController.cs",40,"lifecycle-placement","DontDestroyOnLoad(gameObject);"
"Assets/_Project/Scripts/ResourceNode/ResourceNode.cs",76,"network-variable","NetworkVariable<ResourceNodeState> _replicatedState = new NetworkVariable<ResourceNodeState>("
"Assets/_Project/Scripts/ResourceNode/ResourceNode.cs",109,"spatial-member","private Vector3 _baseScale;"
"Assets/_Project/Scripts/ResourceNode/ResourceNode.cs",434,"position-access","transform.position, _config.GatherRange);"
"Assets/_Project/Scripts/Ship/AltitudeCorridorData.cs",38,"spatial-member","public Vector3 cityCenter;"
"Assets/_Project/Scripts/Ship/Cargo/ShipCargoConsole.cs",42,"spatial-member","public Vector3 Position => transform.position;"
"Assets/_Project/Scripts/Ship/Cargo/ShipCargoConsole.cs",42,"position-access","transform.position;"
"Assets/_Project/Scripts/Ship/Cargo/ShipCargoConsole.cs",120,"position-access","transform.position, _interactionRadius);"
"Assets/_Project/Scripts/Ship/Cargo/ShipCargoVisual.cs",9,"network-variable","NetworkVariable<ShipTelemetryState> → NGO sync"
"Assets/_Project/Scripts/Ship/Cargo/ShipCargoVisual.cs",409,"spatial-member","private Vector3 CalculateBoxPosition(int index, int total)"
"Assets/_Project/Scripts/Ship/Cargo/ShipCargoVisual.cs",443,"spatial-member","private Vector3 CalculateBoxScale()"
"Assets/_Project/Scripts/Ship/Cargo/ShipCargoVisual.cs",363,"position-access","transform.localPosition = CalculateBoxPosition(index, total);"
"Assets/_Project/Scripts/Ship/Cargo/ShipCargoVisual.cs",525,"position-access","transform.localPosition = new Vector3("
"Assets/_Project/Scripts/Ship/Cargo/ShipCargoVisual.cs",385,"lifecycle-placement","Instantiate(prefab);"
"Assets/_Project/Scripts/Ship/Cargo/ShipCargoVisual.cs",498,"lifecycle-placement","Instantiate(prefab);"
"Assets/_Project/Scripts/Ship/Combat/ShipHull.cs",5,"network-variable","NetworkVariable<int> hull — сервер пишет, все читают."
"Assets/_Project/Scripts/Ship/Combat/ShipHull.cs",60,"network-variable","NetworkVariable<int> _hull = new NetworkVariable<int>("
"Assets/_Project/Scripts/Ship/Combat/ShipHull.cs",63,"network-variable","NetworkVariable<int> _maxHull = new NetworkVariable<int>("
"Assets/_Project/Scripts/Ship/Combat/ShipHull.cs",151,"spatial-member","public Vector3 GetPosition() => transform.position;"
"Assets/_Project/Scripts/Ship/Combat/ShipHull.cs",151,"position-access","transform.position;"
"Assets/_Project/Scripts/Ship/DoorController.cs",21,"network-variable","NetworkVariable<bool> IsOpen."
"Assets/_Project/Scripts/Ship/DoorController.cs",29,"spatial-member","private Vector3 slideDirection = Vector3.right;"
"Assets/_Project/Scripts/Ship/DoorController.cs",49,"spatial-member","private Vector3 _closedPos;"
"Assets/_Project/Scripts/Ship/DoorController.cs",50,"spatial-member","private Vector3 _openPos;"
"Assets/_Project/Scripts/Ship/DoorController.cs",67,"position-access","doorModel.localPosition;"
"Assets/_Project/Scripts/Ship/DoorController.cs",72,"position-access","doorModel.localPosition = _openPos;"
"Assets/_Project/Scripts/Ship/DoorController.cs",112,"position-access","doorModel.localPosition;"
"Assets/_Project/Scripts/Ship/DoorController.cs",121,"position-access","doorModel.localPosition = Vector3.Lerp(start, target, t);"
"Assets/_Project/Scripts/Ship/DoorController.cs",125,"position-access","doorModel.localPosition = target;"
"Assets/_Project/Scripts/Ship/DoorController.cs",138,"position-access","doorModel.position;"
"Assets/_Project/Scripts/Ship/Editor/ModuleShopDatabaseEditor.cs",18,"spatial-member","private Vector2 _scrollPos;"
"Assets/_Project/Scripts/Ship/Editor/ModuleShopDatabaseEditor.cs",267,"spatial-member","private Vector2 _scroll;"
"Assets/_Project/Scripts/Ship/Editor/ModuleSlotEditor.cs",132,"position-access","transform.localPosition = module.attachPositionOffset;"
"Assets/_Project/Scripts/Ship/Editor/RepairManagerEditor.cs",13,"spatial-member","private Vector2 _scrollPos;"
"Assets/_Project/Scripts/Ship/Engine/EngineThrusterVisual.cs",33,"spatial-member","private Vector3 _rotationAxis = Vector3.forward;"
"Assets/_Project/Scripts/Ship/Engine/EngineThrusterVisual.cs",71,"spatial-member","private Vector3 _visualsBaseLocalPos;"
"Assets/_Project/Scripts/Ship/Engine/EngineThrusterVisual.cs",73,"spatial-member","private Vector3 _propellerBaseLocalPos;"
"Assets/_Project/Scripts/Ship/Engine/EngineThrusterVisual.cs",92,"position-access","_visuals.position);"
"Assets/_Project/Scripts/Ship/Engine/EngineThrusterVisual.cs",102,"position-access","_propeller.position);"
"Assets/_Project/Scripts/Ship/Engine/EngineThrusterVisual.cs",180,"position-access","_pivotPoint.position);"
"Assets/_Project/Scripts/Ship/Engine/EngineThrusterVisual.cs",92,"point-conversion","InverseTransformPoint(_visuals.position);"
"Assets/_Project/Scripts/Ship/Engine/EngineThrusterVisual.cs",102,"point-conversion","InverseTransformPoint(_propeller.position);"
"Assets/_Project/Scripts/Ship/Engine/EngineThrusterVisual.cs",180,"point-conversion","InverseTransformPoint(_pivotPoint.position);"
"Assets/_Project/Scripts/Ship/Engine/EngineThrusterVisual.cs",188,"point-conversion","SetPositionAndRotation("
"Assets/_Project/Scripts/Ship/Engine/EngineThrusterVisual.cs",189,"point-conversion","TransformPoint(targetLocalPos),"
"Assets/_Project/Scripts/Ship/Engine/EngineThrusterVisual.cs",210,"point-conversion","SetPositionAndRotation("
"Assets/_Project/Scripts/Ship/Engine/EngineThrusterVisual.cs",211,"point-conversion","TransformPoint(targetLocalPos),"
"Assets/_Project/Scripts/Ship/MeziyThrusterVisual.cs",174,"position-access","transform.localPosition = Vector3.back * 1.5f; // Позиция ""сопла"" (сзади корабля)"
"Assets/_Project/Scripts/Ship/MeziyThrusterVisual.cs",215,"position-access","transform.localPosition = Vector3.zero;"
"Assets/_Project/Scripts/Ship/MeziyThrusterVisual.cs",190,"world-space-effects","simulationSpace = ParticleSystemSimulationSpace.Local;"
"Assets/_Project/Scripts/Ship/Network/ShipTelemetryState.cs",10,"network-variable","NetworkVariable<ShipTelemetryState> на ShipController. Содержит достаточно данных"
"Assets/_Project/Scripts/Ship/Network/ShipTelemetryState.cs",33,"network-serialization","INetworkSerializable, IEquatable<CargoDetailDto>"
"Assets/_Project/Scripts/Ship/Network/ShipTelemetryState.cs",44,"network-serialization","NetworkSerialize<T>(BufferSerializer<T> serializer) where T : IReaderWriter"
"Assets/_Project/Scripts/Ship/Network/ShipTelemetryState.cs",46,"network-serialization","SerializeValue(ref itemId);"
"Assets/_Project/Scripts/Ship/Network/ShipTelemetryState.cs",47,"network-serialization","SerializeValue(ref displayName);"
"Assets/_Project/Scripts/Ship/Network/ShipTelemetryState.cs",48,"network-serialization","SerializeValue(ref quantity);"
"Assets/_Project/Scripts/Ship/Network/ShipTelemetryState.cs",49,"network-serialization","SerializeValue(ref unitWeight);"
"Assets/_Project/Scripts/Ship/Network/ShipTelemetryState.cs",50,"network-serialization","SerializeValue(ref flags);"
"Assets/_Project/Scripts/Ship/Network/ShipTelemetryState.cs",66,"network-serialization","INetworkSerializable, IEquatable<ShipTelemetryState>"
"Assets/_Project/Scripts/Ship/Network/ShipTelemetryState.cs",96,"network-serialization","NetworkSerialize<T>(BufferSerializer<T> serializer) where T : IReaderWriter"
"Assets/_Project/Scripts/Ship/Network/ShipTelemetryState.cs",98,"network-serialization","SerializeValue(ref shipNetworkObjectId);"
"Assets/_Project/Scripts/Ship/Network/ShipTelemetryState.cs",99,"network-serialization","SerializeValue(ref keyInstanceId);"
"Assets/_Project/Scripts/Ship/Network/ShipTelemetryState.cs",100,"network-serialization","SerializeValue(ref displayName);"
"Assets/_Project/Scripts/Ship/Network/ShipTelemetryState.cs",101,"network-serialization","SerializeValue(ref className);"
"Assets/_Project/Scripts/Ship/Network/ShipTelemetryState.cs",102,"network-serialization","SerializeValue(ref position);"
"Assets/_Project/Scripts/Ship/Network/ShipTelemetryState.cs",103,"network-serialization","SerializeValue(ref rotationEuler);"
"Assets/_Project/Scripts/Ship/Network/ShipTelemetryState.cs",104,"network-serialization","SerializeValue(ref fuelNormalized);"
"Assets/_Project/Scripts/Ship/Network/ShipTelemetryState.cs",105,"network-serialization","SerializeValue(ref fuelMax);"
"Assets/_Project/Scripts/Ship/Network/ShipTelemetryState.cs",106,"network-serialization","SerializeValue(ref hullCurrent);"
"Assets/_Project/Scripts/Ship/Network/ShipTelemetryState.cs",107,"network-serialization","SerializeValue(ref hullMax);"
"Assets/_Project/Scripts/Ship/Network/ShipTelemetryState.cs",108,"network-serialization","SerializeValue(ref cargoUsed);"
"Assets/_Project/Scripts/Ship/Network/ShipTelemetryState.cs",109,"network-serialization","SerializeValue(ref cargoMax);"
"Assets/_Project/Scripts/Ship/Network/ShipTelemetryState.cs",110,"network-serialization","SerializeValue(ref moduleCount);"
"Assets/_Project/Scripts/Ship/Network/ShipTelemetryState.cs",111,"network-serialization","SerializeValue(ref state);"
"Assets/_Project/Scripts/Ship/Network/ShipTelemetryState.cs",112,"network-serialization","SerializeValue(ref ownerClientId);"
"Assets/_Project/Scripts/Ship/Network/ShipTelemetryState.cs",113,"network-serialization","SerializeValue(ref lastUpdateServerTime);"
"Assets/_Project/Scripts/Ship/Network/ShipTelemetryState.cs",114,"network-serialization","SerializeValue(ref shipColorR);"
"Assets/_Project/Scripts/Ship/Network/ShipTelemetryState.cs",115,"network-serialization","SerializeValue(ref shipColorG);"
"Assets/_Project/Scripts/Ship/Network/ShipTelemetryState.cs",116,"network-serialization","SerializeValue(ref shipColorB);"
"Assets/_Project/Scripts/Ship/Network/ShipTelemetryState.cs",121,"network-serialization","SerializeValue(ref len);"
"Assets/_Project/Scripts/Ship/Network/ShipTelemetryState.cs",127,"network-serialization","NetworkSerialize(serializer);"
"Assets/_Project/Scripts/Ship/Network/ShipTelemetryState.cs",72,"spatial-member","public Vector3 position;"
"Assets/_Project/Scripts/Ship/Network/ShipTelemetryState.cs",73,"spatial-member","public Vector3 rotationEuler;"
"Assets/_Project/Scripts/Ship/Network/ShipTelemetryState.cs",138,"position-access","other.position) return false;"
"Assets/_Project/Scripts/Ship/PilotSeatController.cs",134,"position-access","transform.position, interactRadius);"
"Assets/_Project/Scripts/Ship/RepairManager.cs",46,"spatial-member","public Vector3 Position => transform.position;"
"Assets/_Project/Scripts/Ship/RepairManager.cs",46,"position-access","transform.position;"
"Assets/_Project/Scripts/Ship/RepairManager.cs",94,"position-access","transform.position, _interactionRadius);"
"Assets/_Project/Scripts/Ship/ShipContrailVfx.cs",51,"spatial-member","public Vector3 ManualBoundsSize = new Vector3(8f, 4f, 15f);"
"Assets/_Project/Scripts/Ship/ShipContrailVfx.cs",73,"spatial-member","private Vector3 _shipBoundsSize;"
"Assets/_Project/Scripts/Ship/ShipContrailVfx.cs",94,"spatial-member","private Vector3 GetShipVisualSize(GameObject root)"
"Assets/_Project/Scripts/Ship/ShipContrailVfx.cs",156,"position-access","transform.localPosition = Vector3.zero;"
"Assets/_Project/Scripts/Ship/ShipContrailVfx.cs",207,"position-access","transform.position : transform.position;"
"Assets/_Project/Scripts/Ship/ShipContrailVfx.cs",210,"position-access","transform.position = shipPos + shipRot * _spawnOffsets[0];"
"Assets/_Project/Scripts/Ship/ShipContrailVfx.cs",217,"position-access","transform.position = shipPos + shipRot * _spawnOffsets[i];"
"Assets/_Project/Scripts/Ship/ShipDeckNav.cs",11,"navigation","NavMeshAgent привязан к статичному мировому NavMesh, а NavMeshDataInstance нельзя"
"Assets/_Project/Scripts/Ship/ShipDeckNav.cs",27,"navigation","NavMesh.AddNavMeshData дорог (6-50ms) + внутри unity вызывает NotifyNavMeshAdded →"
"Assets/_Project/Scripts/Ship/ShipDeckNav.cs",33,"navigation","NavMeshSurface при корабле в origin/identity — см. §5 доки). Рантайм использует"
"Assets/_Project/Scripts/Ship/ShipDeckNav.cs",38,"navigation","NavMesh палубы"")]"
"Assets/_Project/Scripts/Ship/ShipDeckNav.cs",39,"navigation","NavMeshSurface при ShipRoot в origin/identity). "" +"
"Assets/_Project/Scripts/Ship/ShipDeckNav.cs",59,"navigation","NavMeshDataInstance _instance;"
"Assets/_Project/Scripts/Ship/ShipDeckNav.cs",104,"navigation","NavMesh.SamplePosition(navPos, out NavMeshHit hit, maxDistance, NavMesh.AllAreas))"
"Assets/_Project/Scripts/Ship/ShipDeckNav.cs",191,"navigation","NavMesh.AddNavMeshData internally calls NavMeshManager.NotifyNavMeshAdded"
"Assets/_Project/Scripts/Ship/ShipDeckNav.cs",200,"navigation","NavMesh.AddNavMeshData(_deckNavMeshData, _navFrameOrigin, Quaternion.identity);"
"Assets/_Project/Scripts/Ship/ShipDeckNav.cs",209,"navigation","NavMesh registration failed at {_navFrameOrigin}. "" +"
"Assets/_Project/Scripts/Ship/ShipDeckNav.cs",60,"spatial-member","private Vector3 _navFrameOrigin;"
"Assets/_Project/Scripts/Ship/ShipDeckNav.cs",64,"spatial-member","private Vector3 _lastRegisteredShipPos;"
"Assets/_Project/Scripts/Ship/ShipDeckNav.cs",91,"spatial-member","public Vector3 NavFrameOrigin => _navFrameOrigin;"
"Assets/_Project/Scripts/Ship/ShipDeckNav.cs",94,"spatial-member","public Vector3 WorldToDeckLocal(Vector3 world) => transform.InverseTransformPoint(world);"
"Assets/_Project/Scripts/Ship/ShipDeckNav.cs",95,"spatial-member","public Vector3 DeckLocalToWorld(Vector3 deckLocal) => transform.TransformPoint(deckLocal);"
"Assets/_Project/Scripts/Ship/ShipDeckNav.cs",96,"spatial-member","public Vector3 DeckLocalToNav(Vector3 deckLocal) => _navFrameOrigin + deckLocal;"
"Assets/_Project/Scripts/Ship/ShipDeckNav.cs",97,"spatial-member","public Vector3 NavToDeckLocal(Vector3 navPos) => navPos - _navFrameOrigin;"
"Assets/_Project/Scripts/Ship/ShipDeckNav.cs",53,"position-access","ShipRoot.position ⇒ navPos = точка на палубе в мире = позиция на навмеше. "" +"
"Assets/_Project/Scripts/Ship/ShipDeckNav.cs",106,"position-access","hit.position));"
"Assets/_Project/Scripts/Ship/ShipDeckNav.cs",141,"position-access","transform.position;"
"Assets/_Project/Scripts/Ship/ShipDeckNav.cs",185,"position-access","transform.position;"
"Assets/_Project/Scripts/Ship/ShipDeckNav.cs",189,"position-access","transform.position;"
"Assets/_Project/Scripts/Ship/ShipDeckNav.cs",52,"point-conversion","InverseTransformPoint(world), "" +"
"Assets/_Project/Scripts/Ship/ShipDeckNav.cs",94,"point-conversion","InverseTransformPoint(world);"
"Assets/_Project/Scripts/Ship/ShipDeckNav.cs",95,"point-conversion","TransformPoint(deckLocal);"
"Assets/_Project/Scripts/Ship/ShipModule.cs",133,"spatial-member","public Vector3 attachPositionOffset = Vector3.zero;"
"Assets/_Project/Scripts/Ship/ShipModule.cs",136,"spatial-member","public Vector3 attachRotationOffset = Vector3.zero;"
"Assets/_Project/Scripts/Ship/ShipModule.cs",139,"spatial-member","public Vector3 attachScale = Vector3.one;"
"Assets/_Project/Scripts/Ship/ShipModuleVisualApplier.cs",109,"position-access","transform.localPosition = module.attachPositionOffset;"
"Assets/_Project/Scripts/Ship/ShipModuleVisualApplier.cs",108,"lifecycle-placement","Instantiate(module.visualPrefab, parent);"
"Assets/_Project/Scripts/Ship/ShipPartShake.cs",29,"spatial-member","private Vector3 _positionAmplitude = new Vector3(0.01f, 0.01f, 0.02f);"
"Assets/_Project/Scripts/Ship/ShipPartShake.cs",32,"spatial-member","private Vector3 _rotationAmplitude = new Vector3(0.5f, 0.3f, 0.5f);"
"Assets/_Project/Scripts/Ship/ShipPartShake.cs",55,"spatial-member","private Vector3 _baseLocalPos;"
"Assets/_Project/Scripts/Ship/ShipPartShake.cs",67,"position-access","transform.localPosition;"
"Assets/_Project/Scripts/Ship/ShipPartShake.cs",137,"position-access","transform.localPosition = _baseLocalPos + posOffset;"
"Assets/_Project/Scripts/Ship/ShipPartShake.cs",149,"position-access","transform.localPosition = _baseLocalPos;"
"Assets/_Project/Scripts/Ship/ShipWindZone.cs",73,"spatial-member","public Vector3 GetWindForceAtPosition(Vector3 position)"
"Assets/_Project/Scripts/Ship/ShipWindZone.cs",115,"position-access","transform.position);"
"Assets/_Project/Scripts/Ship/ShipWindZone.cs",135,"position-access","transform.position;"
"Assets/_Project/Scripts/Ship/ShipWindZone.cs",141,"point-conversion","TransformPoint(box.center);"
"Assets/_Project/Scripts/Ship/ShipWindZone.cs",146,"point-conversion","TransformPoint(sphere.center);"
"Assets/_Project/Scripts/Ship/SplineWindZone.cs",103,"spatial-member","public Vector3 direction; // направление ветра вдоль сплайна (мировое)"
"Assets/_Project/Scripts/Ship/SplineWindZone.cs",104,"spatial-member","public Vector3 nearestPoint; // ближайшая точка на сплайне (мировая)"
"Assets/_Project/Scripts/Ship/SplineWindZone.cs",134,"spatial-member","public Vector3 GetWindForceAtPosition(Vector3 worldPosition)"
"Assets/_Project/Scripts/Ship/SplineWindZone.cs",147,"spatial-member","public Vector3 GetWindDirection(Vector3 worldPosition)"
"Assets/_Project/Scripts/Ship/SplineWindZone.cs",155,"point-conversion","InverseTransformPoint(worldPosition);"
"Assets/_Project/Scripts/Ship/SplineWindZone.cs",230,"point-conversion","TransformPoint(localPos);"
"Assets/_Project/Scripts/Ship/SplineWindZone.cs",250,"point-conversion","TransformPoint(localPos);"
"Assets/_Project/Scripts/Ship/SplineWindZone.cs",279,"point-conversion","TransformPoint(firstPos);"
"Assets/_Project/Scripts/Ship/TurbulenceEffect.cs",42,"spatial-member","private Vector3 _currentTurbulenceForce;"
"Assets/_Project/Scripts/Ship/TurbulenceEffect.cs",45,"spatial-member","private Vector3 _currentTurbulenceTorque;"
"Assets/_Project/Scripts/Ship/UI/RepairManagerWindow.cs",660,"position-access","transform.position : Vector3.zero,"
"Assets/_Project/Scripts/Ship/UI/RepairManagerWindow.cs",661,"position-access","transform.position);"
"Assets/_Project/Scripts/Ship/UI/RepairManagerWindow.cs",680,"position-access","transform.position, _shipRecallCost);"
"Assets/_Project/Scripts/Ship/UI/ShipHudController.cs",164,"position-access","style.position = Position.Absolute;"
"Assets/_Project/Scripts/Ship/UI/ShipHudController.cs",1000,"position-access","transform.position.y;"
"Assets/_Project/Scripts/Ship/UI/ShipHudController.cs",114,"lifecycle-placement","DontDestroyOnLoad(gameObject);"
"Assets/_Project/Scripts/Ship/UI/ShipObservationCamera.cs",78,"position-access","transform.position = _target.position + dir * _distance;"
"Assets/_Project/Scripts/Ship/UI/ShipObservationCamera.cs",79,"position-access","_target.position);"
"Assets/_Project/Scripts/Ship/WindZoneData.cs",34,"spatial-member","public Vector3 windDirection = Vector3.forward;"
"Assets/_Project/Scripts/Skills/Debug/SkillAoeDebugVisualizer.cs",129,"position-access","transform.position = origin;"
"Assets/_Project/Scripts/Skills/Debug/SkillAoeDebugVisualizer.cs",202,"position-access","transform.localPosition = Vector3.zero;"
"Assets/_Project/Scripts/Skills/Debug/SkillAoeDebugVisualizer.cs",54,"lifecycle-placement","DontDestroyOnLoad(go);"
"Assets/_Project/Scripts/Skills/Debug/SkillAoeDebugVisualizer.cs",4,"world-space-effects","LineRenderer-based) на debugVisualizeDuration секунд с fade-out."
"Assets/_Project/Scripts/Skills/Debug/SkillAoeDebugVisualizer.cs",24,"world-space-effects","LineRenderer-based"
"Assets/_Project/Scripts/Skills/Debug/SkillAoeDebugVisualizer.cs",94,"world-space-effects","LineRenderer ребёнке root'а."
"Assets/_Project/Scripts/Skills/Debug/SkillAoeDebugVisualizer.cs",96,"world-space-effects","LineRenderer>();"
"Assets/_Project/Scripts/Skills/Debug/SkillAoeDebugVisualizer.cs",197,"world-space-effects","LineRenderer as child of root with local-space positions."
"Assets/_Project/Scripts/Skills/Debug/SkillAoeDebugVisualizer.cs",205,"world-space-effects","LineRenderer>();"
"Assets/_Project/Scripts/Skills/Debug/SkillAoeDebugVisualizer.cs",206,"world-space-effects","useWorldSpace = false;"
"Assets/_Project/Scripts/Skills/Debug/SkillAoeDebugVisualizer.cs",208,"world-space-effects","SetPositions(positions);"
"Assets/_Project/Scripts/Skills/Dto/SkillsDto.cs",3,"network-serialization","INetworkSerializable struct. Design: docs/Character/06_SKILL_TREE.md §2.2-§2.3."
"Assets/_Project/Scripts/Skills/Dto/SkillsDto.cs",18,"network-serialization","INetworkSerializable, IEquatable<SkillsSnapshotDto>"
"Assets/_Project/Scripts/Skills/Dto/SkillsDto.cs",24,"network-serialization","NetworkSerialize<T>(BufferSerializer<T> serializer) where T : IReaderWriter"
"Assets/_Project/Scripts/Skills/Dto/SkillsDto.cs",33,"network-serialization","SerializeValue(ref len);"
"Assets/_Project/Scripts/Skills/Dto/SkillsDto.cs",42,"network-serialization","SerializeValue(ref sLen);"
"Assets/_Project/Scripts/Skills/Dto/SkillsDto.cs",48,"network-serialization","SerializeValue(ref bytes[j]);"
"Assets/_Project/Scripts/Skills/Dto/SkillsDto.cs",54,"network-serialization","SerializeValue(ref bytes[j]);"
"Assets/_Project/Scripts/Skills/Dto/SkillsDto.cs",88,"network-serialization","INetworkSerializable, IEquatable<SkillResultDto>"
"Assets/_Project/Scripts/Skills/Dto/SkillsDto.cs",94,"network-serialization","NetworkSerialize<T>(BufferSerializer<T> serializer) where T : IReaderWriter"
"Assets/_Project/Scripts/Skills/Dto/SkillsDto.cs",97,"network-serialization","SerializeValue(ref codeByte);"
"Assets/_Project/Scripts/Skills/Dto/SkillsDto.cs",107,"network-serialization","SerializeValue(ref sLen);"
"Assets/_Project/Scripts/Skills/Dto/SkillsDto.cs",113,"network-serialization","SerializeValue(ref bytes[j]);"
"Assets/_Project/Scripts/Skills/Dto/SkillsDto.cs",119,"network-serialization","SerializeValue(ref bytes[j]);"
"Assets/_Project/Scripts/Skills/SkillAnimationPlayer.cs",165,"position-access","transform.position;"
"Assets/_Project/Scripts/Skills/SkillAnimationPlayer.cs",169,"position-access","transform.position = pos;"
"Assets/_Project/Scripts/Skills/SkillAnimationPlayer.cs",266,"position-access","transform.position.y;"
"Assets/_Project/Scripts/Skills/SkillInputService.cs",867,"physics-query","Physics.Raycast(origin, forward, out RaycastHit hit, Mathf.Max(throwRange, 50f), ~0, QueryTriggerInteraction.Ignore))"
"Assets/_Project/Scripts/Skills/SkillInputService.cs",821,"spatial-member","private Vector3 GetThrowTarget(float throwRange, ulong targetId)"
"Assets/_Project/Scripts/Skills/SkillInputService.cs",860,"spatial-member","private Vector3 FindThrowTargetPoint(float throwRange = 15f)"
"Assets/_Project/Scripts/Skills/SkillInputService.cs",523,"position-access","transform.position, targetPoint);"
"Assets/_Project/Scripts/Skills/SkillInputService.cs",534,"position-access","transform.position, targetPoint,"
"Assets/_Project/Scripts/Skills/SkillInputService.cs",546,"position-access","transform.position, targetPoint, flightTime,"
"Assets/_Project/Scripts/Skills/SkillInputService.cs",597,"position-access","transform.position + Vector3.up * 1.2f;"
"Assets/_Project/Scripts/Skills/SkillInputService.cs",752,"position-access","transform.position : transform.position;"
"Assets/_Project/Scripts/Skills/SkillInputService.cs",756,"position-access","transform.position - pos).sqrMagnitude;"
"Assets/_Project/Scripts/Skills/SkillInputService.cs",834,"position-access","transform.position;"
"Assets/_Project/Scripts/Skills/SkillInputService.cs",864,"position-access","transform.position + Vector3.up * 1.5f;"
"Assets/_Project/Scripts/Skills/SkillInputService.cs",877,"position-access","transform.position + flatDir * throwRange;"
"Assets/_Project/Scripts/Skills/SkillNodeConfig.cs",271,"world-space-effects","LineRenderer). Если null — trail не рисуется."")]"
"Assets/_Project/Scripts/Skills/SkillsClientState.cs",49,"lifecycle-placement","DontDestroyOnLoad(gameObject);"
"Assets/_Project/Scripts/Skills/UI/SkillTreeWindow.cs",50,"spatial-member","private Vector2 _panStartMouse;"
"Assets/_Project/Scripts/Skills/UI/SkillTreeWindow.cs",51,"spatial-member","private Vector2 _panStartScroll;"
"Assets/_Project/Scripts/Skills/UI/SkillTreeWindow.cs",118,"position-access","style.position = Position.Absolute;"
"Assets/_Project/Scripts/Skills/UI/SkillTreeWindow.cs",778,"position-access","evt.position;"
"Assets/_Project/Scripts/Skills/UI/SkillTreeWindow.cs",787,"position-access","evt.position - _panStartMouse;"
"Assets/_Project/Scripts/Skills/UI/SocialSkillTreeWindow.cs",39,"spatial-member","private Vector2 _panStartMouse;"
"Assets/_Project/Scripts/Skills/UI/SocialSkillTreeWindow.cs",40,"spatial-member","private Vector2 _panStartScroll;"
"Assets/_Project/Scripts/Skills/UI/SocialSkillTreeWindow.cs",162,"position-access","style.position = Position.Absolute;"
"Assets/_Project/Scripts/Skills/UI/SocialSkillTreeWindow.cs",614,"position-access","evt.position;"
"Assets/_Project/Scripts/Skills/UI/SocialSkillTreeWindow.cs",623,"position-access","evt.position - _panStartMouse;"
"Assets/_Project/Scripts/Skills/Vfx/ParticleSystemVfxProvider.cs",93,"position-access","transform.position = pos;"
"Assets/_Project/Scripts/Skills/Vfx/ParticleSystemVfxProvider.cs",143,"position-access","transform.position = pos;"
"Assets/_Project/Scripts/Skills/Vfx/ParticleSystemVfxProvider.cs",112,"world-space-effects","LineRenderer), если префаб не задан."
"Assets/_Project/Scripts/Skills/Vfx/ParticleSystemVfxProvider.cs",122,"world-space-effects","LineRenderer>();"
"Assets/_Project/Scripts/Skills/Vfx/SkillVfxService.cs",119,"position-access","transform.position = position;"
"Assets/_Project/Scripts/Skills/Vfx/SkillVfxService.cs",58,"lifecycle-placement","DontDestroyOnLoad(gameObject);"
"Assets/_Project/Scripts/Skills/Vfx/VfxBoneResolver.cs",14,"spatial-member","public static Vector3 Resolve(Transform character, VfxAttachPoint point)"
"Assets/_Project/Scripts/Skills/Vfx/VfxBoneResolver.cs",29,"spatial-member","private static Vector3? GetBonePosition(Transform root, string boneName)"
"Assets/_Project/Scripts/Skills/Vfx/VfxBoneResolver.cs",20,"position-access","character.position + character.forward * 0.5f + Vector3.up * 1.2f,"
"Assets/_Project/Scripts/Skills/Vfx/VfxBoneResolver.cs",21,"position-access","character.position + character.forward * 0.3f + Vector3.up * 1.0f,"
"Assets/_Project/Scripts/Skills/Vfx/VfxBoneResolver.cs",22,"position-access","character.position + Vector3.up * 1.4f,"
"Assets/_Project/Scripts/Skills/Vfx/VfxBoneResolver.cs",23,"position-access","character.position + Vector3.up * 1.8f,"
"Assets/_Project/Scripts/Skills/Vfx/VfxBoneResolver.cs",24,"position-access","character.position,"
"Assets/_Project/Scripts/Skills/Vfx/VfxBoneResolver.cs",25,"position-access","character.position + Vector3.up * 1.2f"
"Assets/_Project/Scripts/Skills/Vfx/VfxBoneResolver.cs",35,"position-access","t.position;"
"Assets/_Project/Scripts/Skills/Vfx/VfxObjectPool.cs",52,"point-conversion","SetPositionAndRotation(position, rotation);"
"Assets/_Project/Scripts/Skills/Vfx/VfxObjectPool.cs",58,"lifecycle-placement","Instantiate(prefab, position, rotation, _poolRoot);"
"Assets/_Project/Scripts/Skills/Vfx/VfxObjectPool.cs",63,"lifecycle-placement","Instantiate(prefab, position, rotation, _poolRoot);"
"Assets/_Project/Scripts/Skills/Vfx/VfxObjectPool.cs",102,"lifecycle-placement","Instantiate(prefab, Vector3.zero, Quaternion.identity, _poolRoot);"
"Assets/_Project/Scripts/Stats/Dto/StatsSnapshotDto.cs",3,"network-serialization","INetworkSerializable struct — для TargetRPC через NetworkPlayer (T-P05)."
"Assets/_Project/Scripts/Stats/Dto/StatsSnapshotDto.cs",20,"network-serialization","INetworkSerializable, IEquatable<StatsSnapshotDto>"
"Assets/_Project/Scripts/Stats/Dto/StatsSnapshotDto.cs",52,"network-serialization","NetworkSerialize<T>(BufferSerializer<T> serializer) where T : IReaderWriter"
"Assets/_Project/Scripts/Stats/Dto/StatsSnapshotDto.cs",54,"network-serialization","SerializeValue(ref strength);"
"Assets/_Project/Scripts/Stats/Dto/StatsSnapshotDto.cs",55,"network-serialization","SerializeValue(ref dexterity);"
"Assets/_Project/Scripts/Stats/Dto/StatsSnapshotDto.cs",56,"network-serialization","SerializeValue(ref intelligence);"
"Assets/_Project/Scripts/Stats/Dto/StatsSnapshotDto.cs",58,"network-serialization","SerializeValue(ref strengthTier);"
"Assets/_Project/Scripts/Stats/Dto/StatsSnapshotDto.cs",59,"network-serialization","SerializeValue(ref dexterityTier);"
"Assets/_Project/Scripts/Stats/Dto/StatsSnapshotDto.cs",60,"network-serialization","SerializeValue(ref intelligenceTier);"
"Assets/_Project/Scripts/Stats/Dto/StatsSnapshotDto.cs",62,"network-serialization","SerializeValue(ref strengthXpForNextTier);"
"Assets/_Project/Scripts/Stats/Dto/StatsSnapshotDto.cs",63,"network-serialization","SerializeValue(ref dexterityXpForNextTier);"
"Assets/_Project/Scripts/Stats/Dto/StatsSnapshotDto.cs",64,"network-serialization","SerializeValue(ref intelligenceXpForNextTier);"
"Assets/_Project/Scripts/Stats/Dto/StatsSnapshotDto.cs",66,"network-serialization","SerializeValue(ref strengthTotalXp);"
"Assets/_Project/Scripts/Stats/Dto/StatsSnapshotDto.cs",67,"network-serialization","SerializeValue(ref dexterityTotalXp);"
"Assets/_Project/Scripts/Stats/Dto/StatsSnapshotDto.cs",68,"network-serialization","SerializeValue(ref intelligenceTotalXp);"
"Assets/_Project/Scripts/Stats/Dto/StatsSnapshotDto.cs",70,"network-serialization","SerializeValue(ref effectiveStrength);"
"Assets/_Project/Scripts/Stats/Dto/StatsSnapshotDto.cs",71,"network-serialization","SerializeValue(ref effectiveDexterity);"
"Assets/_Project/Scripts/Stats/Dto/StatsSnapshotDto.cs",72,"network-serialization","SerializeValue(ref effectiveIntelligence);"
"Assets/_Project/Scripts/Stats/Dto/StatsSnapshotDto.cs",74,"network-serialization","SerializeValue(ref currentHp);"
"Assets/_Project/Scripts/Stats/Dto/StatsSnapshotDto.cs",75,"network-serialization","SerializeValue(ref maxHp);"
"Assets/_Project/Scripts/Stats/StatsClientState.cs",71,"lifecycle-placement","DontDestroyOnLoad(gameObject);"
"Assets/_Project/Scripts/Stats/StatsServer.cs",620,"position-access","transform.position;"
"Assets/_Project/Scripts/Stats/StatsServer.cs",624,"position-access","transform.position;"
"Assets/_Project/Scripts/UI/AltitudeUI.cs",181,"position-access","transform.position;"
"Assets/_Project/Scripts/UI/Billboard.cs",48,"position-access","transform.position + _cam.rotation * Vector3.forward,"
"Assets/_Project/Scripts/UI/Client/CharacterWindow.cs",675,"position-access","style.position = Position.Absolute;"
"Assets/_Project/Scripts/UI/Client/CharacterWindow.cs",3845,"position-access","style.position = Position.Absolute;"
"Assets/_Project/Scripts/UI/Client/CharacterWindow/CustomDropdown.cs",180,"position-access","style.position = Position.Absolute;"
"Assets/_Project/Scripts/UI/Client/CharacterWindow/MyShipsTab.cs",400,"position-access","telemetry.position.x:F1}, {telemetry.position.y:F1}, {telemetry.position.z:F1})"";"
"Assets/_Project/Scripts/UI/Client/CharacterWindow/MyShipsTab.cs",570,"position-access","a.position, b.position) >= 0.1f) return false;"
"Assets/_Project/Scripts/UI/EscMenu/EscMenuWindow.cs",69,"position-access","style.position = Position.Absolute;"
"Assets/_Project/Scripts/UI/HUDManager.cs",25,"spatial-member","private Vector2 referenceResolution = new Vector2(1920, 1080);"
"Assets/_Project/Scripts/UI/MainMenu/MainMenuWindow.cs",90,"position-access","style.position = Position.Absolute;"
"Assets/_Project/Scripts/UI/PeakNavigationUI.cs",87,"lifecycle-placement","Instantiate(peakButtonPrefab, contentPanel);"
"Assets/_Project/Scripts/UI/SceneDebugHUD.cs",134,"position-access","transform.position;"
"Assets/_Project/Scripts/UI/SceneDebugHUD.cs",181,"position-access","transform.position);"
"Assets/_Project/Scripts/UI/SceneDebugHUD.cs",39,"lifecycle-placement","DontDestroyOnLoad(gameObject);"
"Assets/_Project/Scripts/UI/Settings/KeybindingsWindow.cs",116,"position-access","style.position = Position.Absolute;"
"Assets/_Project/Scripts/UI/Settings/RebindPromptWindow.cs",112,"position-access","style.position = Position.Absolute;"
"Assets/_Project/Scripts/UI/Settings/RebindPromptWindow.cs",143,"lifecycle-placement","DontDestroyOnLoad(go);"
"Assets/_Project/Scripts/UI/Settings/SkillBindingWindow.cs",107,"position-access","style.position = Position.Absolute;"
"Assets/_Project/Scripts/UI/Settings/SkillBindingWindow.cs",146,"lifecycle-placement","DontDestroyOnLoad(go);"
"Assets/_Project/Scripts/UI/UIManager.cs",71,"lifecycle-placement","DontDestroyOnLoad(gameObject);"
"Assets/_Project/Scripts/UI/UITheme.cs",185,"spatial-member","public Vector2 ReferenceResolution = new Vector2(1920, 1080);"
"Assets/_Project/Scripts/World/Chest/NetworkChestContainer.cs",35,"network-variable","NetworkVariable<bool> _isOpen = new NetworkVariable<bool>("
"Assets/_Project/Scripts/World/Chest/NetworkChestContainer.cs",28,"spatial-member","private Vector3 openRotationOffset = new Vector3(0, 0, -45f);"
"Assets/_Project/Scripts/World/Chest/NetworkChestContainer.cs",29,"spatial-member","private Vector3 openScaleOffset = new Vector3(0.1f, 0.1f, 0.1f);"
"Assets/_Project/Scripts/World/Chest/NetworkChestContainer.cs",42,"spatial-member","private Vector3 _startRotation;"
"Assets/_Project/Scripts/World/Chest/NetworkChestContainer.cs",43,"spatial-member","private Vector3 _startScale;"
"Assets/_Project/Scripts/World/Chest/NetworkChestContainer.cs",51,"spatial-member","public Vector3 Position => transform.position;"
"Assets/_Project/Scripts/World/Chest/NetworkChestContainer.cs",51,"position-access","transform.position;"
"Assets/_Project/Scripts/World/Chest/NetworkChestContainer.cs",208,"position-access","transform.position, transform.position);"
"Assets/_Project/Scripts/World/Chest/NetworkChestContainer.cs",333,"position-access","transform.position, openRadius);"
"Assets/_Project/Scripts/World/Clouds/AdditionalVeilModule.cs",26,"spatial-member","public Vector3 WorldPosition;"
"Assets/_Project/Scripts/World/Clouds/AdditionalVeilModule.cs",63,"position-access","transform.position = worldPos;"
"Assets/_Project/Scripts/World/Clouds/AdditionalVeilModule.cs",75,"position-access","transform.position = worldPos;"
"Assets/_Project/Scripts/World/Clouds/AdditionalVeilModule.cs",104,"position-access","transform.localPosition = Vector3.zero;"
"Assets/_Project/Scripts/World/Clouds/AdditionalVeilModule.cs",232,"lifecycle-placement","Instantiate(_modulePrefab, worldPos, Quaternion.identity, transform);"
"Assets/_Project/Scripts/World/Clouds/AdditionalVeilModule.cs",131,"world-space-effects","simulationSpace = ParticleSystemSimulationSpace.World;"
"Assets/_Project/Scripts/World/Clouds/CloudClimateTinter.cs",71,"position-access","transform.position;"
"Assets/_Project/Scripts/World/Clouds/CumulonimbusCloud.cs",47,"position-access","transform.position = new Vector3(xPos, veilHeight, zPos);"
"Assets/_Project/Scripts/World/Clouds/CumulonimbusCloud.cs",73,"position-access","transform.localPosition = Vector3.zero;"
"Assets/_Project/Scripts/World/Clouds/CumulonimbusCloud.cs",87,"position-access","transform.localPosition = new Vector3(0, cloudHeight, 0);"
"Assets/_Project/Scripts/World/Clouds/CumulonimbusCloud.cs",116,"position-access","transform.localPosition = new Vector3(0, (maxHeight - veilHeight) / 2f, 0);"
"Assets/_Project/Scripts/World/Clouds/HorizonVeilRenderer.cs",181,"spatial-member","private Vector3 GetPlayerPosition()"
"Assets/_Project/Scripts/World/Clouds/HorizonVeilRenderer.cs",253,"spatial-member","public Vector2 GetVeilHeightRange()"
"Assets/_Project/Scripts/World/Clouds/HorizonVeilRenderer.cs",108,"position-access","transform.localPosition = Vector3.zero;"
"Assets/_Project/Scripts/World/Clouds/HorizonVeilRenderer.cs",175,"position-access","transform.position = targetPos;"
"Assets/_Project/Scripts/World/Clouds/HorizonVeilRenderer.cs",185,"position-access","_playerTransform.position;"
"Assets/_Project/Scripts/World/Clouds/HorizonVeilRenderer.cs",192,"position-access","transform.position;"
"Assets/_Project/Scripts/World/Clouds/HorizonVeilRenderer.cs",71,"lifecycle-placement","DontDestroyOnLoad(gameObject);"
"Assets/_Project/Scripts/World/Clouds/LocalDensityBuffer.cs",97,"spatial-member","public Vector3 Center { get; private set; }"
"Assets/_Project/Scripts/World/Clouds/LocalDensityBuffer.cs",104,"spatial-member","public Vector3 center;"
"Assets/_Project/Scripts/World/Clouds/LocalDensityBuffer.cs",475,"spatial-member","private static Vector3 Frac(Vector3 v)"
"Assets/_Project/Scripts/World/Clouds/LocalDensityBuffer.cs",171,"position-access","FollowTarget.position;"
"Assets/_Project/Scripts/World/Clouds/LocalDensityBuffer.cs",173,"position-access","transform.position;"
"Assets/_Project/Scripts/World/Clouds/LocalDensityBuffer.cs",242,"position-access","transform.position;"
"Assets/_Project/Scripts/World/Clouds/ShipWakeCloudCutter.cs",39,"spatial-member","private Vector3 _lastPos;"
"Assets/_Project/Scripts/World/Clouds/ShipWakeCloudCutter.cs",46,"position-access","ShipTransform.position;"
"Assets/_Project/Scripts/World/Clouds/ShipWakeCloudCutter.cs",66,"position-access","ShipTransform.position;"
"Assets/_Project/Scripts/World/Clouds/ShipWakeCloudCutter.cs",95,"position-access","transform.position, CutRadius, CutAmount);"
"Assets/_Project/Scripts/World/Clouds/ShipWakeCloudCutter.cs",96,"position-access","transform.position}, r={CutRadius}, amount={CutAmount}"");"
"Assets/_Project/Scripts/World/Clouds/StormCellDirector.cs",331,"spatial-member","private static Vector3 GetPlayerPosition()"
"Assets/_Project/Scripts/World/Clouds/StormCellDirector.cs",547,"spatial-member","public Vector3 WorldPosition;"
"Assets/_Project/Scripts/World/Clouds/StormCellDirector.cs",263,"position-access","t.position = new Vector3(pos.x, midY, pos.z);"
"Assets/_Project/Scripts/World/Clouds/StormCellDirector.cs",334,"position-access","transform.position : Vector3.zero;"
"Assets/_Project/Scripts/World/Clouds/VeilRaymarchMeshController.cs",204,"spatial-member","private Vector3 GetPlayerPosition()"
"Assets/_Project/Scripts/World/Clouds/VeilRaymarchMeshController.cs",124,"position-access","transform.localPosition = Vector3.zero;"
"Assets/_Project/Scripts/World/Clouds/VeilRaymarchMeshController.cs",198,"position-access","transform.position = new Vector3(playerPos.x, veilY, playerPos.z);"
"Assets/_Project/Scripts/World/Clouds/VeilRaymarchMeshController.cs",208,"position-access","_playerTransform.position;"
"Assets/_Project/Scripts/World/Clouds/VeilRaymarchMeshController.cs",215,"position-access","transform.position;"
"Assets/_Project/Scripts/World/Clouds/VeilRaymarchMeshController.cs",87,"lifecycle-placement","DontDestroyOnLoad(gameObject);"
"Assets/_Project/Scripts/World/Clouds/VeilSystem.cs",22,"spatial-member","public Vector2 veilSize = new Vector2(20000f, 20000f);"
"Assets/_Project/Scripts/World/Clouds/VeilSystem.cs",87,"position-access","transform.position = new Vector3(0, veilHeight, 0);"
"Assets/_Project/Scripts/World/Clouds/VeilSystem.cs",121,"position-access","transform.position = new Vector3(0, warningHeight, 0);"
"Assets/_Project/Scripts/World/Clouds/VeilSystem.cs",142,"position-access","transform.position = new Vector3(0, veilHeight + 2f, 0);"
"Assets/_Project/Scripts/World/Clouds/VeilSystem.cs",159,"position-access","transform.position = new Vector3(0, subVeilFogHeight, 0);"
"Assets/_Project/Scripts/World/Clouds/VeilSystem.cs",194,"position-access","transform.position = new Vector3(0, veilHeight + 15f, 0);"
"Assets/_Project/Scripts/World/Clouds/VeilSystem.cs",204,"world-space-effects","simulationSpace = ParticleSystemSimulationSpace.World;"
"Assets/_Project/Scripts/World/Core/FloatingOrigin.cs",43,"spatial-member","private Vector3 _totalOffset = Vector3.zero;"
"Assets/_Project/Scripts/World/Core/FloatingOrigin.cs",201,"spatial-member","public Vector3 GetTotalOffset()"
"Assets/_Project/Scripts/World/Core/FloatingOrigin.cs",120,"position-access","transform.position;"
"Assets/_Project/Scripts/World/Core/FloatingOrigin.cs",135,"position-access","worldRoot.position -= offset;"
"Assets/_Project/Scripts/World/Core/FloatingOrigin.cs",143,"position-access","transform.position}, "" +"
"Assets/_Project/Scripts/World/Core/FloatingOrigin.cs",162,"position-access","transform.position;"
"Assets/_Project/Scripts/World/Core/FloatingOrigin.cs",172,"position-access","worldRoot.position:F0}, "" +"
"Assets/_Project/Scripts/World/Core/FloatingOrigin.cs",176,"position-access","worldRoot.position -= offset;"
"Assets/_Project/Scripts/World/Core/FloatingOrigin.cs",180,"position-access","transform.position;"
"Assets/_Project/Scripts/World/Core/FloatingOrigin.cs",187,"position-access","worldRoot.position:F0}, totalOffset={_totalOffset:F0}"");"
"Assets/_Project/Scripts/World/Core/FloatingOrigin.cs",213,"position-access","transform.position:F0}"");"
"Assets/_Project/Scripts/World/Core/FloatingOrigin.cs",214,"position-access","worldRoot.position:F0}"");"
"Assets/_Project/Scripts/World/Core/MountainMassif.cs",23,"spatial-member","public Vector3 centerPosition;"
"Assets/_Project/Scripts/World/Core/WorldDataTypes.cs",67,"spatial-member","public Vector3 worldPosition;"
"Assets/_Project/Scripts/World/Core/WorldDataTypes.cs",153,"spatial-member","public Vector3 worldPosition;"
"Assets/_Project/Scripts/World/FloatingOrigin/GlobalPosition.cs",14,"network-serialization","INetworkSerializable"
"Assets/_Project/Scripts/World/FloatingOrigin/GlobalPosition.cs",70,"network-serialization","NetworkSerialize<T>(BufferSerializer<T> serializer) where T : IReaderWriter"
"Assets/_Project/Scripts/World/FloatingOrigin/GlobalPosition.cs",79,"network-serialization","SerializeValue(ref x);"
"Assets/_Project/Scripts/World/FloatingOrigin/GlobalPosition.cs",80,"network-serialization","SerializeValue(ref y);"
"Assets/_Project/Scripts/World/FloatingOrigin/GlobalPosition.cs",81,"network-serialization","SerializeValue(ref z);"
"Assets/_Project/Scripts/World/FloatingOrigin/GlobalPosition.cs",35,"position-access","Transform.position here: use its frame.ToGlobal instead."
"Assets/_Project/Scripts/World/FloatingOrigin/LocalCoordinateFrame.cs",54,"spatial-member","public Vector3 ToLocal(GlobalPosition position)"
"Assets/_Project/Scripts/World/FloatingOrigin/OriginRebasePlan.cs",16,"spatial-member","public Vector3 LocalTranslation { get; }"
"Assets/_Project/Scripts/World/Generation/MountainMeshBuilder.cs",122,"position-access","transform.position = new Vector3("
"Assets/_Project/Scripts/World/Generation/MountainMeshBuilder.cs",133,"position-access","transform.position.x:F0}, {transform.position.z:F0}) | "" +"
"Assets/_Project/Scripts/World/Generation/MountainMeshBuilderV2.cs",111,"position-access","transform.position = new Vector3("
"Assets/_Project/Scripts/World/Generation/MountainMeshBuilderV2.cs",123,"position-access","transform.position.x:F0}, {transform.position.z:F0}) | "" +"
"Assets/_Project/Scripts/World/RespawnManager.cs",26,"spatial-member","public Vector3 GetEffectivePosition(int index)"
"Assets/_Project/Scripts/World/RespawnManager.cs",55,"spatial-member","public Vector3 GetFallbackPosition()"
"Assets/_Project/Scripts/World/RespawnManager.cs",24,"position-access","spawnPoint.position если назначен, иначе fallbackPosition."
"Assets/_Project/Scripts/World/Scene/ClientSceneLoader.cs",79,"spatial-member","private Vector3 _lastPlayerPos;"
"Assets/_Project/Scripts/World/Scene/ClientSceneLoader.cs",80,"spatial-member","private Vector3 _teleportTarget;"
"Assets/_Project/Scripts/World/Scene/ClientSceneLoader.cs",140,"position-access","playerTransform.position;"
"Assets/_Project/Scripts/World/Scene/ClientSceneLoader.cs",289,"position-access","transform.position}"");"
"Assets/_Project/Scripts/World/Scene/ClientSceneLoader.cs",300,"position-access","transform.position}"");"
"Assets/_Project/Scripts/World/Scene/ClientSceneLoader.cs",318,"position-access","transform.position}"");"
"Assets/_Project/Scripts/World/Scene/ClientSceneLoader.cs",399,"position-access","playerTransform.position} to {worldSpawnPos}"");"
"Assets/_Project/Scripts/World/Scene/ClientSceneLoader.cs",431,"position-access","playerTransform.position = worldSpawnPos;"
"Assets/_Project/Scripts/World/Scene/ClientSceneLoader.cs",435,"position-access","playerTransform.position;"
"Assets/_Project/Scripts/World/Scene/ClientSceneLoader.cs",436,"position-access","playerTransform.position.z={playerTransform.position.z}, expected z={worldSpawnPos.z}"");"
"Assets/_Project/Scripts/World/Scene/ClientSceneLoader.cs",460,"position-access","transform.position}"");"
"Assets/_Project/Scripts/World/Scene/ClientSceneLoader.cs",471,"position-access","transform.position}"");"
"Assets/_Project/Scripts/World/Scene/ClientSceneLoader.cs",496,"position-access","transform.position}"");"
"Assets/_Project/Scripts/World/Scene/ClientSceneLoader.cs",516,"position-access","transform.position}"");"
"Assets/_Project/Scripts/World/Scene/ClientSceneLoader.cs",741,"position-access","playerTransform.position = worldPos;"
"Assets/_Project/Scripts/World/Scene/ClientSceneLoader.cs",836,"position-access","transform.position}"");"
"Assets/_Project/Scripts/World/Scene/ClientSceneLoader.cs",34,"lifecycle-placement","DontDestroyOnLoad(gameObject);"
"Assets/_Project/Scripts/World/Scene/ClientSceneLoader.cs",189,"lifecycle-placement","LoadSceneAsync(preloadScene));"
"Assets/_Project/Scripts/World/Scene/ClientSceneLoader.cs",705,"lifecycle-placement","LoadSceneAsync(scene));"
"Assets/_Project/Scripts/World/Scene/ClientSceneLoader.cs",734,"lifecycle-placement","LoadSceneAsync(targetScene);"
"Assets/_Project/Scripts/World/Scene/ClientSceneLoader.cs",752,"lifecycle-placement","LoadSceneAsync(playerScene);"
"Assets/_Project/Scripts/World/Scene/ClientSceneLoader.cs",807,"lifecycle-placement","LoadSceneAsync(sceneId)));"
"Assets/_Project/Scripts/World/Scene/ClientSceneLoader.cs",882,"lifecycle-placement","LoadSceneAsync(SceneID sceneId)"
"Assets/_Project/Scripts/World/Scene/ClientSceneLoader.cs",896,"lifecycle-placement","LoadSceneAsync(scenePath, LoadSceneMode.Additive);"
"Assets/_Project/Scripts/World/Scene/SceneBoundNetworkObject.cs",34,"position-access","transform.position);"
"Assets/_Project/Scripts/World/Scene/SceneID.cs",12,"network-serialization","INetworkSerializable"
"Assets/_Project/Scripts/World/Scene/SceneID.cs",100,"network-serialization","NetworkSerialize<T>(BufferSerializer<T> serializer) where T : IReaderWriter"
"Assets/_Project/Scripts/World/Scene/SceneID.cs",102,"network-serialization","SerializeValue(ref GridX);"
"Assets/_Project/Scripts/World/Scene/SceneID.cs",103,"network-serialization","SerializeValue(ref GridZ);"
"Assets/_Project/Scripts/World/Scene/SceneID.cs",122,"network-serialization","INetworkSerializable"
"Assets/_Project/Scripts/World/Scene/SceneID.cs",142,"network-serialization","NetworkSerialize<T>(BufferSerializer<T> serializer) where T : IReaderWriter"
"Assets/_Project/Scripts/World/Scene/SceneID.cs",144,"network-serialization","SerializeValue(ref TargetGridX);"
"Assets/_Project/Scripts/World/Scene/SceneID.cs",145,"network-serialization","SerializeValue(ref TargetGridZ);"
"Assets/_Project/Scripts/World/Scene/SceneID.cs",146,"network-serialization","SerializeValue(ref LocalPosX);"
"Assets/_Project/Scripts/World/Scene/SceneID.cs",147,"network-serialization","SerializeValue(ref LocalPosY);"
"Assets/_Project/Scripts/World/Scene/SceneID.cs",148,"network-serialization","SerializeValue(ref LocalPosZ);"
"Assets/_Project/Scripts/World/Scene/SceneID.cs",29,"spatial-member","public Vector3 WorldOrigin => new Vector3(GridX * SCENE_SIZE, 0, GridZ * SCENE_SIZE);"
"Assets/_Project/Scripts/World/Scene/SceneID.cs",31,"spatial-member","public Vector3 WorldCenter => new Vector3("
"Assets/_Project/Scripts/World/Scene/SceneID.cs",44,"spatial-member","public Vector3 ToLocalPosition(Vector3 worldPos)"
"Assets/_Project/Scripts/World/Scene/SceneID.cs",53,"spatial-member","public Vector3 ToWorldPosition(Vector3 localPos)"
"Assets/_Project/Scripts/World/Scene/SceneID.cs",131,"spatial-member","public Vector3 LocalPosition => new Vector3(LocalPosX, LocalPosY, LocalPosZ);"
"Assets/_Project/Scripts/World/Scene/ServerSceneManager.cs",113,"position-access","playerTransform.position);"
"Assets/_Project/Scripts/World/Scene/ServerSceneManager.cs",164,"position-access","transform.position);"
"Assets/_Project/Scripts/World/Scene/ServerSceneManager.cs",233,"position-access","playerTransform.position);"
"Assets/_Project/Scripts/World/Streaming/ChunkLoader.cs",195,"position-access","transform.position = Vector3.zero;"
"Assets/_Project/Scripts/World/Streaming/ChunkNetworkSpawner.cs",257,"lifecycle-placement","Instantiate(chestPrefab.gameObject, position, Quaternion.identity);"
"Assets/_Project/Scripts/World/Streaming/ChunkNetworkSpawner.cs",279,"lifecycle-placement","Instantiate(npcPrefab.gameObject, position, Quaternion.identity);"
"Assets/_Project/Scripts/World/Streaming/FloatingOriginMP.cs",498,"spatial-rpc-signature","private void BroadcastWorldShiftRpc(Vector3 offset, ClientRpcParams rpcParams = default)"
"Assets/_Project/Scripts/World/Streaming/FloatingOriginMP.cs",550,"spatial-rpc-signature","public void RequestWorldShiftRpc(Vector3 cameraPos, ServerRpcParams rpcParams = default)"
"Assets/_Project/Scripts/World/Streaming/FloatingOriginMP.cs",155,"spatial-member","private Vector3 _totalOffset = Vector3.zero;"
"Assets/_Project/Scripts/World/Streaming/FloatingOriginMP.cs",160,"spatial-member","private Vector3 _cachedWorldPosition = Vector3.zero;"
"Assets/_Project/Scripts/World/Streaming/FloatingOriginMP.cs",180,"spatial-member","public Vector3 TotalOffset => _totalOffset;"
"Assets/_Project/Scripts/World/Streaming/FloatingOriginMP.cs",279,"spatial-member","private Vector3 GetWorldPosition()"
"Assets/_Project/Scripts/World/Streaming/FloatingOriginMP.cs",932,"spatial-member","private Vector3 RoundShift(Vector3 position)"
"Assets/_Project/Scripts/World/Streaming/FloatingOriginMP.cs",225,"position-access","positionSource.position.magnitude > threshold;"
"Assets/_Project/Scripts/World/Streaming/FloatingOriginMP.cs",287,"position-access","positionSource.position.magnitude;"
"Assets/_Project/Scripts/World/Streaming/FloatingOriginMP.cs",294,"position-access","positionSource.position;"
"Assets/_Project/Scripts/World/Streaming/FloatingOriginMP.cs",298,"position-access","positionSource.position - _totalOffset;"
"Assets/_Project/Scripts/World/Streaming/FloatingOriginMP.cs",314,"position-access","transform.position;"
"Assets/_Project/Scripts/World/Streaming/FloatingOriginMP.cs",347,"position-access","transform.position;"
"Assets/_Project/Scripts/World/Streaming/FloatingOriginMP.cs",357,"position-access","thirdPersonCam.position;"
"Assets/_Project/Scripts/World/Streaming/FloatingOriginMP.cs",366,"position-access","transform.position;"
"Assets/_Project/Scripts/World/Streaming/FloatingOriginMP.cs",719,"position-access","root.position}, "";"
"Assets/_Project/Scripts/World/Streaming/FloatingOriginMP.cs",762,"position-access","root.position}, "";"
"Assets/_Project/Scripts/World/Streaming/FloatingOriginMP.cs",910,"position-access","transform.position:F0} (NOT under world root)"");"
"Assets/_Project/Scripts/World/Streaming/FloatingOriginMP.cs",960,"position-access","t.position:F0}"")));"
"Assets/_Project/Scripts/World/Streaming/FloatingOriginMP.cs",966,"position-access","tz.position;"
"Assets/_Project/Scripts/World/Streaming/FloatingOriginMP.cs",973,"position-access","root.position -= offset;"
"Assets/_Project/Scripts/World/Streaming/FloatingOriginMP.cs",982,"position-access","tz.position = originalPos;"
"Assets/_Project/Scripts/World/Streaming/FloatingOriginMP.cs",996,"position-access","tz.position:F0}"");"
"Assets/_Project/Scripts/World/Streaming/FloatingOriginMP.cs",1001,"position-access","transform.position:F0}"");"
"Assets/_Project/Scripts/World/Streaming/FloatingOriginMP.cs",1009,"position-access","root.position:F0}"");"
"Assets/_Project/Scripts/World/Streaming/FloatingOriginMP.cs",25,"legacy-origin","OnWorldShifted event"
"Assets/_Project/Scripts/World/Streaming/FloatingOriginMP.cs",39,"legacy-origin","FloatingOriginMP : MonoBehaviour"
"Assets/_Project/Scripts/World/Streaming/FloatingOriginMP.cs",47,"legacy-origin","OnWorldShifted;"
"Assets/_Project/Scripts/World/Streaming/FloatingOriginMP.cs",52,"legacy-origin","FloatingOriginMP _instance;"
"Assets/_Project/Scripts/World/Streaming/FloatingOriginMP.cs",53,"legacy-origin","FloatingOriginMP Instance => _instance;"
"Assets/_Project/Scripts/World/Streaming/FloatingOriginMP.cs",60,"legacy-origin","FloatingOriginMP."
"Assets/_Project/Scripts/World/Streaming/FloatingOriginMP.cs",180,"legacy-origin","TotalOffset => _totalOffset;"
"Assets/_Project/Scripts/World/Streaming/FloatingOriginMP.cs",197,"legacy-origin","FloatingOriginMP] ResetOffset: was totalOffset={_totalOffset}"");"
"Assets/_Project/Scripts/World/Streaming/FloatingOriginMP.cs",199,"legacy-origin","FloatingOriginMP] ResetOffset: now totalOffset={_totalOffset}"");"
"Assets/_Project/Scripts/World/Streaming/FloatingOriginMP.cs",214,"legacy-origin","FloatingOriginMP."
"Assets/_Project/Scripts/World/Streaming/FloatingOriginMP.cs",293,"legacy-origin","FloatingOriginMP] GetWorldPosition: close to origin ({distToOrigin:F0}), using raw position"");"
"Assets/_Project/Scripts/World/Streaming/FloatingOriginMP.cs",300,"legacy-origin","FloatingOriginMP] GetWorldPosition: far from origin ({distToOrigin:F0}), truePos={truePos:F0}"");"
"Assets/_Project/Scripts/World/Streaming/FloatingOriginMP.cs",321,"legacy-origin","FloatingOriginMP] GetWorldPosition: Object at {pos:F0} (>{500000}) is too far - SKIPPING! This looks like WorldRoot!"");"
"Assets/_Project/Scripts/World/Streaming/FloatingOriginMP.cs",333,"legacy-origin","FloatingOriginMP] GetWorldPosition: using NetworkPlayer IsOwner, rawPos={pos:F0}, _totalOffset={_totalOffset:F0}, truePos={truePos:F0}, name={netObj.name}"");"
"Assets/_Project/Scripts/World/Streaming/FloatingOriginMP.cs",338,"legacy-origin","FloatingOriginMP] NetworkPlayer(Clone) at {pos:F0} is too close to origin - SKIPPING!"");"
"Assets/_Project/Scripts/World/Streaming/FloatingOriginMP.cs",349,"legacy-origin","FloatingOriginMP] GetWorldPosition: using Player tag={pos:F0}, name={playerByTag.name}"");"
"Assets/_Project/Scripts/World/Streaming/FloatingOriginMP.cs",359,"legacy-origin","FloatingOriginMP] GetWorldPosition: using ThirdPersonCamera={pos:F0} (may be wrong!)"");"
"Assets/_Project/Scripts/World/Streaming/FloatingOriginMP.cs",368,"legacy-origin","FloatingOriginMP] GetWorldPosition: using Camera.main={pos:F0} (WARNING: likely wrong!)"");"
"Assets/_Project/Scripts/World/Streaming/FloatingOriginMP.cs",375,"legacy-origin","FloatingOriginMP] GetWorldPosition: No position source found! Using Vector3.zero"");"
"Assets/_Project/Scripts/World/Streaming/FloatingOriginMP.cs",389,"legacy-origin","FloatingOriginMP] DUPLICATE INSTANCE on '{gameObject.name}'! Destroying. Existing instance on '{_instance.gameObject.name}'"");"
"Assets/_Project/Scripts/World/Streaming/FloatingOriginMP.cs",411,"legacy-origin","FloatingOriginMP] CRITICAL: No world roots found! Searching: "" + string.Join("", "", worldRootNames));"
"Assets/_Project/Scripts/World/Streaming/FloatingOriginMP.cs",423,"legacy-origin","FloatingOriginMP] LateUpdate skipped: initialized={_initialized}, roots={_worldRoots.Count}"");"
"Assets/_Project/Scripts/World/Streaming/FloatingOriginMP.cs",453,"legacy-origin","FloatingOriginMP] Debug: mode={mode}, cameraWorldPos={cameraWorldPos:F0}, dist={distFromOrigin:F0}, threshold={threshold:F0}"");"
"Assets/_Project/Scripts/World/Streaming/FloatingOriginMP.cs",472,"legacy-origin","FloatingOriginMP] LateUpdate: CLIENT sending RequestWorldShiftRpc, cameraWorldPos={cameraWorldPos:F0}"");"
"Assets/_Project/Scripts/World/Streaming/FloatingOriginMP.cs",501,"legacy-origin","OnWorldShifted снова"
"Assets/_Project/Scripts/World/Streaming/FloatingOriginMP.cs",504,"legacy-origin","FloatingOriginMP] BroadcastWorldShiftRpc: ServerAuthority mode - IGNORING RPC (would cause loop!)"");"
"Assets/_Project/Scripts/World/Streaming/FloatingOriginMP.cs",515,"legacy-origin","FloatingOriginMP] Received world shift from server: offset={offset}, "" +"
"Assets/_Project/Scripts/World/Streaming/FloatingOriginMP.cs",555,"legacy-origin","FloatingOriginMP] RequestWorldShiftRpc: called on client - ignoring!"");"
"Assets/_Project/Scripts/World/Streaming/FloatingOriginMP.cs",562,"legacy-origin","FloatingOriginMP] RequestWorldShiftRpc: cooldown active, ignoring"");"
"Assets/_Project/Scripts/World/Streaming/FloatingOriginMP.cs",570,"legacy-origin","FloatingOriginMP] RequestWorldShiftRpc: dist={dist:F0} <= threshold={threshold:F0}, ignoring"");"
"Assets/_Project/Scripts/World/Streaming/FloatingOriginMP.cs",579,"legacy-origin","FloatingOriginMP] RequestWorldShiftRpc: SERVER processing - cameraPos={cameraPos:F0}, offset={offset:F0}"");"
"Assets/_Project/Scripts/World/Streaming/FloatingOriginMP.cs",593,"legacy-origin","OnWorldShifted?.Invoke(offset);"
"Assets/_Project/Scripts/World/Streaming/FloatingOriginMP.cs",600,"legacy-origin","FloatingOriginMP] RequestWorldShiftRpc: BroadcastWorldShiftRpc sent to all clients"");"
"Assets/_Project/Scripts/World/Streaming/FloatingOriginMP.cs",617,"legacy-origin","FloatingOriginMP] ResetOrigin called but component is not initialized!"");"
"Assets/_Project/Scripts/World/Streaming/FloatingOriginMP.cs",627,"legacy-origin","FloatingOriginMP] Before ResetOrigin: "" +"
"Assets/_Project/Scripts/World/Streaming/FloatingOriginMP.cs",640,"legacy-origin","OnWorldShifted?.Invoke(offset);"
"Assets/_Project/Scripts/World/Streaming/FloatingOriginMP.cs",648,"legacy-origin","FloatingOriginMP] After ResetOrigin: "" +"
"Assets/_Project/Scripts/World/Streaming/FloatingOriginMP.cs",655,"legacy-origin","FloatingOriginMP] World position still far from origin after reset! "" +"
"Assets/_Project/Scripts/World/Streaming/FloatingOriginMP.cs",673,"legacy-origin","FloatingOriginMP] ApplyWorldShift called but component is not initialized!"");"
"Assets/_Project/Scripts/World/Streaming/FloatingOriginMP.cs",691,"legacy-origin","OnWorldShifted?.Invoke(offset);"
"Assets/_Project/Scripts/World/Streaming/FloatingOriginMP.cs",695,"legacy-origin","FloatingOriginMP] ApplyWorldShift (from server): offset={offset}, "" +"
"Assets/_Project/Scripts/World/Streaming/FloatingOriginMP.cs",721,"legacy-origin","FloatingOriginMP] SERVER SHIFT: offset={offset}, cameraPos={cameraWorldPos}"");"
"Assets/_Project/Scripts/World/Streaming/FloatingOriginMP.cs",722,"legacy-origin","FloatingOriginMP] Roots BEFORE shift: {rootsBefore}"");"
"Assets/_Project/Scripts/World/Streaming/FloatingOriginMP.cs",736,"legacy-origin","OnWorldShifted?.Invoke(offset);"
"Assets/_Project/Scripts/World/Streaming/FloatingOriginMP.cs",743,"legacy-origin","FloatingOriginMP] SERVER SHIFT complete: totalOffset={_totalOffset}"");"
"Assets/_Project/Scripts/World/Streaming/FloatingOriginMP.cs",764,"legacy-origin","FloatingOriginMP] LOCAL SHIFT: offset={offset}, cameraPos={cameraWorldPos}"");"
"Assets/_Project/Scripts/World/Streaming/FloatingOriginMP.cs",765,"legacy-origin","FloatingOriginMP] Roots BEFORE shift: {rootsBefore}"");"
"Assets/_Project/Scripts/World/Streaming/FloatingOriginMP.cs",779,"legacy-origin","OnWorldShifted?.Invoke(offset);"
"Assets/_Project/Scripts/World/Streaming/FloatingOriginMP.cs",783,"legacy-origin","FloatingOriginMP] LOCAL SHIFT complete: totalOffset={_totalOffset}"");"
"Assets/_Project/Scripts/World/Streaming/FloatingOriginMP.cs",809,"legacy-origin","FloatingOriginMP] Skipping excluded root: '{rootName}'"");"
"Assets/_Project/Scripts/World/Streaming/FloatingOriginMP.cs",821,"legacy-origin","FloatingOriginMP] Found world root: '{rootName}'"");"
"Assets/_Project/Scripts/World/Streaming/FloatingOriginMP.cs",830,"legacy-origin","FloatingOriginMP добавьте в сцену GameObject'ы с именами"
"Assets/_Project/Scripts/World/Streaming/FloatingOriginMP.cs",831,"legacy-origin","FloatingOriginMP найдёт их."
"Assets/_Project/Scripts/World/Streaming/FloatingOriginMP.cs",834,"legacy-origin","FloatingOriginMP] Не найдено ни одного world root по именам: "" +"
"Assets/_Project/Scripts/World/Streaming/FloatingOriginMP.cs",836,"legacy-origin","FloatingOriginMP отключён. Создайте в сцене пустой GameObject с именем 'WorldRoot' "" +"
"Assets/_Project/Scripts/World/Streaming/FloatingOriginMP.cs",843,"legacy-origin","FloatingOriginMP теперь полагается на FindOrCreateWorldRoots() который"
"Assets/_Project/Scripts/World/Streaming/FloatingOriginMP.cs",910,"legacy-origin","FloatingOriginMP] FindThirdPersonCamera: found '{camName}' at {camObj.transform.position:F0} (NOT under world root)"");"
"Assets/_Project/Scripts/World/Streaming/FloatingOriginMP.cs",916,"legacy-origin","FloatingOriginMP] FindThirdPersonCamera: '{camName}' is UNDER world root - SKIPPING!"");"
"Assets/_Project/Scripts/World/Streaming/FloatingOriginMP.cs",924,"legacy-origin","FloatingOriginMP] FindThirdPersonCamera: No valid camera found! Tried: {string.Join("", "", cameraNames)}"");"
"Assets/_Project/Scripts/World/Streaming/FloatingOriginMP.cs",959,"legacy-origin","FloatingOriginMP] Found {allTradeZones.Count} TradeZones in scene: "" +"
"Assets/_Project/Scripts/World/Streaming/FloatingOriginMP.cs",990,"legacy-origin","FloatingOriginMP] === POST-SHIFT CHECK ==="");"
"Assets/_Project/Scripts/World/Streaming/FloatingOriginMP.cs",991,"legacy-origin","FloatingOriginMP] TradeZones restored: {restored}/{allTradeZones.Count}"");"
"Assets/_Project/Scripts/World/Streaming/FloatingOriginMP.cs",996,"legacy-origin","FloatingOriginMP] TradeZones NOW at: {tz.position:F0}"");"
"Assets/_Project/Scripts/World/Streaming/FloatingOriginMP.cs",1001,"legacy-origin","FloatingOriginMP] _camera ({_camera.name}) NOW at: {_camera.transform.position:F0}"");"
"Assets/_Project/Scripts/World/Streaming/FloatingOriginMP.cs",1009,"legacy-origin","FloatingOriginMP] WorldRoot NOW at: {root.position:F0}"");"
"Assets/_Project/Scripts/World/Streaming/FloatingOriginMP.cs",1035,"legacy-origin","FloatingOriginMP"", GUI.skin.box);"
"Assets/_Project/Scripts/World/Streaming/PlayerChunkTracker.cs",129,"position-access","playerTransform.position);"
"Assets/_Project/Scripts/World/Streaming/PlayerChunkTracker.cs",171,"position-access","transform.position;"
"Assets/_Project/Scripts/World/Streaming/PlayerChunkTracker.cs",343,"legacy-origin","WorldStreamingManager для загрузки"
"Assets/_Project/Scripts/World/Streaming/PlayerChunkTracker.cs",344,"legacy-origin","WorldStreamingManager.Instance != null)"
"Assets/_Project/Scripts/World/Streaming/PlayerChunkTracker.cs",346,"legacy-origin","WorldStreamingManager.Instance.LoadChunkByServerCommand(chunkId);"
"Assets/_Project/Scripts/World/Streaming/PlayerChunkTracker.cs",350,"legacy-origin","WorldStreamingManager.Instance == null"");"
"Assets/_Project/Scripts/World/Streaming/PlayerChunkTracker.cs",365,"legacy-origin","WorldStreamingManager.Instance != null)"
"Assets/_Project/Scripts/World/Streaming/PlayerChunkTracker.cs",367,"legacy-origin","WorldStreamingManager.Instance.UnloadChunkByServerCommand(chunkId);"
"Assets/_Project/Scripts/World/Streaming/PlayerChunkTracker.cs",371,"legacy-origin","WorldStreamingManager.Instance == null"");"
"Assets/_Project/Scripts/World/Streaming/ProceduralChunkGenerator.cs",171,"position-access","transform.position = peak.worldPosition;"
"Assets/_Project/Scripts/World/Streaming/ProceduralChunkGenerator.cs",207,"position-access","transform.position = Vector3.zero;"
"Assets/_Project/Scripts/World/Streaming/ProceduralChunkGenerator.cs",289,"position-access","transform.position = farm.worldPosition;"
"Assets/_Project/Scripts/World/Streaming/ProceduralChunkGenerator.cs",279,"lifecycle-placement","Instantiate(farmPrefab, parentTransform);"
"Assets/_Project/Scripts/World/Streaming/StreamingTest.cs",69,"spatial-member","private Vector3 _targetPosition;"
"Assets/_Project/Scripts/World/Streaming/StreamingTest.cs",186,"spatial-member","private Vector3 GetCurrentPosition()"
"Assets/_Project/Scripts/World/Streaming/StreamingTest.cs",190,"position-access","_trackedTransform.position;"
"Assets/_Project/Scripts/World/Streaming/StreamingTest.cs",196,"position-access","transform.position;"
"Assets/_Project/Scripts/World/Streaming/StreamingTest.cs",210,"position-access","transform.position;"
"Assets/_Project/Scripts/World/Streaming/StreamingTest.cs",215,"position-access","transform.position = Vector3.MoveTowards("
"Assets/_Project/Scripts/World/Streaming/StreamingTest.cs",337,"position-access","transform.position = _targetPosition;"
"Assets/_Project/Scripts/World/Streaming/StreamingTest.cs",349,"position-access","transform.position = _targetPosition;"
"Assets/_Project/Scripts/World/Streaming/StreamingTest.cs",388,"position-access","transform.position = pos;"
"Assets/_Project/Scripts/World/Streaming/StreamingTest.cs",404,"position-access","transform.position = _targetPosition;"
"Assets/_Project/Scripts/World/Streaming/StreamingTest.cs",418,"position-access","transform.position;"
"Assets/_Project/Scripts/World/Streaming/StreamingTest.cs",24,"legacy-origin","WorldStreamingManager для тестирования"")]"
"Assets/_Project/Scripts/World/Streaming/StreamingTest.cs",25,"legacy-origin","WorldStreamingManager streamingManager;"
"Assets/_Project/Scripts/World/Streaming/StreamingTest.cs",107,"legacy-origin","WorldStreamingManager.Instance;"
"Assets/_Project/Scripts/World/Streaming/StreamingTest.cs",110,"legacy-origin","WorldStreamingManager>();"
"Assets/_Project/Scripts/World/Streaming/StreamingTest.cs",222,"legacy-origin","FloatingOriginMP>();"
"Assets/_Project/Scripts/World/Streaming/StreamingTest.cs",283,"legacy-origin","FloatingOriginMP>();"
"Assets/_Project/Scripts/World/Streaming/StreamingTest.cs",287,"legacy-origin","TotalOffset}"");"
"Assets/_Project/Scripts/World/Streaming/StreamingTest_AutoRun.cs",70,"spatial-member","private Vector3 _targetPosition;"
"Assets/_Project/Scripts/World/Streaming/StreamingTest_AutoRun.cs",387,"spatial-member","private Vector3 GetPlayerPosition()"
"Assets/_Project/Scripts/World/Streaming/StreamingTest_AutoRun.cs",127,"position-access","transform.position;"
"Assets/_Project/Scripts/World/Streaming/StreamingTest_AutoRun.cs",132,"position-access","transform.position = Vector3.MoveTowards("
"Assets/_Project/Scripts/World/Streaming/StreamingTest_AutoRun.cs",296,"position-access","player.position = _targetPosition;"
"Assets/_Project/Scripts/World/Streaming/StreamingTest_AutoRun.cs",305,"position-access","transform.position = _targetPosition;"
"Assets/_Project/Scripts/World/Streaming/StreamingTest_AutoRun.cs",340,"position-access","transform.position = pos;"
"Assets/_Project/Scripts/World/Streaming/StreamingTest_AutoRun.cs",354,"position-access","transform.position;"
"Assets/_Project/Scripts/World/Streaming/StreamingTest_AutoRun.cs",395,"position-access","transform.position}"");"
"Assets/_Project/Scripts/World/Streaming/StreamingTest_AutoRun.cs",396,"position-access","transform.position;"
"Assets/_Project/Scripts/World/Streaming/StreamingTest_AutoRun.cs",404,"position-access","transform.position}"");"
"Assets/_Project/Scripts/World/Streaming/StreamingTest_AutoRun.cs",405,"position-access","transform.position;"
"Assets/_Project/Scripts/World/Streaming/StreamingTest_AutoRun.cs",411,"position-access","transform.position}"");"
"Assets/_Project/Scripts/World/Streaming/StreamingTest_AutoRun.cs",412,"position-access","transform.position;"
"Assets/_Project/Scripts/World/Streaming/StreamingTest_AutoRun.cs",26,"legacy-origin","WorldStreamingManager для тестирования"")]"
"Assets/_Project/Scripts/World/Streaming/StreamingTest_AutoRun.cs",27,"legacy-origin","WorldStreamingManager streamingManager;"
"Assets/_Project/Scripts/World/Streaming/StreamingTest_AutoRun.cs",94,"legacy-origin","WorldStreamingManager.Instance;"
"Assets/_Project/Scripts/World/Streaming/StreamingTest_AutoRun.cs",97,"legacy-origin","WorldStreamingManager>();"
"Assets/_Project/Scripts/World/Streaming/StreamingTest_AutoRun.cs",220,"legacy-origin","FloatingOriginMP>();"
"Assets/_Project/Scripts/World/Streaming/StreamingTest_AutoRun.cs",224,"legacy-origin","TotalOffset}"");"
"Assets/_Project/Scripts/World/Streaming/WorldChunkManager.cs",11,"network-serialization","INetworkSerializable для передачи через RPC."
"Assets/_Project/Scripts/World/Streaming/WorldChunkManager.cs",14,"network-serialization","INetworkSerializable"
"Assets/_Project/Scripts/World/Streaming/WorldChunkManager.cs",43,"network-serialization","INetworkSerializable для передачи через RPC."
"Assets/_Project/Scripts/World/Streaming/WorldChunkManager.cs",45,"network-serialization","NetworkSerialize<T>(BufferSerializer<T> serializer) where T : IReaderWriter"
"Assets/_Project/Scripts/World/Streaming/WorldChunkManager.cs",47,"network-serialization","SerializeValue(ref GridX);"
"Assets/_Project/Scripts/World/Streaming/WorldChunkManager.cs",48,"network-serialization","SerializeValue(ref GridZ);"
"Assets/_Project/Scripts/World/Streaming/WorldChunkManager.cs",69,"spatial-member","public Bounds WorldBounds;"
"Assets/_Project/Scripts/World/Streaming/WorldStreamingManager.cs",135,"spatial-member","private Vector3 GetLocalPlayerPosition()"
"Assets/_Project/Scripts/World/Streaming/WorldStreamingManager.cs",143,"position-access","_cachedLocalPlayerTransform.position;"
"Assets/_Project/Scripts/World/Streaming/WorldStreamingManager.cs",160,"position-access","transform.position;"
"Assets/_Project/Scripts/World/Streaming/WorldStreamingManager.cs",180,"position-access","transform.position;"
"Assets/_Project/Scripts/World/Streaming/WorldStreamingManager.cs",198,"position-access","transform.position;"
"Assets/_Project/Scripts/World/Streaming/WorldStreamingManager.cs",817,"position-access","_cachedLocalPlayerTransform.position.ToString(""F0"") : ""N/A"")}"");"
"Assets/_Project/Scripts/World/Streaming/WorldStreamingManager.cs",15,"legacy-origin","FloatingOriginMP"
"Assets/_Project/Scripts/World/Streaming/WorldStreamingManager.cs",26,"legacy-origin","WorldStreamingManager : MonoBehaviour"
"Assets/_Project/Scripts/World/Streaming/WorldStreamingManager.cs",30,"legacy-origin","WorldStreamingManager _instance;"
"Assets/_Project/Scripts/World/Streaming/WorldStreamingManager.cs",31,"legacy-origin","WorldStreamingManager Instance => _instance;"
"Assets/_Project/Scripts/World/Streaming/WorldStreamingManager.cs",50,"legacy-origin","FloatingOriginMP - for large coordinates"")]"
"Assets/_Project/Scripts/World/Streaming/WorldStreamingManager.cs",51,"legacy-origin","FloatingOriginMP floatingOrigin;"
"Assets/_Project/Scripts/World/Streaming/WorldStreamingManager.cs",132,"legacy-origin","FloatingOriginMP shifts the world, Camera.main returns position near (0,0,0)."
"Assets/_Project/Scripts/World/Streaming/WorldStreamingManager.cs",165,"legacy-origin","WorldStreamingManager] Using NetworkPlayer IsOwner: {netObj.name} at {position:F0}"");"
"Assets/_Project/Scripts/World/Streaming/WorldStreamingManager.cs",185,"legacy-origin","WorldStreamingManager] Using Player tag: {playerByTag.name} at {position:F0}"");"
"Assets/_Project/Scripts/World/Streaming/WorldStreamingManager.cs",203,"legacy-origin","WorldStreamingManager] WARNING: Using Camera.main fallback at {position:F0}. Chunks may load around origin!"");"
"Assets/_Project/Scripts/World/Streaming/WorldStreamingManager.cs",219,"legacy-origin","WorldStreamingManager] Multiple instances detected. Destroying duplicate."");"
"Assets/_Project/Scripts/World/Streaming/WorldStreamingManager.cs",270,"legacy-origin","WorldStreamingManager] Validation failed. Streaming disabled."");"
"Assets/_Project/Scripts/World/Streaming/WorldStreamingManager.cs",328,"legacy-origin","WorldStreamingManager] Cannot load chunks: chunkManager={chunkManager}, chunkLoader={chunkLoader}"");"
"Assets/_Project/Scripts/World/Streaming/WorldStreamingManager.cs",393,"legacy-origin","WorldStreamingManager] ChunkLoader not initialized!"");"
"Assets/_Project/Scripts/World/Streaming/WorldStreamingManager.cs",416,"legacy-origin","WorldStreamingManager] Chunk {chunkId} not loaded, skipping unload."");"
"Assets/_Project/Scripts/World/Streaming/WorldStreamingManager.cs",422,"legacy-origin","WorldStreamingManager] ChunkLoader not initialized!"");"
"Assets/_Project/Scripts/World/Streaming/WorldStreamingManager.cs",447,"legacy-origin","WorldStreamingManager] Teleported to {peakPosition}"");"
"Assets/_Project/Scripts/World/Streaming/WorldStreamingManager.cs",481,"legacy-origin","WorldStreamingManager] All chunks unloaded."");"
"Assets/_Project/Scripts/World/Streaming/WorldStreamingManager.cs",492,"legacy-origin","WorldSceneManager."
"Assets/_Project/Scripts/World/Streaming/WorldStreamingManager.cs",500,"legacy-origin","WorldStreamingManager] Scene filter updated: {(loadedScenes?.Count ?? 0)} scenes"");"
"Assets/_Project/Scripts/World/Streaming/WorldStreamingManager.cs",524,"legacy-origin","WorldStreamingManager] Chunk {chunkId} blocked - scene {chunkScene} not loaded"");"
"Assets/_Project/Scripts/World/Streaming/WorldStreamingManager.cs",588,"legacy-origin","FloatingOriginMP>();"
"Assets/_Project/Scripts/World/Streaming/WorldStreamingManager.cs",601,"legacy-origin","WorldStreamingManager] WorldData not assigned!"");"
"Assets/_Project/Scripts/World/Streaming/WorldStreamingManager.cs",607,"legacy-origin","WorldStreamingManager] WorldChunkManager not found!"");"
"Assets/_Project/Scripts/World/Streaming/WorldStreamingManager.cs",613,"legacy-origin","WorldStreamingManager] ProceduralChunkGenerator not found!"");"
"Assets/_Project/Scripts/World/Streaming/WorldStreamingManager.cs",619,"legacy-origin","WorldStreamingManager] ChunkLoader not found!"");"
"Assets/_Project/Scripts/World/Streaming/WorldStreamingManager.cs",626,"legacy-origin","WorldStreamingManager] FloatingOriginMP not found. Large world coordinate support disabled."");"
"Assets/_Project/Scripts/World/Streaming/WorldStreamingManager.cs",648,"legacy-origin","FloatingOriginMP shifts the world, Camera.main returns position near (0,0,0)"
"Assets/_Project/Scripts/World/Streaming/WorldStreamingManager.cs",759,"legacy-origin","WorldStreamingManager] Memory budget reached: {_loadedChunks.Count}/{maxLoadedChunks}"");"
"Assets/_Project/Scripts/World/Streaming/WorldStreamingManager.cs",822,"legacy-origin","FloatingOriginMP</b>"", UnityEditor.EditorStyles.boldLabel);"
"Assets/_Project/Scripts/World/Streaming/WorldStreamingManager.cs",823,"legacy-origin","TotalOffset}"");"
"Assets/_Project/Scripts/World/WorldSceneManager.cs",111,"position-access","_playerTransform.position;"
"Assets/_Project/Scripts/World/WorldSceneManager.cs",82,"lifecycle-placement","DontDestroyOnLoad(gameObject);"
"Assets/_Project/Scripts/World/WorldSceneManager.cs",12,"legacy-origin","FloatingOriginMP state, handles preload triggers."
"Assets/_Project/Scripts/World/WorldSceneManager.cs",14,"legacy-origin","WorldSceneManager : MonoBehaviour"
"Assets/_Project/Scripts/World/WorldSceneManager.cs",18,"legacy-origin","WorldSceneManager _instance;"
"Assets/_Project/Scripts/World/WorldSceneManager.cs",19,"legacy-origin","WorldSceneManager Instance => _instance;"
"Assets/_Project/Scripts/World/WorldSceneManager.cs",29,"legacy-origin","WorldStreamingManager for chunk loading (2k grid)"")]"
"Assets/_Project/Scripts/World/WorldSceneManager.cs",30,"legacy-origin","WorldStreamingManager worldStreamingManager;"
"Assets/_Project/Scripts/World/WorldSceneManager.cs",32,"legacy-origin","FloatingOriginMP for large coordinate handling"")]"
"Assets/_Project/Scripts/World/WorldSceneManager.cs",33,"legacy-origin","FloatingOriginMP floatingOriginMP;"
"Assets/_Project/Scripts/World/WorldSceneManager.cs",46,"legacy-origin","FloatingOriginMP control based on scene loading"")]"
"Assets/_Project/Scripts/World/WorldSceneManager.cs",91,"legacy-origin","WorldSceneManager initialized."");"
"Assets/_Project/Scripts/World/WorldSceneManager.cs",279,"legacy-origin","FloatingOriginMP ENABLED (dist={distFromOrigin:F0}, threshold={floatingOriginEnableThreshold:F0})"");"
"Assets/_Project/Scripts/World/WorldSceneManager.cs",284,"legacy-origin","FloatingOriginMP DISABLED (dist={distFromOrigin:F0}, threshold={floatingOriginDisableThreshold:F0})"");"
"Assets/_Project/Scripts/World/WorldSceneManager.cs",298,"legacy-origin","WorldStreamingManager>();"
"Assets/_Project/Scripts/World/WorldSceneManager.cs",301,"legacy-origin","FloatingOriginMP>();"
"Assets/_Project/Scripts/World/WorldSceneManager.cs",354,"legacy-origin","WorldSceneManager] {message}"");"
"Assets/_Project/Shaders/Clouds/CloudCommon.hlsl",147,"shader-position-candidate","worldPos, float3 cameraPos, float tileSize)"
"Assets/_Project/Shaders/Clouds/CloudCommon.hlsl",151,"shader-position-candidate","worldPos - camTile;"
"Assets/_Project/Shaders/Clouds/VolumetricClouds.shader",152,"shader-position-candidate","worldPos)"
"Assets/_Project/Shaders/Clouds/VolumetricClouds.shader",155,"shader-position-candidate","worldPos - _LocalDensityCenter;"
"Assets/_Project/Shaders/Clouds/VolumetricClouds.shader",163,"shader-position-candidate","worldPos)"
"Assets/_Project/Shaders/Clouds/VolumetricClouds.shader",166,"shader-position-candidate","worldPos - _LocalDisplacementCenter;"
"Assets/_Project/Shaders/Clouds/VolumetricClouds.shader",276,"shader-position-candidate","worldPos, out float3 stormColor)"
"Assets/_Project/Shaders/Clouds/VolumetricClouds.shader",293,"shader-position-candidate","worldPos.y < bottomY || worldPos.y > topY) continue;"
"Assets/_Project/Shaders/Clouds/VolumetricClouds.shader",296,"shader-position-candidate","worldPos.y - bottomY) / hRange);"
"Assets/_Project/Shaders/Clouds/VolumetricClouds.shader",299,"shader-position-candidate","worldPos.xz - cellPos.xz);"
"Assets/_Project/Shaders/Clouds/VolumetricClouds.shader",314,"shader-position-candidate","worldPos.y);"
"Assets/_Project/Shaders/Clouds/VolumetricClouds.shader",315,"shader-position-candidate","worldPos.y);"
"Assets/_Project/Shaders/Clouds/VolumetricClouds.shader",329,"shader-position-candidate","worldPos + seedOff) * 0.0015, 500u + (uint)(i * 37));"
"Assets/_Project/Shaders/Clouds/VolumetricClouds.shader",330,"shader-position-candidate","worldPos + seedOff) * 0.004, 600u + (uint)(i * 73));"
"Assets/_Project/Shaders/Clouds/VolumetricClouds.shader",339,"shader-position-candidate","worldPos + noiseWind, warpScale, warpStrength);"
"Assets/_Project/Shaders/Clouds/VolumetricClouds.shader",342,"shader-position-candidate","worldPos + warpOff + noiseWind;"
"Assets/_Project/Shaders/Clouds/VolumetricClouds.shader",378,"shader-position-candidate","worldPos, float3 cameraPos, float coverageNoise,"
"Assets/_Project/Shaders/Clouds/VolumetricClouds.shader",384,"shader-position-candidate","worldPos;"
"Assets/_Project/Shaders/Clouds/VolumetricClouds.shader",388,"shader-position-candidate","worldPos.y - shipY) / dispRange);"
"Assets/_Project/Shaders/Clouds/VolumetricClouds.shader",391,"shader-position-candidate","worldPos);"
"Assets/_Project/Shaders/Clouds/VolumetricClouds.shader",393,"shader-position-candidate","worldPos = worldPos + disp * _LocalDisplacementStrength * dispFactor;"
"Assets/_Project/Shaders/Clouds/VolumetricClouds.shader",396,"shader-position-candidate","worldPos;"
"Assets/_Project/Shaders/Clouds/VolumetricClouds.shader",399,"shader-position-candidate","worldPos, cameraPos, _NoiseTileSize);"
"Assets/_Project/Shaders/Clouds/VolumetricClouds.shader",412,"shader-position-candidate","worldPos.y, b.x, b.y, _HeightEdgeSoftness);"
"Assets/_Project/Shaders/Clouds/VolumetricClouds.shader",422,"shader-position-candidate","worldPos.y - b.x) / max(b.y - b.x, 1e-4));"
"Assets/_Project/Shaders/Clouds/VolumetricClouds.shader",433,"shader-position-candidate","worldPos);"
"Assets/_Project/Shaders/Clouds/VolumetricClouds.shader",466,"shader-position-candidate","_WorldSpaceCameraPos;"
"Assets/_Project/Shaders/Clouds/VolumetricClouds.shader",509,"shader-position-candidate","_WorldSpaceCameraPos;"
"Assets/_Project/Shaders/Moon/MoonLunarPhase.shader",87,"shader-position-candidate","_WorldSpaceCameraPos - mul(unity_ObjectToWorld, v.vertex).xyz);"
"Assets/_Project/Shaders/OcclusionDither.shader",68,"shader-position-candidate","positionWS : TEXCOORD2;"
"Assets/_Project/Shaders/OcclusionDither.shader",77,"shader-position-candidate","positionWS = posInput.positionWS;"
"Assets/_Project/Shaders/OcclusionDither.shader",101,"shader-position-candidate","positionWS = input.positionWS;"
"Assets/_Project/Shaders/OcclusionDither.shader",103,"shader-position-candidate","positionWS);"
"Assets/_Project/Shaders/OcclusionDither.shader",104,"shader-position-candidate","positionWS);"
"Assets/_Project/Shaders/OcclusionDither.shader",155,"shader-position-candidate","positionWS = TransformObjectToWorld(input.positionOS.xyz);"
"Assets/_Project/Shaders/OcclusionDither.shader",156,"shader-position-candidate","TransformObjectToWorldNormal(input.normalOS);"
"Assets/_Project/Shaders/OcclusionDither.shader",157,"shader-position-candidate","positionWS, normalWS, _LightDirection));"
"Assets/_Project/Shaders/VeilRaymarch.shader",257,"shader-position-candidate","_WorldSpaceCameraPos;"
"Assets/_Project/Shaders/VeilRaymarchMesh.shader",11,"shader-position-candidate","worldPos - cameraPos)"
"Assets/_Project/Shaders/VeilRaymarchMesh.shader",222,"shader-position-candidate","worldPos : TEXCOORD0;"
"Assets/_Project/Shaders/VeilRaymarchMesh.shader",232,"shader-position-candidate","worldPos = vertexInput.positionWS;"
"Assets/_Project/Shaders/VeilRaymarchMesh.shader",245,"shader-position-candidate","_WorldSpaceCameraPos;"
"Assets/_Project/Shaders/VeilRaymarchMesh.shader",246,"shader-position-candidate","worldPos - rayOrigin);"
"Assets/_Project/Shaders/VeilRaymarchMesh.shader",341,"shader-position-candidate","worldPos * _NoiseScale;"
"Assets/_Project/Shaders/VeilShader.shader",126,"shader-position-candidate","worldPos : TEXCOORD0;"
"Assets/_Project/Shaders/VeilShader.shader",136,"shader-position-candidate","worldPos = vertexInput.positionWS;"
"Assets/_Project/Shaders/VeilShader.shader",150,"shader-position-candidate","worldPos * _NoiseScale + windOffset;"
"Assets/_Project/Shaders/VeilShader.shader",172,"shader-position-candidate","_WorldSpaceCameraPos - input.worldPos);"
"Assets/_Project/Trade/Exchange/Core/ExchangeResult.cs",6,"network-serialization","INetworkSerializable — результат возвращается серверным RPC"
"Assets/_Project/Trade/Scripts/Client/ContractClientState.cs",45,"lifecycle-placement","DontDestroyOnLoad(gameObject);"
"Assets/_Project/Trade/Scripts/Client/ExchangeClientState.cs",14,"lifecycle-placement","DontDestroyOnLoad (паттерн MarketClientState)."
"Assets/_Project/Trade/Scripts/Client/ExchangeClientState.cs",30,"lifecycle-placement","DontDestroyOnLoad(gameObject);"
"Assets/_Project/Trade/Scripts/Client/MarketClientState.cs",53,"lifecycle-placement","DontDestroyOnLoad(gameObject);"
"Assets/_Project/Trade/Scripts/Client/MarketInteractor.cs",103,"position-access","transform.position - lpPos).sqrMagnitude;"
"Assets/_Project/Trade/Scripts/Client/MarketInteractor.cs",105,"position-access","transform.position}) "");"
"Assets/_Project/Trade/Scripts/Client/MarketWindowHost.cs",146,"position-access","style.position = Position.Absolute;"
"Assets/_Project/Trade/Scripts/Client/MarketWindowHost.cs",324,"position-access","style.position = Position.Absolute;"
"Assets/_Project/Trade/Scripts/Client/ShipCargoClientState.cs",30,"lifecycle-placement","DontDestroyOnLoad(gameObject);"
"Assets/_Project/Trade/Scripts/Core/TradeWorld.cs",105,"position-access","transform.position в радиусе станции (ShipDockRadius) — здесь простая"
"Assets/_Project/Trade/Scripts/Core/TradeWorld.cs",110,"position-access","transform.position - station.transform.position).sqrMagnitude;"
"Assets/_Project/Trade/Scripts/Dto/ContractDto.cs",18,"network-serialization","INetworkSerializable"
"Assets/_Project/Trade/Scripts/Dto/ContractDto.cs",71,"network-serialization","NetworkSerialize<T>(BufferSerializer<T> serializer) where T : IReaderWriter"
"Assets/_Project/Trade/Scripts/Dto/ContractDto.cs",73,"network-serialization","SerializeValue(ref contractId);"
"Assets/_Project/Trade/Scripts/Dto/ContractDto.cs",74,"network-serialization","SerializeValue(ref type);"
"Assets/_Project/Trade/Scripts/Dto/ContractDto.cs",75,"network-serialization","SerializeValue(ref typeLocalizationKey);"
"Assets/_Project/Trade/Scripts/Dto/ContractDto.cs",76,"network-serialization","SerializeValue(ref typeUiClass);"
"Assets/_Project/Trade/Scripts/Dto/ContractDto.cs",77,"network-serialization","SerializeValue(ref state);"
"Assets/_Project/Trade/Scripts/Dto/ContractDto.cs",78,"network-serialization","SerializeValue(ref itemId);"
"Assets/_Project/Trade/Scripts/Dto/ContractDto.cs",79,"network-serialization","SerializeValue(ref displayName);"
"Assets/_Project/Trade/Scripts/Dto/ContractDto.cs",80,"network-serialization","SerializeValue(ref quantity);"
"Assets/_Project/Trade/Scripts/Dto/ContractDto.cs",81,"network-serialization","SerializeValue(ref fromLocationId);"
"Assets/_Project/Trade/Scripts/Dto/ContractDto.cs",82,"network-serialization","SerializeValue(ref toLocationId);"
"Assets/_Project/Trade/Scripts/Dto/ContractDto.cs",83,"network-serialization","SerializeValue(ref reward);"
"Assets/_Project/Trade/Scripts/Dto/ContractDto.cs",84,"network-serialization","SerializeValue(ref cargoValue);"
"Assets/_Project/Trade/Scripts/Dto/ContractDto.cs",85,"network-serialization","SerializeValue(ref timeLimit);"
"Assets/_Project/Trade/Scripts/Dto/ContractDto.cs",86,"network-serialization","SerializeValue(ref timeRemaining);"
"Assets/_Project/Trade/Scripts/Dto/ContractDto.cs",87,"network-serialization","SerializeValue(ref isReceiptContract);"
"Assets/_Project/Trade/Scripts/Dto/ContractDto.cs",88,"network-serialization","SerializeValue(ref receiptCargoIssued);"
"Assets/_Project/Trade/Scripts/Dto/ContractDto.cs",89,"network-serialization","SerializeValue(ref receiptCargoShipNetworkObjectId);"
"Assets/_Project/Trade/Scripts/Dto/ContractResultDto.cs",20,"network-serialization","INetworkSerializable"
"Assets/_Project/Trade/Scripts/Dto/ContractResultDto.cs",49,"network-serialization","NetworkSerialize<T>(BufferSerializer<T> serializer) where T : IReaderWriter"
"Assets/_Project/Trade/Scripts/Dto/ContractResultDto.cs",51,"network-serialization","SerializeValue(ref code);"
"Assets/_Project/Trade/Scripts/Dto/ContractResultDto.cs",52,"network-serialization","SerializeValue(ref contractId);"
"Assets/_Project/Trade/Scripts/Dto/ContractResultDto.cs",53,"network-serialization","SerializeValue(ref success);"
"Assets/_Project/Trade/Scripts/Dto/ContractResultDto.cs",54,"network-serialization","SerializeValue(ref message);"
"Assets/_Project/Trade/Scripts/Dto/ContractResultDto.cs",55,"network-serialization","SerializeValue(ref reward);"
"Assets/_Project/Trade/Scripts/Dto/ContractResultDto.cs",56,"network-serialization","SerializeValue(ref newCredits);"
"Assets/_Project/Trade/Scripts/Dto/ContractResultDto.cs",57,"network-serialization","SerializeValue(ref newDebt);"
"Assets/_Project/Trade/Scripts/Dto/ContractResultDto.cs",69,"network-serialization","SerializeValue(ref hasContract);"
"Assets/_Project/Trade/Scripts/Dto/ContractResultDto.cs",73,"network-serialization","NetworkSerialize(serializer);"
"Assets/_Project/Trade/Scripts/Dto/ContractResultDto.cs",79,"network-serialization","SerializeValue(ref hasContract);"
"Assets/_Project/Trade/Scripts/Dto/ContractResultDto.cs",83,"network-serialization","NetworkSerialize(serializer);"
"Assets/_Project/Trade/Scripts/Dto/ContractSnapshotDto.cs",18,"network-serialization","INetworkSerializable"
"Assets/_Project/Trade/Scripts/Dto/ContractSnapshotDto.cs",47,"network-serialization","NetworkSerialize<T>(BufferSerializer<T> serializer) where T : IReaderWriter"
"Assets/_Project/Trade/Scripts/Dto/ContractSnapshotDto.cs",49,"network-serialization","SerializeValue(ref locationId);"
"Assets/_Project/Trade/Scripts/Dto/ContractSnapshotDto.cs",50,"network-serialization","SerializeValue(ref displayName);"
"Assets/_Project/Trade/Scripts/Dto/ContractSnapshotDto.cs",51,"network-serialization","SerializeValue(ref debtAmount);"
"Assets/_Project/Trade/Scripts/Dto/ContractSnapshotDto.cs",52,"network-serialization","SerializeValue(ref debtLevel);"
"Assets/_Project/Trade/Scripts/Dto/ContractSnapshotDto.cs",53,"network-serialization","SerializeValue(ref canAcceptContracts);"
"Assets/_Project/Trade/Scripts/Dto/ContractSnapshotDto.cs",54,"network-serialization","SerializeValue(ref marketTimeMultiplier);"
"Assets/_Project/Trade/Scripts/Dto/ContractSnapshotDto.cs",55,"network-serialization","SerializeValue(ref secondsUntilNextTick);"
"Assets/_Project/Trade/Scripts/Dto/ContractSnapshotDto.cs",66,"network-serialization","SerializeValue(ref len);"
"Assets/_Project/Trade/Scripts/Dto/ContractSnapshotDto.cs",74,"network-serialization","NetworkSerialize(s);"
"Assets/_Project/Trade/Scripts/Dto/ExchangeResultDto.cs",8,"network-serialization","INetworkSerializable — NGO 2.x."
"Assets/_Project/Trade/Scripts/Dto/ExchangeResultDto.cs",18,"network-serialization","INetworkSerializable"
"Assets/_Project/Trade/Scripts/Dto/ExchangeResultDto.cs",27,"network-serialization","NetworkSerialize<T>(BufferSerializer<T> serializer) where T : IReaderWriter"
"Assets/_Project/Trade/Scripts/Dto/ExchangeResultDto.cs",29,"network-serialization","SerializeValue(ref success);"
"Assets/_Project/Trade/Scripts/Dto/ExchangeResultDto.cs",31,"network-serialization","SerializeValue(ref op);"
"Assets/_Project/Trade/Scripts/Dto/ExchangeResultDto.cs",33,"network-serialization","SerializeValue(ref warehouseDelta);"
"Assets/_Project/Trade/Scripts/Dto/ExchangeResultDto.cs",34,"network-serialization","SerializeValue(ref inventoryDelta);"
"Assets/_Project/Trade/Scripts/Dto/ExchangeResultDto.cs",41,"network-serialization","SerializeValue(ref hasValue);"
"Assets/_Project/Trade/Scripts/Dto/ExchangeResultDto.cs",45,"network-serialization","SerializeValue(ref val);"
"Assets/_Project/Trade/Scripts/Dto/MarketSnapshotDto.cs",13,"network-serialization","INetworkSerializable"
"Assets/_Project/Trade/Scripts/Dto/MarketSnapshotDto.cs",63,"network-serialization","NetworkSerialize<T>(BufferSerializer<T> serializer) where T : IReaderWriter"
"Assets/_Project/Trade/Scripts/Dto/MarketSnapshotDto.cs",65,"network-serialization","SerializeValue(ref locationId);"
"Assets/_Project/Trade/Scripts/Dto/MarketSnapshotDto.cs",66,"network-serialization","SerializeValue(ref displayName);"
"Assets/_Project/Trade/Scripts/Dto/MarketSnapshotDto.cs",67,"network-serialization","SerializeValue(ref marketVersion);"
"Assets/_Project/Trade/Scripts/Dto/MarketSnapshotDto.cs",68,"network-serialization","SerializeValue(ref credits);"
"Assets/_Project/Trade/Scripts/Dto/MarketSnapshotDto.cs",69,"network-serialization","SerializeValue(ref warehouseMaxWeight);"
"Assets/_Project/Trade/Scripts/Dto/MarketSnapshotDto.cs",70,"network-serialization","SerializeValue(ref warehouseMaxVolume);"
"Assets/_Project/Trade/Scripts/Dto/MarketSnapshotDto.cs",71,"network-serialization","SerializeValue(ref warehouseMaxTypes);"
"Assets/_Project/Trade/Scripts/Dto/MarketSnapshotDto.cs",72,"network-serialization","SerializeValue(ref marketTimeMultiplier);"
"Assets/_Project/Trade/Scripts/Dto/MarketSnapshotDto.cs",73,"network-serialization","SerializeValue(ref secondsUntilNextTick);"
"Assets/_Project/Trade/Scripts/Dto/MarketSnapshotDto.cs",84,"network-serialization","INetworkSerializable, new()"
"Assets/_Project/Trade/Scripts/Dto/MarketSnapshotDto.cs",87,"network-serialization","SerializeValue(ref len);"
"Assets/_Project/Trade/Scripts/Dto/MarketSnapshotDto.cs",95,"network-serialization","NetworkSerialize(s);"
"Assets/_Project/Trade/Scripts/Dto/MarketSnapshotDto.cs",101,"network-serialization","INetworkSerializable"
"Assets/_Project/Trade/Scripts/Dto/MarketSnapshotDto.cs",109,"network-serialization","NetworkSerialize<T>(BufferSerializer<T> serializer) where T : IReaderWriter"
"Assets/_Project/Trade/Scripts/Dto/MarketSnapshotDto.cs",111,"network-serialization","SerializeValue(ref itemId);"
"Assets/_Project/Trade/Scripts/Dto/MarketSnapshotDto.cs",112,"network-serialization","SerializeValue(ref displayName);"
"Assets/_Project/Trade/Scripts/Dto/MarketSnapshotDto.cs",113,"network-serialization","SerializeValue(ref currentPrice);"
"Assets/_Project/Trade/Scripts/Dto/MarketSnapshotDto.cs",114,"network-serialization","SerializeValue(ref availableStock);"
"Assets/_Project/Trade/Scripts/Dto/MarketSnapshotDto.cs",115,"network-serialization","SerializeValue(ref version);"
"Assets/_Project/Trade/Scripts/Dto/MarketSnapshotDto.cs",119,"network-serialization","INetworkSerializable"
"Assets/_Project/Trade/Scripts/Dto/MarketSnapshotDto.cs",126,"network-serialization","NetworkSerialize<T>(BufferSerializer<T> serializer) where T : IReaderWriter"
"Assets/_Project/Trade/Scripts/Dto/MarketSnapshotDto.cs",128,"network-serialization","SerializeValue(ref itemId);"
"Assets/_Project/Trade/Scripts/Dto/MarketSnapshotDto.cs",129,"network-serialization","SerializeValue(ref displayName);"
"Assets/_Project/Trade/Scripts/Dto/MarketSnapshotDto.cs",130,"network-serialization","SerializeValue(ref quantity);"
"Assets/_Project/Trade/Scripts/Dto/MarketSnapshotDto.cs",131,"network-serialization","SerializeValue(ref isContractOwned);"
"Assets/_Project/Trade/Scripts/Dto/MarketSnapshotDto.cs",146,"network-serialization","INetworkSerializable"
"Assets/_Project/Trade/Scripts/Dto/MarketSnapshotDto.cs",151,"network-serialization","NetworkSerialize<T>(BufferSerializer<T> serializer) where T : IReaderWriter"
"Assets/_Project/Trade/Scripts/Dto/MarketSnapshotDto.cs",153,"network-serialization","SerializeValue(ref shipNetworkObjectId);"
"Assets/_Project/Trade/Scripts/Dto/MarketSnapshotDto.cs",155,"network-serialization","SerializeValue(ref len);"
"Assets/_Project/Trade/Scripts/Dto/MarketSnapshotDto.cs",163,"network-serialization","NetworkSerialize(serializer);"
"Assets/_Project/Trade/Scripts/Dto/ShipCargoResultDto.cs",4,"network-serialization","INetworkSerializable struct, шлётся сервером клиенту в ответ на"
"Assets/_Project/Trade/Scripts/Dto/ShipCargoResultDto.cs",14,"network-serialization","INetworkSerializable"
"Assets/_Project/Trade/Scripts/Dto/ShipCargoResultDto.cs",22,"network-serialization","NetworkSerialize<T>(BufferSerializer<T> serializer) where T : IReaderWriter"
"Assets/_Project/Trade/Scripts/Dto/ShipCargoResultDto.cs",24,"network-serialization","SerializeValue(ref success);"
"Assets/_Project/Trade/Scripts/Dto/ShipCargoResultDto.cs",26,"network-serialization","SerializeValue(ref op);"
"Assets/_Project/Trade/Scripts/Dto/ShipCargoResultDto.cs",27,"network-serialization","SerializeValue(ref cargoDelta);"
"Assets/_Project/Trade/Scripts/Dto/ShipCargoResultDto.cs",28,"network-serialization","SerializeValue(ref inventoryDelta);"
"Assets/_Project/Trade/Scripts/Dto/ShipCargoResultDto.cs",35,"network-serialization","SerializeValue(ref hasValue);"
"Assets/_Project/Trade/Scripts/Dto/ShipCargoResultDto.cs",39,"network-serialization","SerializeValue(ref val);"
"Assets/_Project/Trade/Scripts/Dto/ShipSummaryDto.cs",8,"network-serialization","INetworkSerializable"
"Assets/_Project/Trade/Scripts/Dto/ShipSummaryDto.cs",21,"network-serialization","NetworkSerialize<T>(BufferSerializer<T> serializer) where T : IReaderWriter"
"Assets/_Project/Trade/Scripts/Dto/ShipSummaryDto.cs",23,"network-serialization","SerializeValue(ref shipNetworkObjectId);"
"Assets/_Project/Trade/Scripts/Dto/ShipSummaryDto.cs",24,"network-serialization","SerializeValue(ref displayName);"
"Assets/_Project/Trade/Scripts/Dto/ShipSummaryDto.cs",25,"network-serialization","SerializeValue(ref shipClassName);"
"Assets/_Project/Trade/Scripts/Dto/ShipSummaryDto.cs",26,"network-serialization","SerializeValue(ref currentWeight);"
"Assets/_Project/Trade/Scripts/Dto/ShipSummaryDto.cs",27,"network-serialization","SerializeValue(ref maxWeight);"
"Assets/_Project/Trade/Scripts/Dto/ShipSummaryDto.cs",28,"network-serialization","SerializeValue(ref currentVolume);"
"Assets/_Project/Trade/Scripts/Dto/ShipSummaryDto.cs",29,"network-serialization","SerializeValue(ref maxVolume);"
"Assets/_Project/Trade/Scripts/Dto/ShipSummaryDto.cs",30,"network-serialization","SerializeValue(ref currentSlots);"
"Assets/_Project/Trade/Scripts/Dto/ShipSummaryDto.cs",31,"network-serialization","SerializeValue(ref maxSlots);"
"Assets/_Project/Trade/Scripts/Dto/ShipSummaryDto.cs",32,"network-serialization","SerializeValue(ref uniqueItemCount);"
"Assets/_Project/Trade/Scripts/Dto/TradeResultDto.cs",9,"network-serialization","INetworkSerializable"
"Assets/_Project/Trade/Scripts/Dto/TradeResultDto.cs",24,"network-serialization","NetworkSerialize<T>(BufferSerializer<T> serializer) where T : IReaderWriter"
"Assets/_Project/Trade/Scripts/Dto/TradeResultDto.cs",28,"network-serialization","SerializeValue(ref codeB);"
"Assets/_Project/Trade/Scripts/Dto/TradeResultDto.cs",29,"network-serialization","SerializeValue(ref opB);"
"Assets/_Project/Trade/Scripts/Dto/TradeResultDto.cs",35,"network-serialization","SerializeValue(ref locationId);"
"Assets/_Project/Trade/Scripts/Dto/TradeResultDto.cs",36,"network-serialization","SerializeValue(ref itemId);"
"Assets/_Project/Trade/Scripts/Dto/TradeResultDto.cs",37,"network-serialization","SerializeValue(ref quantity);"
"Assets/_Project/Trade/Scripts/Dto/TradeResultDto.cs",38,"network-serialization","SerializeValue(ref newCredits);"
"Assets/_Project/Trade/Scripts/Dto/TradeResultDto.cs",39,"network-serialization","SerializeValue(ref newStock);"
"Assets/_Project/Trade/Scripts/Dto/TradeResultDto.cs",40,"network-serialization","SerializeValue(ref shipNetworkObjectId);"
"Assets/_Project/Trade/Scripts/Dto/TradeResultDto.cs",47,"network-serialization","INetworkSerializable, new()"
"Assets/_Project/Trade/Scripts/Dto/TradeResultDto.cs",50,"network-serialization","SerializeValue(ref len);"
"Assets/_Project/Trade/Scripts/Dto/TradeResultDto.cs",58,"network-serialization","NetworkSerialize(s);"
"Assets/_Project/Trade/Scripts/Editor/GlobalBuyPriceConfigEditor.cs",22,"spatial-member","private Vector2 _scrollPos;"
"Assets/_Project/Trade/Scripts/Editor/MarketConfigEditor.cs",25,"spatial-member","private Vector2 _scrollPos;"
"Assets/_Project/Trade/Scripts/Editor/MarketConfigEditor.cs",327,"spatial-member","private Vector2 _scroll;"
"Assets/_Project/Trade/Scripts/Editor/MarketConfigEditor.cs",307,"lifecycle-placement","Instantiate(cfg);"
"Assets/_Project/Trade/Scripts/Editor/MarketZoneEditor.cs",18,"spatial-member","private Vector2 _scrollPos;"
"Assets/_Project/Trade/Scripts/Editor/MarketsOverviewWindow.cs",16,"spatial-member","private Vector2 _scroll;"
"Assets/_Project/Trade/Scripts/Editor/TradeDatabaseEditor.cs",22,"spatial-member","private Vector2 _scrollPos;"
"Assets/_Project/Trade/Scripts/Network/MarketZone.cs",256,"physics-query","Physics.OverlapSphere(transform.position, tradeRadius, ~0, QueryTriggerInteraction.Ignore);"
"Assets/_Project/Trade/Scripts/Network/MarketZone.cs",304,"physics-query","Physics.OverlapSphere(transform.position, shipDockRadius, ~0, QueryTriggerInteraction.Ignore);"
"Assets/_Project/Trade/Scripts/Network/MarketZone.cs",195,"position-access","transform.position, localPlayer.GetEffectivePosition());"
"Assets/_Project/Trade/Scripts/Network/MarketZone.cs",219,"position-access","transform.position}, zonePos={transform.position}"");"
"Assets/_Project/Trade/Scripts/Network/MarketZone.cs",256,"position-access","transform.position, tradeRadius, ~0, QueryTriggerInteraction.Ignore);"
"Assets/_Project/Trade/Scripts/Network/MarketZone.cs",304,"position-access","transform.position, shipDockRadius, ~0, QueryTriggerInteraction.Ignore);"
"Assets/_Project/Trade/Scripts/Network/MarketZone.cs",331,"position-access","transform.position, np.GetEffectivePosition());"
"Assets/_Project/Trade/Scripts/Network/MarketZone.cs",434,"position-access","transform.position, tradeRadius);"
"Assets/_Project/Trade/Scripts/Network/MarketZone.cs",436,"position-access","transform.position, shipDockRadius);"
"Assets/_Project/UI/Client/InventoryUI.cs",189,"position-access","style.position = Position.Absolute;"
