asset_path,object_path,active_self,components,network_transform,mesh_local_max_abs
"Assets/_Project/Prefabs/AI/Npc_Goblin 2.prefab","Npc_Goblin 2[0]",true,"UnityEngine.Transform;Unity.Netcode.NetworkObject;UnityEngine.CharacterController;UnityEngine.AI.NavMeshAgent;ProjectC.Combat.NpcAttacker;ProjectC.Combat.NpcTarget;ProjectC.AI.NpcBrain;Unity.Netcode.Components.NetworkTransform","authority=Server;local=False;interpolate=True;half=False",
"Assets/_Project/Prefabs/AI/Npc_Goblin 2.prefab","Npc_Goblin 2[0]/Visual[0]/HumanM_Model[0]/HumanM_BodyMesh[0]",true,"UnityEngine.Transform;UnityEngine.SkinnedMeshRenderer","",1.8182574510574341
"Assets/_Project/Prefabs/AI/Npc_Goblin.prefab","Npc_Goblin[0]",true,"UnityEngine.Transform;Unity.Netcode.NetworkObject;UnityEngine.CharacterController;UnityEngine.AI.NavMeshAgent;ProjectC.Combat.NpcAttacker;ProjectC.Combat.NpcTarget;ProjectC.AI.NpcBrain;Unity.Netcode.Components.NetworkTransform","authority=Server;local=False;interpolate=True;half=False",
"Assets/_Project/Prefabs/AI/Npc_Goblin.prefab","Npc_Goblin[0]/Visual[0]/HumanM_Model[0]/HumanM_BodyMesh[0]",true,"UnityEngine.Transform;UnityEngine.SkinnedMeshRenderer","",1.8182574510574341
"Assets/_Project/Prefabs/AI/Npc_peacfull_market_zone.prefab","Npc_peacfull_market_zone[0]",true,"UnityEngine.Transform;Unity.Netcode.NetworkObject;UnityEngine.CharacterController;UnityEngine.AI.NavMeshAgent;ProjectC.Combat.NpcAttacker;ProjectC.Combat.NpcTarget;ProjectC.AI.NpcBrain;Unity.Netcode.Components.NetworkTransform","authority=Server;local=False;interpolate=True;half=False",
"Assets/_Project/Prefabs/AI/Npc_peacfull_market_zone.prefab","Npc_peacfull_market_zone[0]/Visual[0]/HumanM_Model[0]/HumanM_BodyMesh[0]",true,"UnityEngine.Transform;UnityEngine.SkinnedMeshRenderer","",1.8182574510574341
"Assets/_Project/Prefabs/Box_cargo.prefab","Box_cargo[0]",true,"UnityEngine.Transform;UnityEngine.MeshFilter;UnityEngine.MeshRenderer;UnityEngine.BoxCollider","",0.5
"Assets/_Project/Prefabs/CloudSystem.prefab","CloudSystem[0]",true,"UnityEngine.Transform;ProjectC.Core.CloudSystem","",
"Assets/_Project/Prefabs/ControlHintsUI.prefab","ControlHintsUI[0]",true,"UnityEngine.RectTransform;UnityEngine.CanvasRenderer;TMPro.TextMeshProUGUI;MISSING_SCRIPT","",
"Assets/_Project/Prefabs/Cylinder.prefab","Cylinder[0]",true,"UnityEngine.Transform;UnityEngine.MeshFilter;UnityEngine.MeshRenderer","",1
"Assets/_Project/Prefabs/MainCamera.prefab","MainCamera[0]",true,"UnityEngine.Transform;UnityEngine.Camera;UnityEngine.AudioListener;MISSING_SCRIPT;ProjectC.World.Streaming.FloatingOriginMP;UnityEngine.Rendering.Universal.UniversalAdditionalCameraData","",
"Assets/_Project/Prefabs/NEWCHESTPREFAB.prefab","NEWCHESTPREFAB[0]",true,"UnityEngine.Transform;Unity.Netcode.NetworkObject;ProjectC.World.Chest.NetworkChestContainer","",
"Assets/_Project/Prefabs/NPC/Ships/Captains/albatros_Captain.prefab","albatros_Captain[0]",true,"UnityEngine.Transform;UnityEngine.CapsuleCollider;ProjectC.Quests.NpcController;Unity.Netcode.NetworkObject;UnityEngine.AI.NavMeshAgent;ProjectC.AI.NpcBrain;ProjectC.Combat.NpcTarget;ProjectC.Combat.NpcAttacker;ProjectC.AI.NpcSocialBrain;Unity.Netcode.Components.NetworkTransform;UnityEngine.CharacterController","authority=Server;local=False;interpolate=True;half=False",
"Assets/_Project/Prefabs/NPC/Ships/Captains/albatros_Captain.prefab","albatros_Captain[0]/Text (TMP)[0]",true,"UnityEngine.RectTransform;UnityEngine.MeshRenderer;TMPro.TextMeshPro;ProjectC.UI.Billboard","",
"Assets/_Project/Prefabs/NPC/Ships/Captains/albatros_Captain.prefab","albatros_Captain[0]/Visual[1]/HumanM_Model[0]/HumanM_BodyMesh[0]",true,"UnityEngine.Transform;UnityEngine.SkinnedMeshRenderer","",1.8182574510574341
"Assets/_Project/Prefabs/NPC/Ships/Captains/bereg_Captain.prefab","bereg_Captain[0]",true,"UnityEngine.Transform;UnityEngine.CapsuleCollider;ProjectC.Quests.NpcController;Unity.Netcode.NetworkObject;UnityEngine.AI.NavMeshAgent;ProjectC.AI.NpcBrain;ProjectC.Combat.NpcTarget;ProjectC.Combat.NpcAttacker;ProjectC.AI.NpcSocialBrain;Unity.Netcode.Components.NetworkTransform;UnityEngine.CharacterController","authority=Server;local=False;interpolate=True;half=False",
"Assets/_Project/Prefabs/NPC/Ships/Captains/bereg_Captain.prefab","bereg_Captain[0]/Text (TMP)[0]",true,"UnityEngine.RectTransform;UnityEngine.MeshRenderer;TMPro.TextMeshPro;ProjectC.UI.Billboard","",
"Assets/_Project/Prefabs/NPC/Ships/Captains/bereg_Captain.prefab","bereg_Captain[0]/Visual[1]/HumanM_Model[0]/HumanM_BodyMesh[0]",true,"UnityEngine.Transform;UnityEngine.SkinnedMeshRenderer","",1.8182574510574341
"Assets/_Project/Prefabs/NPC/Ships/Captains/citadel_Captain.prefab","citadel_Captain[0]",true,"UnityEngine.Transform;UnityEngine.CapsuleCollider;ProjectC.Quests.NpcController;Unity.Netcode.NetworkObject;UnityEngine.AI.NavMeshAgent;ProjectC.AI.NpcBrain;ProjectC.Combat.NpcTarget;ProjectC.Combat.NpcAttacker;ProjectC.AI.NpcSocialBrain;Unity.Netcode.Components.NetworkTransform;UnityEngine.CharacterController","authority=Server;local=False;interpolate=True;half=False",
"Assets/_Project/Prefabs/NPC/Ships/Captains/citadel_Captain.prefab","citadel_Captain[0]/Text (TMP)[0]",true,"UnityEngine.RectTransform;UnityEngine.MeshRenderer;TMPro.TextMeshPro;ProjectC.UI.Billboard","",
"Assets/_Project/Prefabs/NPC/Ships/Captains/citadel_Captain.prefab","citadel_Captain[0]/Visual[1]/HumanM_Model[0]/HumanM_BodyMesh[0]",true,"UnityEngine.Transform;UnityEngine.SkinnedMeshRenderer","",1.8182574510574341
"Assets/_Project/Prefabs/NPC/Ships/Captains/gigant_Captain.prefab","gigant_Captain[0]",true,"UnityEngine.Transform;UnityEngine.CapsuleCollider;ProjectC.Quests.NpcController;Unity.Netcode.NetworkObject;UnityEngine.AI.NavMeshAgent;ProjectC.AI.NpcBrain;ProjectC.Combat.NpcTarget;ProjectC.Combat.NpcAttacker;ProjectC.AI.NpcSocialBrain;Unity.Netcode.Components.NetworkTransform;UnityEngine.CharacterController","authority=Server;local=False;interpolate=True;half=False",
"Assets/_Project/Prefabs/NPC/Ships/Captains/gigant_Captain.prefab","gigant_Captain[0]/Text (TMP)[0]",true,"UnityEngine.RectTransform;UnityEngine.MeshRenderer;TMPro.TextMeshPro;ProjectC.UI.Billboard","",
"Assets/_Project/Prefabs/NPC/Ships/Captains/gigant_Captain.prefab","gigant_Captain[0]/Visual[1]/HumanM_Model[0]/HumanM_BodyMesh[0]",true,"UnityEngine.Transform;UnityEngine.SkinnedMeshRenderer","",1.8182574510574341
"Assets/_Project/Prefabs/NPC/Ships/Captains/letuchiy_Captain.prefab","letuchiy_Captain[0]",true,"UnityEngine.Transform;UnityEngine.CapsuleCollider;ProjectC.Quests.NpcController;Unity.Netcode.NetworkObject;UnityEngine.AI.NavMeshAgent;ProjectC.AI.NpcBrain;ProjectC.Combat.NpcTarget;ProjectC.Combat.NpcAttacker;ProjectC.AI.NpcSocialBrain;Unity.Netcode.Components.NetworkTransform;UnityEngine.CharacterController","authority=Server;local=False;interpolate=True;half=False",
"Assets/_Project/Prefabs/NPC/Ships/Captains/letuchiy_Captain.prefab","letuchiy_Captain[0]/Text (TMP)[0]",true,"UnityEngine.RectTransform;UnityEngine.MeshRenderer;TMPro.TextMeshPro;ProjectC.UI.Billboard","",
"Assets/_Project/Prefabs/NPC/Ships/Captains/letuchiy_Captain.prefab","letuchiy_Captain[0]/Visual[1]/HumanM_Model[0]/HumanM_BodyMesh[0]",true,"UnityEngine.Transform;UnityEngine.SkinnedMeshRenderer","",1.8182574510574341
"Assets/_Project/Prefabs/NPC/Ships/Captains/lorein_Captain.prefab","lorein_Captain[0]",true,"UnityEngine.Transform;UnityEngine.CapsuleCollider;ProjectC.Quests.NpcController;Unity.Netcode.NetworkObject;UnityEngine.AI.NavMeshAgent;ProjectC.AI.NpcBrain;ProjectC.Combat.NpcTarget;ProjectC.Combat.NpcAttacker;ProjectC.AI.NpcSocialBrain;Unity.Netcode.Components.NetworkTransform;UnityEngine.CharacterController","authority=Server;local=False;interpolate=True;half=False",
"Assets/_Project/Prefabs/NPC/Ships/Captains/lorein_Captain.prefab","lorein_Captain[0]/Text (TMP)[0]",true,"UnityEngine.RectTransform;UnityEngine.MeshRenderer;TMPro.TextMeshPro;ProjectC.UI.Billboard","",
"Assets/_Project/Prefabs/NPC/Ships/Captains/lorein_Captain.prefab","lorein_Captain[0]/Visual[1]/HumanM_Model[0]/HumanM_BodyMesh[0]",true,"UnityEngine.Transform;UnityEngine.SkinnedMeshRenderer","",1.8182574510574341
"Assets/_Project/Prefabs/NPC/Ships/Captains/mastodont_Captain.prefab","mastodont_Captain[0]",true,"UnityEngine.Transform;UnityEngine.CapsuleCollider;ProjectC.Quests.NpcController;Unity.Netcode.NetworkObject;UnityEngine.AI.NavMeshAgent;ProjectC.AI.NpcBrain;ProjectC.Combat.NpcTarget;ProjectC.Combat.NpcAttacker;ProjectC.AI.NpcSocialBrain;Unity.Netcode.Components.NetworkTransform;UnityEngine.CharacterController","authority=Server;local=False;interpolate=True;half=False",
"Assets/_Project/Prefabs/NPC/Ships/Captains/mastodont_Captain.prefab","mastodont_Captain[0]/Text (TMP)[0]",true,"UnityEngine.RectTransform;UnityEngine.MeshRenderer;TMPro.TextMeshPro;ProjectC.UI.Billboard","",
"Assets/_Project/Prefabs/NPC/Ships/Captains/mastodont_Captain.prefab","mastodont_Captain[0]/Visual[1]/HumanM_Model[0]/HumanM_BodyMesh[0]",true,"UnityEngine.Transform;UnityEngine.SkinnedMeshRenderer","",1.8182574510574341
"Assets/_Project/Prefabs/NPC/Ships/Captains/npc_reference_ship_Captain.prefab","npc_reference_ship_Captain[0]",true,"UnityEngine.Transform;UnityEngine.CapsuleCollider;ProjectC.Quests.NpcController;Unity.Netcode.NetworkObject;UnityEngine.AI.NavMeshAgent;ProjectC.AI.NpcBrain;ProjectC.Combat.NpcTarget;ProjectC.Combat.NpcAttacker;ProjectC.AI.NpcSocialBrain;Unity.Netcode.Components.NetworkTransform;UnityEngine.CharacterController","authority=Server;local=False;interpolate=True;half=False",
"Assets/_Project/Prefabs/NPC/Ships/Captains/npc_reference_ship_Captain.prefab","npc_reference_ship_Captain[0]/Text (TMP)[0]",true,"UnityEngine.RectTransform;UnityEngine.MeshRenderer;TMPro.TextMeshPro;ProjectC.UI.Billboard","",
"Assets/_Project/Prefabs/NPC/Ships/Captains/npc_reference_ship_Captain.prefab","npc_reference_ship_Captain[0]/Visual[1]/HumanM_Model[0]/HumanM_BodyMesh[0]",true,"UnityEngine.Transform;UnityEngine.SkinnedMeshRenderer","",1.8182574510574341
"Assets/_Project/Prefabs/NPC/Ships/Captains/olimp_Captain.prefab","olimp_Captain[0]",true,"UnityEngine.Transform;UnityEngine.CapsuleCollider;ProjectC.Quests.NpcController;Unity.Netcode.NetworkObject;UnityEngine.AI.NavMeshAgent;ProjectC.AI.NpcBrain;ProjectC.Combat.NpcTarget;ProjectC.Combat.NpcAttacker;ProjectC.AI.NpcSocialBrain;Unity.Netcode.Components.NetworkTransform;UnityEngine.CharacterController","authority=Server;local=False;interpolate=True;half=False",
"Assets/_Project/Prefabs/NPC/Ships/Captains/olimp_Captain.prefab","olimp_Captain[0]/Text (TMP)[0]",true,"UnityEngine.RectTransform;UnityEngine.MeshRenderer;TMPro.TextMeshPro;ProjectC.UI.Billboard","",
"Assets/_Project/Prefabs/NPC/Ships/Captains/olimp_Captain.prefab","olimp_Captain[0]/Visual[1]/HumanM_Model[0]/HumanM_BodyMesh[0]",true,"UnityEngine.Transform;UnityEngine.SkinnedMeshRenderer","",1.8182574510574341
"Assets/_Project/Prefabs/NPC/Ships/Captains/peshchera_Captain.prefab","peshchera_Captain[0]",true,"UnityEngine.Transform;UnityEngine.CapsuleCollider;ProjectC.Quests.NpcController;Unity.Netcode.NetworkObject;UnityEngine.AI.NavMeshAgent;ProjectC.AI.NpcBrain;ProjectC.Combat.NpcTarget;ProjectC.Combat.NpcAttacker;ProjectC.AI.NpcSocialBrain;Unity.Netcode.Components.NetworkTransform;UnityEngine.CharacterController","authority=Server;local=False;interpolate=True;half=False",
"Assets/_Project/Prefabs/NPC/Ships/Captains/peshchera_Captain.prefab","peshchera_Captain[0]/Text (TMP)[0]",true,"UnityEngine.RectTransform;UnityEngine.MeshRenderer;TMPro.TextMeshPro;ProjectC.UI.Billboard","",
"Assets/_Project/Prefabs/NPC/Ships/Captains/peshchera_Captain.prefab","peshchera_Captain[0]/Visual[1]/HumanM_Model[0]/HumanM_BodyMesh[0]",true,"UnityEngine.Transform;UnityEngine.SkinnedMeshRenderer","",1.8182574510574341
"Assets/_Project/Prefabs/NPC/Ships/Captains/reka_Captain.prefab","reka_Captain[0]",true,"UnityEngine.Transform;UnityEngine.CapsuleCollider;ProjectC.Quests.NpcController;Unity.Netcode.NetworkObject;UnityEngine.AI.NavMeshAgent;ProjectC.AI.NpcBrain;ProjectC.Combat.NpcTarget;ProjectC.Combat.NpcAttacker;ProjectC.AI.NpcSocialBrain;Unity.Netcode.Components.NetworkTransform;UnityEngine.CharacterController","authority=Server;local=False;interpolate=True;half=False",
"Assets/_Project/Prefabs/NPC/Ships/Captains/reka_Captain.prefab","reka_Captain[0]/Text (TMP)[0]",true,"UnityEngine.RectTransform;UnityEngine.MeshRenderer;TMPro.TextMeshPro;ProjectC.UI.Billboard","",
"Assets/_Project/Prefabs/NPC/Ships/Captains/reka_Captain.prefab","reka_Captain[0]/Visual[1]/HumanM_Model[0]/HumanM_BodyMesh[0]",true,"UnityEngine.Transform;UnityEngine.SkinnedMeshRenderer","",1.8182574510574341
"Assets/_Project/Prefabs/NPC/Ships/Captains/shmel_Captain.prefab","shmel_Captain[0]",true,"UnityEngine.Transform;UnityEngine.CapsuleCollider;ProjectC.Quests.NpcController;Unity.Netcode.NetworkObject;UnityEngine.AI.NavMeshAgent;ProjectC.AI.NpcBrain;ProjectC.Combat.NpcTarget;ProjectC.Combat.NpcAttacker;ProjectC.AI.NpcSocialBrain;Unity.Netcode.Components.NetworkTransform;UnityEngine.CharacterController","authority=Server;local=False;interpolate=True;half=False",
"Assets/_Project/Prefabs/NPC/Ships/Captains/shmel_Captain.prefab","shmel_Captain[0]/Text (TMP)[0]",true,"UnityEngine.RectTransform;UnityEngine.MeshRenderer;TMPro.TextMeshPro;ProjectC.UI.Billboard","",
"Assets/_Project/Prefabs/NPC/Ships/Captains/shmel_Captain.prefab","shmel_Captain[0]/Visual[1]/HumanM_Model[0]/HumanM_BodyMesh[0]",true,"UnityEngine.Transform;UnityEngine.SkinnedMeshRenderer","",1.8182574510574341
"Assets/_Project/Prefabs/NPC/Ships/Captains/silfida_Captain.prefab","silfida_Captain[0]",true,"UnityEngine.Transform;UnityEngine.CapsuleCollider;ProjectC.Quests.NpcController;Unity.Netcode.NetworkObject;UnityEngine.AI.NavMeshAgent;ProjectC.AI.NpcBrain;ProjectC.Combat.NpcTarget;ProjectC.Combat.NpcAttacker;ProjectC.AI.NpcSocialBrain;Unity.Netcode.Components.NetworkTransform;UnityEngine.CharacterController","authority=Server;local=False;interpolate=True;half=False",
"Assets/_Project/Prefabs/NPC/Ships/Captains/silfida_Captain.prefab","silfida_Captain[0]/Text (TMP)[0]",true,"UnityEngine.RectTransform;UnityEngine.MeshRenderer;TMPro.TextMeshPro;ProjectC.UI.Billboard","",
"Assets/_Project/Prefabs/NPC/Ships/Captains/silfida_Captain.prefab","silfida_Captain[0]/Visual[1]/HumanM_Model[0]/HumanM_BodyMesh[0]",true,"UnityEngine.Transform;UnityEngine.SkinnedMeshRenderer","",1.8182574510574341
"Assets/_Project/Prefabs/NPC/Ships/Captains/skat_Captain.prefab","skat_Captain[0]",true,"UnityEngine.Transform;UnityEngine.CapsuleCollider;ProjectC.Quests.NpcController;Unity.Netcode.NetworkObject;UnityEngine.AI.NavMeshAgent;ProjectC.AI.NpcBrain;ProjectC.Combat.NpcTarget;ProjectC.Combat.NpcAttacker;ProjectC.AI.NpcSocialBrain;Unity.Netcode.Components.NetworkTransform;UnityEngine.CharacterController","authority=Server;local=False;interpolate=True;half=False",
"Assets/_Project/Prefabs/NPC/Ships/Captains/skat_Captain.prefab","skat_Captain[0]/Text (TMP)[0]",true,"UnityEngine.RectTransform;UnityEngine.MeshRenderer;TMPro.TextMeshPro;ProjectC.UI.Billboard","",
"Assets/_Project/Prefabs/NPC/Ships/Captains/skat_Captain.prefab","skat_Captain[0]/Visual[1]/HumanM_Model[0]/HumanM_BodyMesh[0]",true,"UnityEngine.Transform;UnityEngine.SkinnedMeshRenderer","",1.8182574510574341
"Assets/_Project/Prefabs/NPC/Ships/Captains/strannik_Captain.prefab","strannik_Captain[0]",true,"UnityEngine.Transform;UnityEngine.CapsuleCollider;ProjectC.Quests.NpcController;Unity.Netcode.NetworkObject;UnityEngine.AI.NavMeshAgent;ProjectC.AI.NpcBrain;ProjectC.Combat.NpcTarget;ProjectC.Combat.NpcAttacker;ProjectC.AI.NpcSocialBrain;Unity.Netcode.Components.NetworkTransform;UnityEngine.CharacterController","authority=Server;local=False;interpolate=True;half=False",
"Assets/_Project/Prefabs/NPC/Ships/Captains/strannik_Captain.prefab","strannik_Captain[0]/Text (TMP)[0]",true,"UnityEngine.RectTransform;UnityEngine.MeshRenderer;TMPro.TextMeshPro;ProjectC.UI.Billboard","",
"Assets/_Project/Prefabs/NPC/Ships/Captains/strannik_Captain.prefab","strannik_Captain[0]/Visual[1]/HumanM_Model[0]/HumanM_BodyMesh[0]",true,"UnityEngine.Transform;UnityEngine.SkinnedMeshRenderer","",1.8182574510574341
"Assets/_Project/Prefabs/NPC/Ships/Captains/torrens_Captain.prefab","torrens_Captain[0]",true,"UnityEngine.Transform;UnityEngine.CapsuleCollider;ProjectC.Quests.NpcController;Unity.Netcode.NetworkObject;UnityEngine.AI.NavMeshAgent;ProjectC.AI.NpcBrain;ProjectC.Combat.NpcTarget;ProjectC.Combat.NpcAttacker;ProjectC.AI.NpcSocialBrain;Unity.Netcode.Components.NetworkTransform;UnityEngine.CharacterController","authority=Server;local=False;interpolate=True;half=False",
"Assets/_Project/Prefabs/NPC/Ships/Captains/torrens_Captain.prefab","torrens_Captain[0]/Text (TMP)[0]",true,"UnityEngine.RectTransform;UnityEngine.MeshRenderer;TMPro.TextMeshPro;ProjectC.UI.Billboard","",
"Assets/_Project/Prefabs/NPC/Ships/Captains/torrens_Captain.prefab","torrens_Captain[0]/Visual[1]/HumanM_Model[0]/HumanM_BodyMesh[0]",true,"UnityEngine.Transform;UnityEngine.SkinnedMeshRenderer","",1.8182574510574341
"Assets/_Project/Prefabs/NPC/Ships/Captains/ugolshchik_Captain.prefab","ugolshchik_Captain[0]",true,"UnityEngine.Transform;UnityEngine.CapsuleCollider;ProjectC.Quests.NpcController;Unity.Netcode.NetworkObject;UnityEngine.AI.NavMeshAgent;ProjectC.AI.NpcBrain;ProjectC.Combat.NpcTarget;ProjectC.Combat.NpcAttacker;ProjectC.AI.NpcSocialBrain;Unity.Netcode.Components.NetworkTransform;UnityEngine.CharacterController","authority=Server;local=False;interpolate=True;half=False",
"Assets/_Project/Prefabs/NPC/Ships/Captains/ugolshchik_Captain.prefab","ugolshchik_Captain[0]/Text (TMP)[0]",true,"UnityEngine.RectTransform;UnityEngine.MeshRenderer;TMPro.TextMeshPro;ProjectC.UI.Billboard","",
"Assets/_Project/Prefabs/NPC/Ships/Captains/ugolshchik_Captain.prefab","ugolshchik_Captain[0]/Visual[1]/HumanM_Model[0]/HumanM_BodyMesh[0]",true,"UnityEngine.Transform;UnityEngine.SkinnedMeshRenderer","",1.8182574510574341
"Assets/_Project/Prefabs/NPC/Ships/Captains/vavilon_Captain.prefab","vavilon_Captain[0]",true,"UnityEngine.Transform;UnityEngine.CapsuleCollider;ProjectC.Quests.NpcController;Unity.Netcode.NetworkObject;UnityEngine.AI.NavMeshAgent;ProjectC.AI.NpcBrain;ProjectC.Combat.NpcTarget;ProjectC.Combat.NpcAttacker;ProjectC.AI.NpcSocialBrain;Unity.Netcode.Components.NetworkTransform;UnityEngine.CharacterController","authority=Server;local=False;interpolate=True;half=False",
"Assets/_Project/Prefabs/NPC/Ships/Captains/vavilon_Captain.prefab","vavilon_Captain[0]/Text (TMP)[0]",true,"UnityEngine.RectTransform;UnityEngine.MeshRenderer;TMPro.TextMeshPro;ProjectC.UI.Billboard","",
"Assets/_Project/Prefabs/NPC/Ships/Captains/vavilon_Captain.prefab","vavilon_Captain[0]/Visual[1]/HumanM_Model[0]/HumanM_BodyMesh[0]",true,"UnityEngine.Transform;UnityEngine.SkinnedMeshRenderer","",1.8182574510574341
"Assets/_Project/Prefabs/NPC/Ships/Captains/vetrovorot_Captain.prefab","vetrovorot_Captain[0]",true,"UnityEngine.Transform;UnityEngine.CapsuleCollider;ProjectC.Quests.NpcController;Unity.Netcode.NetworkObject;UnityEngine.AI.NavMeshAgent;ProjectC.AI.NpcBrain;ProjectC.Combat.NpcTarget;ProjectC.Combat.NpcAttacker;ProjectC.AI.NpcSocialBrain;Unity.Netcode.Components.NetworkTransform;UnityEngine.CharacterController","authority=Server;local=False;interpolate=True;half=False",
"Assets/_Project/Prefabs/NPC/Ships/Captains/vetrovorot_Captain.prefab","vetrovorot_Captain[0]/Text (TMP)[0]",true,"UnityEngine.RectTransform;UnityEngine.MeshRenderer;TMPro.TextMeshPro;ProjectC.UI.Billboard","",
"Assets/_Project/Prefabs/NPC/Ships/Captains/vetrovorot_Captain.prefab","vetrovorot_Captain[0]/Visual[1]/HumanM_Model[0]/HumanM_BodyMesh[0]",true,"UnityEngine.Transform;UnityEngine.SkinnedMeshRenderer","",1.8182574510574341
"Assets/_Project/Prefabs/NPC/Ships/Captains/zhuk_Captain.prefab","zhuk_Captain[0]",true,"UnityEngine.Transform;UnityEngine.CapsuleCollider;ProjectC.Quests.NpcController;Unity.Netcode.NetworkObject;UnityEngine.AI.NavMeshAgent;ProjectC.AI.NpcBrain;ProjectC.Combat.NpcTarget;ProjectC.Combat.NpcAttacker;ProjectC.AI.NpcSocialBrain;Unity.Netcode.Components.NetworkTransform;UnityEngine.CharacterController","authority=Server;local=False;interpolate=True;half=False",
"Assets/_Project/Prefabs/NPC/Ships/Captains/zhuk_Captain.prefab","zhuk_Captain[0]/Text (TMP)[0]",true,"UnityEngine.RectTransform;UnityEngine.MeshRenderer;TMPro.TextMeshPro;ProjectC.UI.Billboard","",
"Assets/_Project/Prefabs/NPC/Ships/Captains/zhuk_Captain.prefab","zhuk_Captain[0]/Visual[1]/HumanM_Model[0]/HumanM_BodyMesh[0]",true,"UnityEngine.Transform;UnityEngine.SkinnedMeshRenderer","",1.8182574510574341
"Assets/_Project/Prefabs/NPC/Ships/Gorgona_Pilot.prefab","Gorgona_Pilot[0]",true,"UnityEngine.Transform;UnityEngine.CapsuleCollider;ProjectC.Quests.NpcController;Unity.Netcode.NetworkObject;UnityEngine.AI.NavMeshAgent;ProjectC.AI.NpcBrain;ProjectC.Combat.NpcTarget;ProjectC.Combat.NpcAttacker;ProjectC.AI.NpcSocialBrain;Unity.Netcode.Components.NetworkTransform;UnityEngine.CharacterController","authority=Server;local=False;interpolate=True;half=False",
"Assets/_Project/Prefabs/NPC/Ships/Gorgona_Pilot.prefab","Gorgona_Pilot[0]/Text (TMP)[0]",true,"UnityEngine.RectTransform;UnityEngine.MeshRenderer;TMPro.TextMeshPro;ProjectC.UI.Billboard","",
"Assets/_Project/Prefabs/NPC/Ships/Gorgona_Pilot.prefab","Gorgona_Pilot[0]/Visual[1]/HumanM_Model[0]/HumanM_BodyMesh[0]",true,"UnityEngine.Transform;UnityEngine.SkinnedMeshRenderer","",1.8182574510574341
"Assets/_Project/Prefabs/NPC/[Mira] - DON`T DELETE DEFOULT.prefab","[Mira] - DON`T DELETE DEFOULT[0]",true,"UnityEngine.Transform;UnityEngine.CapsuleCollider;ProjectC.Quests.NpcController;Unity.Netcode.NetworkObject;UnityEngine.AI.NavMeshAgent;ProjectC.AI.NpcBrain;ProjectC.Combat.NpcTarget;ProjectC.Combat.NpcAttacker;ProjectC.AI.NpcSocialBrain;Unity.Netcode.Components.NetworkTransform;UnityEngine.CharacterController","authority=Server;local=False;interpolate=True;half=False",
"Assets/_Project/Prefabs/NPC/[Mira] - DON`T DELETE DEFOULT.prefab","[Mira] - DON`T DELETE DEFOULT[0]/Text (TMP)[0]",true,"UnityEngine.RectTransform;UnityEngine.MeshRenderer;TMPro.TextMeshPro;ProjectC.UI.Billboard","",
"Assets/_Project/Prefabs/NPC/[Mira] - DON`T DELETE DEFOULT.prefab","[Mira] - DON`T DELETE DEFOULT[0]/Visual[1]/HumanM_Model[0]/HumanM_BodyMesh[0]",true,"UnityEngine.Transform;UnityEngine.SkinnedMeshRenderer","",1.8182574510574341
"Assets/_Project/Prefabs/NPC_Ship_HeavyII_03.prefab","NPC_Ship_HeavyII_03[0]",true,"UnityEngine.Transform;UnityEngine.Rigidbody;Unity.Netcode.NetworkObject;ProjectC.Player.ShipController;ProjectC.PeacefulShip.Stations.NpcShipController;ProjectC.PeacefulShip.Stations.NpcProximityZone;ProjectC.Ship.ShipDeckNav","",
"Assets/_Project/Prefabs/NPC_Ship_HeavyII_03.prefab","NPC_Ship_HeavyII_03[0]/Cube[0]",true,"UnityEngine.Transform;UnityEngine.MeshFilter;UnityEngine.MeshRenderer;ProjectC.Ship.ShipRootReference;UnityEngine.BoxCollider","",0.5
"Assets/_Project/Prefabs/NPC_Ship_HeavyII_03.prefab","NPC_Ship_HeavyII_03[0]/PilotSeat[1]",true,"UnityEngine.Transform;UnityEngine.MeshFilter;UnityEngine.MeshRenderer;UnityEngine.BoxCollider;ProjectC.Ship.PilotSeatController;ProjectC.Ship.ShipRootReference","",0.5
"Assets/_Project/Prefabs/NPC_Ship_HeavyII_03.prefab","NPC_Ship_HeavyII_03[0]/DeckNavSurface[2]",true,"UnityEngine.Transform;Unity.AI.Navigation.NavMeshSurface","",
"Assets/_Project/Prefabs/NPC_Ship_HeavyII_03.prefab","NPC_Ship_HeavyII_03[0]/ShipCargoVisual[3]",true,"UnityEngine.Transform;ProjectC.Ship.Cargo.ShipCargoVisual;UnityEngine.BoxCollider;ProjectC.Ship.ShipRootReference","",
"Assets/_Project/Prefabs/NPC_ZONES/Npc_peacfull_market_zone Variant.prefab","Npc_peacfull_market_zone Variant[0]",true,"UnityEngine.Transform;Unity.Netcode.NetworkObject;UnityEngine.CharacterController;UnityEngine.AI.NavMeshAgent;ProjectC.Combat.NpcAttacker;ProjectC.Combat.NpcTarget;ProjectC.AI.NpcBrain;Unity.Netcode.Components.NetworkTransform;UnityEngine.SphereCollider;ProjectC.Trade.Network.MarketZone","authority=Server;local=False;interpolate=True;half=False",
"Assets/_Project/Prefabs/NPC_ZONES/Npc_peacfull_market_zone Variant.prefab","Npc_peacfull_market_zone Variant[0]/Visual[0]/HumanM_Model[0]/HumanM_BodyMesh[0]",true,"UnityEngine.Transform;UnityEngine.SkinnedMeshRenderer","",1.8182574510574341
"Assets/_Project/Prefabs/NPC_ZONES/Pad_01.prefab","Pad_01[0]",true,"UnityEngine.Transform;UnityEngine.BoxCollider;ProjectC.Docking.Stations.DockingPadTriggerBox;ProjectC.Docking.Stations.PadTriggerReference;ProjectC.Docking.Stations.DockPadVisualMarker","",
"Assets/_Project/Prefabs/NPC_ZONES/Pad_01.prefab","Pad_01[0]/Empty_visual[1]",true,"UnityEngine.Transform;UnityEngine.MeshFilter;UnityEngine.MeshRenderer;UnityEngine.BoxCollider","",0.5
"Assets/_Project/Prefabs/NPC_ZONES/RepairManager.prefab","RepairManager[0]",true,"UnityEngine.Transform;UnityEngine.MeshFilter;UnityEngine.MeshRenderer;UnityEngine.CapsuleCollider;ProjectC.Ship.RepairManager","",1
"Assets/_Project/Prefabs/NetworkChestContainer_Test.prefab","NetworkChestContainer_Test[0]",false,"UnityEngine.Transform;Unity.Netcode.NetworkObject;ProjectC.World.Chest.NetworkChestContainer;UnityEngine.BoxCollider","",
"Assets/_Project/Prefabs/NetworkChestContainer_Test.prefab","NetworkChestContainer_Test[0]/Visual[0]",true,"UnityEngine.Transform;UnityEngine.MeshFilter;UnityEngine.MeshRenderer","",0.5
"Assets/_Project/Prefabs/NetworkPlayer.prefab","NetworkPlayer[0]",true,"UnityEngine.Transform;Unity.Netcode.NetworkObject;Unity.Netcode.Components.NetworkTransform;ProjectC.Player.NetworkPlayer;UnityEngine.CharacterController;ProjectC.Player.PlayerInputReader;ProjectC.Player.CharacterEquipmentVisualApplier;ProjectC.Player.CharacterCustomisationApplier;ProjectC.Player.PlayerRespawnTracker;ProjectC.Rendering.EdgeDetectionTarget","authority=Owner;local=False;interpolate=True;half=False",
"Assets/_Project/Prefabs/NetworkPlayer.prefab","NetworkPlayer[0]/Visual_Model[0]/Body[0]/HumanM_BodyMesh[0]",true,"UnityEngine.Transform;UnityEngine.SkinnedMeshRenderer","",1.8182574510574341
"Assets/_Project/Prefabs/PickupItem_Test.prefab","PickupItem_Test[0]",true,"UnityEngine.Transform;Unity.Netcode.NetworkObject;ProjectC.Items.PickupItem;UnityEngine.BoxCollider","",
"Assets/_Project/Prefabs/PickupItem_Test.prefab","PickupItem_Test[0]/Visual[0]",true,"UnityEngine.Transform;UnityEngine.MeshFilter;UnityEngine.MeshRenderer","",0.5
"Assets/_Project/Prefabs/PlayerSpawner.prefab","PlayerSpawner[0]",true,"UnityEngine.Transform;Unity.Netcode.NetworkObject;ProjectC.Network.NetworkPlayerSpawner;UnityEngine.CharacterController;ProjectC.Player.NetworkPlayer","",
"Assets/_Project/Prefabs/PlayerSpawner.prefab","PlayerSpawner[0]/Capsule[1]",true,"UnityEngine.Transform;UnityEngine.MeshFilter;UnityEngine.MeshRenderer;UnityEngine.CapsuleCollider","",1
"Assets/_Project/Prefabs/ResourceNode_Default.prefab","ResourceNode_Default[0]",true,"UnityEngine.Transform;UnityEngine.MeshFilter;UnityEngine.BoxCollider;UnityEngine.MeshRenderer;Unity.Netcode.NetworkObject;ProjectC.ResourceNode.ResourceNode;ProjectC.MetaRequirement.MetaRequirement","",0.5
"Assets/_Project/Prefabs/SPAWN_TEST.prefab","SPAWN_TEST[0]",false,"UnityEngine.Transform;UnityEngine.MeshFilter;UnityEngine.MeshRenderer;Unity.AI.Navigation.NavMeshSurface;Unity.Netcode.NetworkObject;ProjectC.AI.NpcSpawner","",1
"Assets/_Project/Prefabs/SPAWN_TEST.prefab","SPAWN_TEST[0]/SPawntimer[2]",true,"UnityEngine.Transform;ProjectC.AI.SpawnRestartTimer","",
"Assets/_Project/Prefabs/SPAWN_TEST.prefab","SPAWN_TEST[0]/Spawnevent[3]",true,"UnityEngine.Transform;ProjectC.AI.SpawnRestartUnityEvent","",
"Assets/_Project/Prefabs/Ships/DONT-DELETE-NPC REFERENCE SHIP.prefab","DONT-DELETE-NPC REFERENCE SHIP[0]",true,"UnityEngine.Transform;UnityEngine.Rigidbody;Unity.Netcode.NetworkObject;ProjectC.Player.ShipController;Unity.Netcode.Components.NetworkTransform;ProjectC.Ship.ShipFuelSystem;ProjectC.Ship.ShipModuleManager;ProjectC.Ship.MeziyModuleActivator;ProjectC.Ship.Combat.ShipHull;ProjectC.Ship.ShipModuleVisualApplier;ProjectC.Ship.Key.ShipOwnershipRequirement;ProjectC.Player.ShipInputReader;ProjectC.PeacefulShip.Stations.NpcShipController;ProjectC.PeacefulShip.Stations.NpcProximityZone;ProjectC.Ship.ShipDeckNav;ProjectC.AI.NpcSpawner;ProjectC.Ship.ShipRootReference;ProjectC.PeacefulShip.Crew.ShipCrewSpawner","authority=Owner;local=False;interpolate=True;half=False",
"Assets/_Project/Prefabs/Ships/DONT-DELETE-NPC REFERENCE SHIP.prefab","DONT-DELETE-NPC REFERENCE SHIP[0]/PilotSeat[0]",true,"UnityEngine.Transform;UnityEngine.MeshFilter;UnityEngine.BoxCollider;UnityEngine.MeshRenderer;ProjectC.Ship.PilotSeatController;ProjectC.Ship.ShipRootReference","",0.5
"Assets/_Project/Prefabs/Ships/DONT-DELETE-NPC REFERENCE SHIP.prefab","DONT-DELETE-NPC REFERENCE SHIP[0]/Door[1]",true,"UnityEngine.Transform;UnityEngine.MeshFilter;UnityEngine.BoxCollider;UnityEngine.MeshRenderer;ProjectC.Ship.DoorController;ProjectC.Ship.ShipRootReference;ProjectC.Ship.ShipPartShake","",0.5
"Assets/_Project/Prefabs/Ships/DONT-DELETE-NPC REFERENCE SHIP.prefab","DONT-DELETE-NPC REFERENCE SHIP[0]/DeckNavSurface[2]",true,"UnityEngine.Transform;Unity.AI.Navigation.NavMeshSurface","",
"Assets/_Project/Prefabs/Ships/DONT-DELETE-NPC REFERENCE SHIP.prefab","DONT-DELETE-NPC REFERENCE SHIP[0]/ShipCargoVisual[3]",true,"UnityEngine.Transform;UnityEngine.BoxCollider;ProjectC.Ship.Cargo.ShipCargoVisual;ProjectC.Ship.ShipRootReference","",
"Assets/_Project/Prefabs/Ships/DONT-DELETE-NPC REFERENCE SHIP.prefab","DONT-DELETE-NPC REFERENCE SHIP[0]/Exchanger[4]",true,"UnityEngine.Transform;UnityEngine.MeshFilter;UnityEngine.MeshRenderer;UnityEngine.SphereCollider;ProjectC.Ship.ShipRootReference;ProjectC.Ship.Cargo.ShipCargoConsole","",1.0000004768371582
"Assets/_Project/Prefabs/Ships/DONT-DELETE-NPC REFERENCE SHIP.prefab","DONT-DELETE-NPC REFERENCE SHIP[0]/Slot_Engine[5]",true,"UnityEngine.Transform;ProjectC.Ship.ModuleSlot;ProjectC.Ship.Engine.EngineThrusterVisual;ProjectC.Ship.ShipPartShake;ProjectC.Ship.ShipRootReference","",
"Assets/_Project/Prefabs/Ships/DONT-DELETE-NPC REFERENCE SHIP.prefab","DONT-DELETE-NPC REFERENCE SHIP[0]/Slot_Engine[5]/EngineVisuals[1]/Cylinder[0]",true,"UnityEngine.Transform;UnityEngine.MeshFilter;UnityEngine.MeshRenderer;UnityEngine.CapsuleCollider","",0.5
"Assets/_Project/Prefabs/Ships/DONT-DELETE-NPC REFERENCE SHIP.prefab","DONT-DELETE-NPC REFERENCE SHIP[0]/Slot_Engine[5]/EngineVisuals[1]/Cube[1]",true,"UnityEngine.Transform;UnityEngine.MeshFilter;UnityEngine.BoxCollider;UnityEngine.MeshRenderer","",0.5
"Assets/_Project/Prefabs/Ships/DONT-DELETE-NPC REFERENCE SHIP.prefab","DONT-DELETE-NPC REFERENCE SHIP[0]/Slot_MODULE_LIFT_ENH[6]",true,"UnityEngine.Transform;ProjectC.Ship.ModuleSlot","",
"Assets/_Project/Prefabs/Ships/DONT-DELETE-NPC REFERENCE SHIP.prefab","DONT-DELETE-NPC REFERENCE SHIP[0]/Slot_MODULE_MEZIY_PITCH[7]",true,"UnityEngine.Transform;ProjectC.Ship.ModuleSlot","",
"Assets/_Project/Prefabs/Ships/DONT-DELETE-NPC REFERENCE SHIP.prefab","DONT-DELETE-NPC REFERENCE SHIP[0]/Slot_MODULE_MEZIY_ROLL[8]",true,"UnityEngine.Transform;ProjectC.Ship.ModuleSlot","",
"Assets/_Project/Prefabs/Ships/DONT-DELETE-NPC REFERENCE SHIP.prefab","DONT-DELETE-NPC REFERENCE SHIP[0]/Slot_MODULE_MEZIY_THRUST[9]",true,"UnityEngine.Transform;ProjectC.Ship.ModuleSlot","",
"Assets/_Project/Prefabs/Ships/DONT-DELETE-NPC REFERENCE SHIP.prefab","DONT-DELETE-NPC REFERENCE SHIP[0]/Slot_MODULE_MEZIY_YAW[10]",true,"UnityEngine.Transform;ProjectC.Ship.ModuleSlot","",
"Assets/_Project/Prefabs/Ships/DONT-DELETE-NPC REFERENCE SHIP.prefab","DONT-DELETE-NPC REFERENCE SHIP[0]/Slot_MODULE_PITCH_ENH[11]",true,"UnityEngine.Transform;ProjectC.Ship.ModuleSlot","",
"Assets/_Project/Prefabs/Ships/DONT-DELETE-NPC REFERENCE SHIP.prefab","DONT-DELETE-NPC REFERENCE SHIP[0]/Slot_MODULE_ROLL[12]",true,"UnityEngine.Transform;ProjectC.Ship.ModuleSlot","",
"Assets/_Project/Prefabs/Ships/DONT-DELETE-NPC REFERENCE SHIP.prefab","DONT-DELETE-NPC REFERENCE SHIP[0]/Slot_MODULE_YAW_ENH[13]",true,"UnityEngine.Transform;ProjectC.Ship.ModuleSlot","",
"Assets/_Project/Prefabs/Ships/DONT-DELETE-NPC REFERENCE SHIP.prefab","DONT-DELETE-NPC REFERENCE SHIP[0]/Slot_cargo[14]",true,"UnityEngine.Transform;ProjectC.Ship.ModuleSlot","",
"Assets/_Project/Prefabs/Ships/DONT-DELETE-NPC REFERENCE SHIP.prefab","DONT-DELETE-NPC REFERENCE SHIP[0]/platform[15]",true,"UnityEngine.Transform;UnityEngine.MeshFilter;UnityEngine.MeshRenderer;UnityEngine.BoxCollider;ProjectC.Ship.ShipRootReference","",0.5
"Assets/_Project/Prefabs/Ships/Ship_Light_root (копия с компьютера DESKTOP-K00O7HK).prefab","Ship_Light_root (копия с компьютера DESKTOP-K00O7HK)[0]",true,"UnityEngine.Transform;UnityEngine.MeshFilter;UnityEngine.BoxCollider;UnityEngine.MeshRenderer;UnityEngine.Rigidbody;Unity.Netcode.NetworkObject;ProjectC.Player.ShipController;Unity.Netcode.Components.NetworkTransform;ProjectC.Ship.ShipFuelSystem;ProjectC.Ship.ShipModuleManager;ProjectC.Ship.MeziyModuleActivator;ProjectC.Ship.Key.ShipOwnershipRequirement;ProjectC.Ship.Combat.ShipHull;ProjectC.Ship.ShipModuleVisualApplier;ProjectC.Ship.ShipRootReference;ProjectC.Player.ShipInputReader;ProjectC.Ship.ShipModuleServer;ProjectC.World.Clouds.ShipWakeCloudCutter","authority=Owner;local=False;interpolate=True;half=False",0.5
"Assets/_Project/Prefabs/Ships/Ship_Light_root (копия с компьютера DESKTOP-K00O7HK).prefab","Ship_Light_root (копия с компьютера DESKTOP-K00O7HK)[0]/PilotSeat[0]",true,"UnityEngine.Transform;UnityEngine.MeshFilter;UnityEngine.MeshRenderer;UnityEngine.BoxCollider;ProjectC.Ship.PilotSeatController;ProjectC.Ship.ShipRootReference","",0.5
"Assets/_Project/Prefabs/Ships/Ship_Light_root (копия с компьютера DESKTOP-K00O7HK).prefab","Ship_Light_root (копия с компьютера DESKTOP-K00O7HK)[0]/Slot_MODULE_LIFT_ENH[1]",true,"UnityEngine.Transform;ProjectC.Ship.ModuleSlot","",
"Assets/_Project/Prefabs/Ships/Ship_Light_root (копия с компьютера DESKTOP-K00O7HK).prefab","Ship_Light_root (копия с компьютера DESKTOP-K00O7HK)[0]/Slot_MODULE_MEZIY_PITCH[2]",true,"UnityEngine.Transform;ProjectC.Ship.ModuleSlot","",
"Assets/_Project/Prefabs/Ships/Ship_Light_root (копия с компьютера DESKTOP-K00O7HK).prefab","Ship_Light_root (копия с компьютера DESKTOP-K00O7HK)[0]/Slot_MODULE_MEZIY_ROLL[3]",true,"UnityEngine.Transform;ProjectC.Ship.ModuleSlot","",
"Assets/_Project/Prefabs/Ships/Ship_Light_root (копия с компьютера DESKTOP-K00O7HK).prefab","Ship_Light_root (копия с компьютера DESKTOP-K00O7HK)[0]/Slot_MODULE_MEZIY_THRUST[4]",true,"UnityEngine.Transform;ProjectC.Ship.ModuleSlot","",
"Assets/_Project/Prefabs/Ships/Ship_Light_root (копия с компьютера DESKTOP-K00O7HK).prefab","Ship_Light_root (копия с компьютера DESKTOP-K00O7HK)[0]/Slot_MODULE_MEZIY_YAW[5]",true,"UnityEngine.Transform;ProjectC.Ship.ModuleSlot","",
"Assets/_Project/Prefabs/Ships/Ship_Light_root (копия с компьютера DESKTOP-K00O7HK).prefab","Ship_Light_root (копия с компьютера DESKTOP-K00O7HK)[0]/Slot_MODULE_PITCH_ENH[6]",true,"UnityEngine.Transform;ProjectC.Ship.ModuleSlot","",
"Assets/_Project/Prefabs/Ships/Ship_Light_root (копия с компьютера DESKTOP-K00O7HK).prefab","Ship_Light_root (копия с компьютера DESKTOP-K00O7HK)[0]/Slot_MODULE_ROLL[7]",true,"UnityEngine.Transform;ProjectC.Ship.ModuleSlot","",
"Assets/_Project/Prefabs/Ships/Ship_Light_root (копия с компьютера DESKTOP-K00O7HK).prefab","Ship_Light_root (копия с компьютера DESKTOP-K00O7HK)[0]/Slot_MODULE_YAW_ENH[8]",true,"UnityEngine.Transform;ProjectC.Ship.ModuleSlot","",
"Assets/_Project/Prefabs/Ships/Ship_Light_root (копия с компьютера DESKTOP-K00O7HK).prefab","Ship_Light_root (копия с компьютера DESKTOP-K00O7HK)[0]/Slot_cargo[9]",true,"UnityEngine.Transform;ProjectC.Ship.ModuleSlot","",
"Assets/_Project/Prefabs/Ships/Ship_Light_root (копия с компьютера DESKTOP-K00O7HK).prefab","Ship_Light_root (копия с компьютера DESKTOP-K00O7HK)[0]/CargoVisual[10]",true,"UnityEngine.Transform;ProjectC.Ship.Cargo.ShipCargoVisual;ProjectC.Ship.ShipRootReference;UnityEngine.BoxCollider","",
"Assets/_Project/Prefabs/Ships/Ship_Light_root (копия с компьютера DESKTOP-K00O7HK).prefab","Ship_Light_root (копия с компьютера DESKTOP-K00O7HK)[0]/Slot_Engine[11]",true,"UnityEngine.Transform;ProjectC.Ship.ModuleSlot;ProjectC.Ship.Engine.EngineThrusterVisual;ProjectC.Ship.ShipPartShake","",
"Assets/_Project/Prefabs/Ships/Ship_Light_root (копия с компьютера DESKTOP-K00O7HK).prefab","Ship_Light_root (копия с компьютера DESKTOP-K00O7HK)[0]/Slot_Engine[11]/project-c_ship_light_base_MOTOR_GameReady[0]/ENGINE_ARMOR_LEFT[0]",true,"UnityEngine.Transform;UnityEngine.MeshFilter;UnityEngine.MeshRenderer","",0.0058999997563660145
"Assets/_Project/Prefabs/Ships/Ship_Light_root (копия с компьютера DESKTOP-K00O7HK).prefab","Ship_Light_root (копия с компьютера DESKTOP-K00O7HK)[0]/Slot_Engine[11]/project-c_ship_light_base_MOTOR_GameReady[0]/ENGINE_ARMOR_RIGHT[1]",true,"UnityEngine.Transform;UnityEngine.MeshFilter;UnityEngine.MeshRenderer","",0.0058999997563660145
"Assets/_Project/Prefabs/Ships/Ship_Light_root (копия с компьютера DESKTOP-K00O7HK).prefab","Ship_Light_root (копия с компьютера DESKTOP-K00O7HK)[0]/Slot_Engine[11]/project-c_ship_light_base_MOTOR_GameReady[0]/ENGINE_ARMOR_TOP[2]",true,"UnityEngine.Transform;UnityEngine.MeshFilter;UnityEngine.MeshRenderer","",0.006750000175088644
"Assets/_Project/Prefabs/Ships/Ship_Light_root (копия с компьютера DESKTOP-K00O7HK).prefab","Ship_Light_root (копия с компьютера DESKTOP-K00O7HK)[0]/Slot_Engine[11]/project-c_ship_light_base_MOTOR_GameReady[0]/ENGINE_COOLING_SLAT_L_1[3]",true,"UnityEngine.Transform;UnityEngine.MeshFilter;UnityEngine.MeshRenderer","",0.0011999999405816197
"Assets/_Project/Prefabs/Ships/Ship_Light_root (копия с компьютера DESKTOP-K00O7HK).prefab","Ship_Light_root (копия с компьютера DESKTOP-K00O7HK)[0]/Slot_Engine[11]/project-c_ship_light_base_MOTOR_GameReady[0]/ENGINE_COOLING_SLAT_L_2[4]",true,"UnityEngine.Transform;UnityEngine.MeshFilter;UnityEngine.MeshRenderer","",0.0011999999405816197
"Assets/_Project/Prefabs/Ships/Ship_Light_root (копия с компьютера DESKTOP-K00O7HK).prefab","Ship_Light_root (копия с компьютера DESKTOP-K00O7HK)[0]/Slot_Engine[11]/project-c_ship_light_base_MOTOR_GameReady[0]/ENGINE_COOLING_SLAT_L_3[5]",true,"UnityEngine.Transform;UnityEngine.MeshFilter;UnityEngine.MeshRenderer","",0.0011999999405816197
"Assets/_Project/Prefabs/Ships/Ship_Light_root (копия с компьютера DESKTOP-K00O7HK).prefab","Ship_Light_root (копия с компьютера DESKTOP-K00O7HK)[0]/Slot_Engine[11]/project-c_ship_light_base_MOTOR_GameReady[0]/ENGINE_COOLING_SLAT_L_4[6]",true,"UnityEngine.Transform;UnityEngine.MeshFilter;UnityEngine.MeshRenderer","",0.0011999999405816197
"Assets/_Project/Prefabs/Ships/Ship_Light_root (копия с компьютера DESKTOP-K00O7HK).prefab","Ship_Light_root (копия с компьютера DESKTOP-K00O7HK)[0]/Slot_Engine[11]/project-c_ship_light_base_MOTOR_GameReady[0]/ENGINE_COOLING_SLAT_R_1[7]",true,"UnityEngine.Transform;UnityEngine.MeshFilter;UnityEngine.MeshRenderer","",0.0011999999405816197
"Assets/_Project/Prefabs/Ships/Ship_Light_root (копия с компьютера DESKTOP-K00O7HK).prefab","Ship_Light_root (копия с компьютера DESKTOP-K00O7HK)[0]/Slot_Engine[11]/project-c_ship_light_base_MOTOR_GameReady[0]/ENGINE_COOLING_SLAT_R_2[8]",true,"UnityEngine.Transform;UnityEngine.MeshFilter;UnityEngine.MeshRenderer","",0.0011999999405816197
"Assets/_Project/Prefabs/Ships/Ship_Light_root (копия с компьютера DESKTOP-K00O7HK).prefab","Ship_Light_root (копия с компьютера DESKTOP-K00O7HK)[0]/Slot_Engine[11]/project-c_ship_light_base_MOTOR_GameReady[0]/ENGINE_COOLING_SLAT_R_3[9]",true,"UnityEngine.Transform;UnityEngine.MeshFilter;UnityEngine.MeshRenderer","",0.0011999999405816197
"Assets/_Project/Prefabs/Ships/Ship_Light_root (копия с компьютера DESKTOP-K00O7HK).prefab","Ship_Light_root (копия с компьютера DESKTOP-K00O7HK)[0]/Slot_Engine[11]/project-c_ship_light_base_MOTOR_GameReady[0]/ENGINE_COOLING_SLAT_R_4[10]",true,"UnityEngine.Transform;UnityEngine.MeshFilter;UnityEngine.MeshRenderer","",0.0011999999405816197
"Assets/_Project/Prefabs/Ships/Ship_Light_root (копия с компьютера DESKTOP-K00O7HK).prefab","Ship_Light_root (копия с компьютера DESKTOP-K00O7HK)[0]/Slot_Engine[11]/project-c_ship_light_base_MOTOR_GameReady[0]/ENGINE_DRIVE_COUPLING[11]",true,"UnityEngine.Transform;UnityEngine.MeshFilter;UnityEngine.MeshRenderer","",0.0027000000700354576
"Assets/_Project/Prefabs/Ships/Ship_Light_root (копия с компьютера DESKTOP-K00O7HK).prefab","Ship_Light_root (копия с компьютера DESKTOP-K00O7HK)[0]/Slot_Engine[11]/project-c_ship_light_base_MOTOR_GameReady[0]/ENGINE_DRIVE_COUPLING_RING[12]",true,"UnityEngine.Transform;UnityEngine.MeshFilter;UnityEngine.MeshRenderer","",0.0030999998562037945
"Assets/_Project/Prefabs/Ships/Ship_Light_root (копия с компьютера DESKTOP-K00O7HK).prefab","Ship_Light_root (копия с компьютера DESKTOP-K00O7HK)[0]/Slot_Engine[11]/project-c_ship_light_base_MOTOR_GameReady[0]/ENGINE_EXHAUST_BAND_01[13]",true,"UnityEngine.Transform;UnityEngine.MeshFilter;UnityEngine.MeshRenderer","",0.0017099999822676182
"Assets/_Project/Prefabs/Ships/Ship_Light_root (копия с компьютера DESKTOP-K00O7HK).prefab","Ship_Light_root (копия с компьютера DESKTOP-K00O7HK)[0]/Slot_Engine[11]/project-c_ship_light_base_MOTOR_GameReady[0]/ENGINE_EXHAUST_BAND_02[14]",true,"UnityEngine.Transform;UnityEngine.MeshFilter;UnityEngine.MeshRenderer","",0.0017099999822676182
"Assets/_Project/Prefabs/Ships/Ship_Light_root (копия с компьютера DESKTOP-K00O7HK).prefab","Ship_Light_root (копия с компьютера DESKTOP-K00O7HK)[0]/Slot_Engine[11]/project-c_ship_light_base_MOTOR_GameReady[0]/ENGINE_EXHAUST_BAND_03[15]",true,"UnityEngine.Transform;UnityEngine.MeshFilter;UnityEngine.MeshRenderer","",0.0017099999822676182
"Assets/_Project/Prefabs/Ships/Ship_Light_root (копия с компьютера DESKTOP-K00O7HK).prefab","Ship_Light_root (копия с компьютера DESKTOP-K00O7HK)[0]/Slot_Engine[11]/project-c_ship_light_base_MOTOR_GameReady[0]/ENGINE_EXHAUST_CAP[16]",true,"UnityEngine.Transform;UnityEngine.MeshFilter;UnityEngine.MeshRenderer","",0.001500000013038516
"Assets/_Project/Prefabs/Ships/Ship_Light_root (копия с компьютера DESKTOP-K00O7HK).prefab","Ship_Light_root (копия с компьютера DESKTOP-K00O7HK)[0]/Slot_Engine[11]/project-c_ship_light_base_MOTOR_GameReady[0]/ENGINE_EXHAUST_STACK[17]",true,"UnityEngine.Transform;UnityEngine.MeshFilter;UnityEngine.MeshRenderer","",0.0057499995455145836
"Assets/_Project/Prefabs/Ships/Ship_Light_root (копия с компьютера DESKTOP-K00O7HK).prefab","Ship_Light_root (копия с компьютера DESKTOP-K00O7HK)[0]/Slot_Engine[11]/project-c_ship_light_base_MOTOR_GameReady[0]/ENGINE_EXHAUST_SUPPORT_BRACE[18]",true,"UnityEngine.Transform;UnityEngine.MeshFilter;UnityEngine.MeshRenderer","",0.0015999999595806003
"Assets/_Project/Prefabs/Ships/Ship_Light_root (копия с компьютера DESKTOP-K00O7HK).prefab","Ship_Light_root (копия с компьютера DESKTOP-K00O7HK)[0]/Slot_Engine[11]/project-c_ship_light_base_MOTOR_GameReady[0]/ENGINE_EXHAUST_SUPPORT_PAD[19]",true,"UnityEngine.Transform;UnityEngine.MeshFilter;UnityEngine.MeshRenderer","",0.0010999999940395355
"Assets/_Project/Prefabs/Ships/Ship_Light_root (копия с компьютера DESKTOP-K00O7HK).prefab","Ship_Light_root (копия с компьютера DESKTOP-K00O7HK)[0]/Slot_Engine[11]/project-c_ship_light_base_MOTOR_GameReady[0]/ENGINE_HEAT_SHIELD[20]",true,"UnityEngine.Transform;UnityEngine.MeshFilter;UnityEngine.MeshRenderer","",0.0046000001020729542
"Assets/_Project/Prefabs/Ships/Ship_Light_root (копия с компьютера DESKTOP-K00O7HK).prefab","Ship_Light_root (копия с компьютера DESKTOP-K00O7HK)[0]/Slot_Engine[11]/project-c_ship_light_base_MOTOR_GameReady[0]/ENGINE_HEAT_SHIELD_RIB_1.58[21]",true,"UnityEngine.Transform;UnityEngine.MeshFilter;UnityEngine.MeshRenderer","",0.0030000000260770321
"Assets/_Project/Prefabs/Ships/Ship_Light_root (копия с компьютера DESKTOP-K00O7HK).prefab","Ship_Light_root (копия с компьютера DESKTOP-K00O7HK)[0]/Slot_Engine[11]/project-c_ship_light_base_MOTOR_GameReady[0]/ENGINE_HEAT_SHIELD_RIB_1.82[22]",true,"UnityEngine.Transform;UnityEngine.MeshFilter;UnityEngine.MeshRenderer","",0.0030000000260770321
"Assets/_Project/Prefabs/Ships/Ship_Light_root (копия с компьютера DESKTOP-K00O7HK).prefab","Ship_Light_root (копия с компьютера DESKTOP-K00O7HK)[0]/Slot_Engine[11]/project-c_ship_light_base_MOTOR_GameReady[0]/ENGINE_HEAT_SHIELD_RIB_2.06[23]",true,"UnityEngine.Transform;UnityEngine.MeshFilter;UnityEngine.MeshRenderer","",0.0030000000260770321
"Assets/_Project/Prefabs/Ships/Ship_Light_root (копия с компьютера DESKTOP-K00O7HK).prefab","Ship_Light_root (копия с компьютера DESKTOP-K00O7HK)[0]/Slot_Engine[11]/project-c_ship_light_base_MOTOR_GameReady[0]/ENGINE_HEAT_SHIELD_RIB_2.30[24]",true,"UnityEngine.Transform;UnityEngine.MeshFilter;UnityEngine.MeshRenderer","",0.0030000000260770321
"Assets/_Project/Prefabs/Ships/Ship_Light_root (копия с компьютера DESKTOP-K00O7HK).prefab","Ship_Light_root (копия с компьютера DESKTOP-K00O7HK)[0]/Slot_Engine[11]/project-c_ship_light_base_MOTOR_GameReady[0]/ENGINE_HOUSING[25]",true,"UnityEngine.Transform;UnityEngine.MeshFilter;UnityEngine.MeshRenderer","",0.0054999999701976776
"Assets/_Project/Prefabs/Ships/Ship_Light_root (копия с компьютера DESKTOP-K00O7HK).prefab","Ship_Light_root (копия с компьютера DESKTOP-K00O7HK)[0]/Slot_Engine[11]/project-c_ship_light_base_MOTOR_GameReady[0]/ENGINE_HOUSING_BAND_01[26]",true,"UnityEngine.Transform;UnityEngine.MeshFilter;UnityEngine.MeshRenderer","",0.0051100002601742744
"Assets/_Project/Prefabs/Ships/Ship_Light_root (копия с компьютера DESKTOP-K00O7HK).prefab","Ship_Light_root (копия с компьютера DESKTOP-K00O7HK)[0]/Slot_Engine[11]/project-c_ship_light_base_MOTOR_GameReady[0]/ENGINE_HOUSING_BAND_02[27]",true,"UnityEngine.Transform;UnityEngine.MeshFilter;UnityEngine.MeshRenderer","",0.0054099997505545616
"Assets/_Project/Prefabs/Ships/Ship_Light_root (копия с компьютера DESKTOP-K00O7HK).prefab","Ship_Light_root (копия с компьютера DESKTOP-K00O7HK)[0]/Slot_Engine[11]/project-c_ship_light_base_MOTOR_GameReady[0]/ENGINE_HOUSING_BAND_03[28]",true,"UnityEngine.Transform;UnityEngine.MeshFilter;UnityEngine.MeshRenderer","",0.0054099997505545616
"Assets/_Project/Prefabs/Ships/Ship_Light_root (копия с компьютера DESKTOP-K00O7HK).prefab","Ship_Light_root (копия с компьютера DESKTOP-K00O7HK)[0]/Slot_Engine[11]/project-c_ship_light_base_MOTOR_GameReady[0]/ENGINE_HOUSING_BAND_04[29]",true,"UnityEngine.Transform;UnityEngine.MeshFilter;UnityEngine.MeshRenderer","",0.0051100002601742744
"Assets/_Project/Prefabs/Ships/Ship_Light_root (копия с компьютера DESKTOP-K00O7HK).prefab","Ship_Light_root (копия с компьютера DESKTOP-K00O7HK)[0]/Slot_Engine[11]/project-c_ship_light_base_MOTOR_GameReady[0]/ENGINE_INSPECTION_BOLT_L_1[30]",true,"UnityEngine.Transform;UnityEngine.MeshFilter;UnityEngine.MeshRenderer","",0.00022500001068692654
"Assets/_Project/Prefabs/Ships/Ship_Light_root (копия с компьютера DESKTOP-K00O7HK).prefab","Ship_Light_root (копия с компьютера DESKTOP-K00O7HK)[0]/Slot_Engine[11]/project-c_ship_light_base_MOTOR_GameReady[0]/ENGINE_INSPECTION_BOLT_L_2[31]",true,"UnityEngine.Transform;UnityEngine.MeshFilter;UnityEngine.MeshRenderer","",0.00022500001068692654
"Assets/_Project/Prefabs/Ships/Ship_Light_root (копия с компьютера DESKTOP-K00O7HK).prefab","Ship_Light_root (копия с компьютера DESKTOP-K00O7HK)[0]/Slot_Engine[11]/project-c_ship_light_base_MOTOR_GameReady[0]/ENGINE_INSPECTION_BOLT_L_3[32]",true,"UnityEngine.Transform;UnityEngine.MeshFilter;UnityEngine.MeshRenderer","",0.00022500001068692654
"Assets/_Project/Prefabs/Ships/Ship_Light_root (копия с компьютера DESKTOP-K00O7HK).prefab","Ship_Light_root (копия с компьютера DESKTOP-K00O7HK)[0]/Slot_Engine[11]/project-c_ship_light_base_MOTOR_GameReady[0]/ENGINE_INSPECTION_BOLT_R_1[33]",true,"UnityEngine.Transform;UnityEngine.MeshFilter;UnityEngine.MeshRenderer","",0.00022500001068692654
"Assets/_Project/Prefabs/Ships/Ship_Light_root (копия с компьютера DESKTOP-K00O7HK).prefab","Ship_Light_root (копия с компьютера DESKTOP-K00O7HK)[0]/Slot_Engine[11]/project-c_ship_light_base_MOTOR_GameReady[0]/ENGINE_INSPECTION_BOLT_R_2[34]",true,"UnityEngine.Transform;UnityEngine.MeshFilter;UnityEngine.MeshRenderer","",0.00022500001068692654
"Assets/_Project/Prefabs/Ships/Ship_Light_root (копия с компьютера DESKTOP-K00O7HK).prefab","Ship_Light_root (копия с компьютера DESKTOP-K00O7HK)[0]/Slot_Engine[11]/project-c_ship_light_base_MOTOR_GameReady[0]/ENGINE_INSPECTION_BOLT_R_3[35]",true,"UnityEngine.Transform;UnityEngine.MeshFilter;UnityEngine.MeshRenderer","",0.00022500001068692654
"Assets/_Project/Prefabs/Ships/Ship_Light_root (копия с компьютера DESKTOP-K00O7HK).prefab","Ship_Light_root (копия с компьютера DESKTOP-K00O7HK)[0]/Slot_Engine[11]/project-c_ship_light_base_MOTOR_GameReady[0]/ENGINE_INSPECTION_PANEL_L[36]",true,"UnityEngine.Transform;UnityEngine.MeshFilter;UnityEngine.MeshRenderer","",0.002099999925121665
"Assets/_Project/Prefabs/Ships/Ship_Light_root (копия с компьютера DESKTOP-K00O7HK).prefab","Ship_Light_root (копия с компьютера DESKTOP-K00O7HK)[0]/Slot_Engine[11]/project-c_ship_light_base_MOTOR_GameReady[0]/ENGINE_INSPECTION_PANEL_R[37]",true,"UnityEngine.Transform;UnityEngine.MeshFilter;UnityEngine.MeshRenderer","",0.002099999925121665
"Assets/_Project/Prefabs/Ships/Ship_Light_root (копия с компьютера DESKTOP-K00O7HK).prefab","Ship_Light_root (копия с компьютера DESKTOP-K00O7HK)[0]/Slot_Engine[11]/project-c_ship_light_base_MOTOR_GameReady[0]/ENGINE_MOUNT_ARM_L[38]",true,"UnityEngine.Transform;UnityEngine.MeshFilter;UnityEngine.MeshRenderer","",0.0023999998811632395
"Assets/_Project/Prefabs/Ships/Ship_Light_root (копия с компьютера DESKTOP-K00O7HK).prefab","Ship_Light_root (копия с компьютера DESKTOP-K00O7HK)[0]/Slot_Engine[11]/project-c_ship_light_base_MOTOR_GameReady[0]/ENGINE_MOUNT_ARM_R[39]",true,"UnityEngine.Transform;UnityEngine.MeshFilter;UnityEngine.MeshRenderer","",0.0023999998811632395
"Assets/_Project/Prefabs/Ships/Ship_Light_root (копия с компьютера DESKTOP-K00O7HK).prefab","Ship_Light_root (копия с компьютера DESKTOP-K00O7HK)[0]/Slot_Engine[11]/project-c_ship_light_base_MOTOR_GameReady[0]/ENGINE_MOUNT_BOLT_+0.48[40]",true,"UnityEngine.Transform;UnityEngine.MeshFilter;UnityEngine.MeshRenderer","",0.00079999997979030013
"Assets/_Project/Prefabs/Ships/Ship_Light_root (копия с компьютера DESKTOP-K00O7HK).prefab","Ship_Light_root (копия с компьютера DESKTOP-K00O7HK)[0]/Slot_Engine[11]/project-c_ship_light_base_MOTOR_GameReady[0]/ENGINE_MOUNT_BOLT_-0.48[41]",true,"UnityEngine.Transform;UnityEngine.MeshFilter;UnityEngine.MeshRenderer","",0.00079999997979030013
"Assets/_Project/Prefabs/Ships/Ship_Light_root (копия с компьютера DESKTOP-K00O7HK).prefab","Ship_Light_root (копия с компьютера DESKTOP-K00O7HK)[0]/Slot_Engine[11]/project-c_ship_light_base_MOTOR_GameReady[0]/ENGINE_MOUNT_FOOT_L[42]",true,"UnityEngine.Transform;UnityEngine.MeshFilter;UnityEngine.MeshRenderer","",0.0017000000225380063
"Assets/_Project/Prefabs/Ships/Ship_Light_root (копия с компьютера DESKTOP-K00O7HK).prefab","Ship_Light_root (копия с компьютера DESKTOP-K00O7HK)[0]/Slot_Engine[11]/project-c_ship_light_base_MOTOR_GameReady[0]/ENGINE_MOUNT_FOOT_R[43]",true,"UnityEngine.Transform;UnityEngine.MeshFilter;UnityEngine.MeshRenderer","",0.0017000000225380063
"Assets/_Project/Prefabs/Ships/Ship_Light_root (копия с компьютера DESKTOP-K00O7HK).prefab","Ship_Light_root (копия с компьютера DESKTOP-K00O7HK)[0]/Slot_Engine[11]/project-c_ship_light_base_MOTOR_GameReady[0]/ENGINE_PRESSURE_CELL_COLLAR_L[44]",true,"UnityEngine.Transform;UnityEngine.MeshFilter;UnityEngine.MeshRenderer","",0.0012600000482052565
"Assets/_Project/Prefabs/Ships/Ship_Light_root (копия с компьютера DESKTOP-K00O7HK).prefab","Ship_Light_root (копия с компьютера DESKTOP-K00O7HK)[0]/Slot_Engine[11]/project-c_ship_light_base_MOTOR_GameReady[0]/ENGINE_PRESSURE_CELL_COLLAR_R[45]",true,"UnityEngine.Transform;UnityEngine.MeshFilter;UnityEngine.MeshRenderer","",0.0012600000482052565
"Assets/_Project/Prefabs/Ships/Ship_Light_root (копия с компьютера DESKTOP-K00O7HK).prefab","Ship_Light_root (копия с компьютера DESKTOP-K00O7HK)[0]/Slot_Engine[11]/project-c_ship_light_base_MOTOR_GameReady[0]/ENGINE_PRESSURE_CELL_L[46]",true,"UnityEngine.Transform;UnityEngine.MeshFilter;UnityEngine.MeshRenderer","",0.0018999999156221747
"Assets/_Project/Prefabs/Ships/Ship_Light_root (копия с компьютера DESKTOP-K00O7HK).prefab","Ship_Light_root (копия с компьютера DESKTOP-K00O7HK)[0]/Slot_Engine[11]/project-c_ship_light_base_MOTOR_GameReady[0]/ENGINE_PRESSURE_CELL_R[47]",true,"UnityEngine.Transform;UnityEngine.MeshFilter;UnityEngine.MeshRenderer","",0.0018999999156221747
"Assets/_Project/Prefabs/Ships/Ship_Light_root (копия с компьютера DESKTOP-K00O7HK).prefab","Ship_Light_root (копия с компьютера DESKTOP-K00O7HK)[0]/Slot_Engine[11]/project-c_ship_light_base_MOTOR_GameReady[0]/ENGINE_PROP_GUARD[48]",true,"UnityEngine.Transform;UnityEngine.MeshFilter;UnityEngine.MeshRenderer","",0.0065051279962062836
"Assets/_Project/Prefabs/Ships/Ship_Light_root (копия с компьютера DESKTOP-K00O7HK).prefab","Ship_Light_root (копия с компьютера DESKTOP-K00O7HK)[0]/Slot_Engine[11]/project-c_ship_light_base_MOTOR_GameReady[0]/ENGINE_PROP_GUARD_SPOKE_0.00[49]",true,"UnityEngine.Transform;UnityEngine.MeshFilter;UnityEngine.MeshRenderer","",0.0034000000450760126
"Assets/_Project/Prefabs/Ships/Ship_Light_root (копия с компьютера DESKTOP-K00O7HK).prefab","Ship_Light_root (копия с компьютера DESKTOP-K00O7HK)[0]/Slot_Engine[11]/project-c_ship_light_base_MOTOR_GameReady[0]/ENGINE_PROP_GUARD_SPOKE_1.57[50]",true,"UnityEngine.Transform;UnityEngine.MeshFilter;UnityEngine.MeshRenderer","",0.0033999995794147253
"Assets/_Project/Prefabs/Ships/Ship_Light_root (копия с компьютера DESKTOP-K00O7HK).prefab","Ship_Light_root (копия с компьютера DESKTOP-K00O7HK)[0]/Slot_Engine[11]/project-c_ship_light_base_MOTOR_GameReady[0]/ENGINE_PROP_GUARD_SPOKE_3.14[51]",true,"UnityEngine.Transform;UnityEngine.MeshFilter;UnityEngine.MeshRenderer","",0.0034000000450760126
"Assets/_Project/Prefabs/Ships/Ship_Light_root (копия с компьютера DESKTOP-K00O7HK).prefab","Ship_Light_root (копия с компьютера DESKTOP-K00O7HK)[0]/Slot_Engine[11]/project-c_ship_light_base_MOTOR_GameReady[0]/ENGINE_PROP_GUARD_SPOKE_4.71[52]",true,"UnityEngine.Transform;UnityEngine.MeshFilter;UnityEngine.MeshRenderer","",0.0033999995794147253
"Assets/_Project/Prefabs/Ships/Ship_Light_root (копия с компьютера DESKTOP-K00O7HK).prefab","Ship_Light_root (копия с компьютера DESKTOP-K00O7HK)[0]/Slot_Engine[11]/project-c_ship_light_base_MOTOR_GameReady[0]/ENGINE_REAR_MOUNT[53]",true,"UnityEngine.Transform;UnityEngine.MeshFilter;UnityEngine.MeshRenderer","",0.008999999612569809
"Assets/_Project/Prefabs/Ships/Ship_Light_root (копия с компьютера DESKTOP-K00O7HK).prefab","Ship_Light_root (копия с компьютера DESKTOP-K00O7HK)[0]/Slot_Engine[11]/project-c_ship_light_base_MOTOR_GameReady[0]/ENGINE_SERVICE_HATCH[54]",true,"UnityEngine.Transform;UnityEngine.MeshFilter;UnityEngine.MeshRenderer","",0.0054999999701976776
"Assets/_Project/Prefabs/Ships/Ship_Light_root (копия с компьютера DESKTOP-K00O7HK).prefab","Ship_Light_root (копия с компьютера DESKTOP-K00O7HK)[0]/Slot_Engine[11]/project-c_ship_light_base_MOTOR_GameReady[0]/ENGINE_SERVICE_HATCH_HANDLE[55]",true,"UnityEngine.Transform;UnityEngine.MeshFilter;UnityEngine.MeshRenderer","",0.0010999999940395355
"Assets/_Project/Prefabs/Ships/Ship_Light_root (копия с компьютера DESKTOP-K00O7HK).prefab","Ship_Light_root (копия с компьютера DESKTOP-K00O7HK)[0]/Slot_Engine[11]/project-c_ship_light_base_MOTOR_GameReady[0]/ENGINE_SERVICE_HATCH_PIN_L[56]",true,"UnityEngine.Transform;UnityEngine.MeshFilter;UnityEngine.MeshRenderer","",0.00059999997029080987
"Assets/_Project/Prefabs/Ships/Ship_Light_root (копия с компьютера DESKTOP-K00O7HK).prefab","Ship_Light_root (копия с компьютера DESKTOP-K00O7HK)[0]/Slot_Engine[11]/project-c_ship_light_base_MOTOR_GameReady[0]/ENGINE_SERVICE_HATCH_PIN_R[57]",true,"UnityEngine.Transform;UnityEngine.MeshFilter;UnityEngine.MeshRenderer","",0.00059999997029080987
"Assets/_Project/Prefabs/Ships/Ship_Light_root (копия с компьютера DESKTOP-K00O7HK).prefab","Ship_Light_root (копия с компьютера DESKTOP-K00O7HK)[0]/Slot_Engine[11]/project-c_ship_light_base_MOTOR_GameReady[0]/ENGINE_SERVICE_LINE_L[58]",true,"UnityEngine.Transform;UnityEngine.MeshFilter;UnityEngine.MeshRenderer","",0.004999999888241291
"Assets/_Project/Prefabs/Ships/Ship_Light_root (копия с компьютера DESKTOP-K00O7HK).prefab","Ship_Light_root (копия с компьютера DESKTOP-K00O7HK)[0]/Slot_Engine[11]/project-c_ship_light_base_MOTOR_GameReady[0]/ENGINE_SERVICE_LINE_R[59]",true,"UnityEngine.Transform;UnityEngine.MeshFilter;UnityEngine.MeshRenderer","",0.004999999888241291
"Assets/_Project/Prefabs/Ships/Ship_Light_root (копия с компьютера DESKTOP-K00O7HK).prefab","Ship_Light_root (копия с компьютера DESKTOP-K00O7HK)[0]/Slot_Engine[11]/project-c_ship_light_base_MOTOR_GameReady[0]/ENGINE_TOP_BOLT_1_1[60]",true,"UnityEngine.Transform;UnityEngine.MeshFilter;UnityEngine.MeshRenderer","",0.00032000002101995051
"Assets/_Project/Prefabs/Ships/Ship_Light_root (копия с компьютера DESKTOP-K00O7HK).prefab","Ship_Light_root (копия с компьютера DESKTOP-K00O7HK)[0]/Slot_Engine[11]/project-c_ship_light_base_MOTOR_GameReady[0]/ENGINE_TOP_BOLT_1_2[61]",true,"UnityEngine.Transform;UnityEngine.MeshFilter;UnityEngine.MeshRenderer","",0.00032000002101995051
"Assets/_Project/Prefabs/Ships/Ship_Light_root (копия с компьютера DESKTOP-K00O7HK).prefab","Ship_Light_root (копия с компьютера DESKTOP-K00O7HK)[0]/Slot_Engine[11]/project-c_ship_light_base_MOTOR_GameReady[0]/ENGINE_TOP_BOLT_2_1[62]",true,"UnityEngine.Transform;UnityEngine.MeshFilter;UnityEngine.MeshRenderer","",0.00032000002101995051
"Assets/_Project/Prefabs/Ships/Ship_Light_root (копия с компьютера DESKTOP-K00O7HK).prefab","Ship_Light_root (копия с компьютера DESKTOP-K00O7HK)[0]/Slot_Engine[11]/project-c_ship_light_base_MOTOR_GameReady[0]/ENGINE_TOP_BOLT_2_2[63]",true,"UnityEngine.Transform;UnityEngine.MeshFilter;UnityEngine.MeshRenderer","",0.00032000002101995051
"Assets/_Project/Prefabs/Ships/Ship_Light_root (копия с компьютера DESKTOP-K00O7HK).prefab","Ship_Light_root (копия с компьютера DESKTOP-K00O7HK)[0]/Slot_Engine[11]/project-c_ship_light_base_MOTOR_GameReady[0]/ENGINE_TOP_SERVICE_PLATE[64]",true,"UnityEngine.Transform;UnityEngine.MeshFilter;UnityEngine.MeshRenderer","",0.0024999999441206455
"Assets/_Project/Prefabs/Ships/Ship_Light_root (копия с компьютера DESKTOP-K00O7HK).prefab","Ship_Light_root (копия с компьютера DESKTOP-K00O7HK)[0]/Slot_Engine[11]/project-c_ship_light_base_MOTOR_GameReady[0]/ENGINE_TOP_SERVICE_SPINE[65]",true,"UnityEngine.Transform;UnityEngine.MeshFilter;UnityEngine.MeshRenderer","",0.002099999925121665
"Assets/_Project/Prefabs/Ships/Ship_Light_root (копия с компьютера DESKTOP-K00O7HK).prefab","Ship_Light_root (копия с компьютера DESKTOP-K00O7HK)[0]/Slot_Engine[11]/project-c_ship_light_base_MOTOR_GameReady[0]/EXHAUST_FLANGE_+0.72[66]",true,"UnityEngine.Transform;UnityEngine.MeshFilter;UnityEngine.MeshRenderer","",0.002199999988079071
"Assets/_Project/Prefabs/Ships/Ship_Light_root (копия с компьютера DESKTOP-K00O7HK).prefab","Ship_Light_root (копия с компьютера DESKTOP-K00O7HK)[0]/Slot_Engine[11]/project-c_ship_light_base_MOTOR_GameReady[0]/EXHAUST_FLANGE_-0.72[67]",true,"UnityEngine.Transform;UnityEngine.MeshFilter;UnityEngine.MeshRenderer","",0.002199999988079071
"Assets/_Project/Prefabs/Ships/Ship_Light_root (копия с компьютера DESKTOP-K00O7HK).prefab","Ship_Light_root (копия с компьютера DESKTOP-K00O7HK)[0]/Slot_Engine[11]/project-c_ship_light_base_MOTOR_GameReady[0]/EXHAUST_FLANGE_RING_+0.72[68]",true,"UnityEngine.Transform;UnityEngine.MeshFilter;UnityEngine.MeshRenderer","",0.00215000007301569
"Assets/_Project/Prefabs/Ships/Ship_Light_root (копия с компьютера DESKTOP-K00O7HK).prefab","Ship_Light_root (копия с компьютера DESKTOP-K00O7HK)[0]/Slot_Engine[11]/project-c_ship_light_base_MOTOR_GameReady[0]/EXHAUST_FLANGE_RING_-0.72[69]",true,"UnityEngine.Transform;UnityEngine.MeshFilter;UnityEngine.MeshRenderer","",0.00215000007301569
"Assets/_Project/Prefabs/Ships/Ship_Light_root (копия с компьютера DESKTOP-K00O7HK).prefab","Ship_Light_root (копия с компьютера DESKTOP-K00O7HK)[0]/Slot_Engine[11]/project-c_ship_light_base_MOTOR_GameReady[0]/UPG_CABLE_ENGINE_TO_CABIN_L[70]",true,"UnityEngine.Transform;UnityEngine.MeshFilter;UnityEngine.MeshRenderer","",0.038123387843370438
"Assets/_Project/Prefabs/Ships/Ship_Light_root (копия с компьютера DESKTOP-K00O7HK).prefab","Ship_Light_root (копия с компьютера DESKTOP-K00O7HK)[0]/Slot_Engine[11]/project-c_ship_light_base_MOTOR_GameReady[0]/UPG_CABLE_ENGINE_TO_CABIN_R[71]",true,"UnityEngine.Transform;UnityEngine.MeshFilter;UnityEngine.MeshRenderer","",0.038123387843370438
"Assets/_Project/Prefabs/Ships/Ship_Light_root (копия с компьютера DESKTOP-K00O7HK).prefab","Ship_Light_root (копия с компьютера DESKTOP-K00O7HK)[0]/Slot_Engine[11]/EngineVisuals[1]/Cylinder[0]",true,"UnityEngine.Transform;UnityEngine.MeshFilter;UnityEngine.MeshRenderer;UnityEngine.CapsuleCollider","",1
"Assets/_Project/Prefabs/Ships/Ship_Light_root (копия с компьютера DESKTOP-K00O7HK).prefab","Ship_Light_root (копия с компьютера DESKTOP-K00O7HK)[0]/Slot_Engine[11]/EngineVisuals[1]/Cube[1]",true,"UnityEngine.Transform;UnityEngine.MeshFilter;UnityEngine.MeshRenderer;UnityEngine.BoxCollider","",0.5
"Assets/_Project/Prefabs/Ships/Ship_Light_root (копия с компьютера DESKTOP-K00O7HK).prefab","Ship_Light_root (копия с компьютера DESKTOP-K00O7HK)[0]/Platform[12]",true,"UnityEngine.Transform;UnityEngine.MeshFilter;UnityEngine.MeshRenderer;UnityEngine.BoxCollider;ProjectC.Ship.ShipRootReference","",0.5
"Assets/_Project/Prefabs/Ships/Ship_Light_root (копия с компьютера DESKTOP-K00O7HK).prefab","Ship_Light_root (копия с компьютера DESKTOP-K00O7HK)[0]/ContrailVFX[13]",true,"UnityEngine.Transform;UnityEngine.VFX.VisualEffect;UnityEngine.VFX.VFXRenderer;ProjectC.Ship.ShipContrailVfx","",
"Assets/_Project/Prefabs/Ships/Ship_Light_root (копия с компьютера DESKTOP-K00O7HK).prefab","Ship_Light_root (копия с компьютера DESKTOP-K00O7HK)[0]/project-c_ship_light_base_SHIP_GameReady[14]",false,"UnityEngine.Transform;ProjectC.Ship.ShipRootReference","",
"Assets/_Project/Prefabs/Ships/Ship_Light_root (копия с компьютера DESKTOP-K00O7HK).prefab","Ship_Light_root (копия с компьютера DESKTOP-K00O7HK)[0]/project-c_ship_light_base_SHIP_GameReady[14]/BARGE_CROSS_MEMBER_+1.0[0]",true,"UnityEngine.Transform;UnityEngine.MeshFilter;UnityEngine.MeshRenderer","",0.019999999552965164
"Assets/_Project/Prefabs/Ships/Ship_Light_root (копия с компьютера DESKTOP-K00O7HK).prefab","Ship_Light_root (копия с компьютера DESKTOP-K00O7HK)[0]/project-c_ship_light_base_SHIP_GameReady[14]/BARGE_CROSS_MEMBER_+3.2[1]",true,"UnityEngine.Transform;UnityEngine.MeshFilter;UnityEngine.MeshRenderer","",0.019999999552965164
"Assets/_Project/Prefabs/Ships/Ship_Light_root (копия с компьютера DESKTOP-K00O7HK).prefab","Ship_Light_root (копия с компьютера DESKTOP-K00O7HK)[0]/project-c_ship_light_base_SHIP_GameReady[14]/BARGE_CROSS_MEMBER_-1.2[2]",true,"UnityEngine.Transform;UnityEngine.MeshFilter;UnityEngine.MeshRenderer","",0.019999999552965164
"Assets/_Project/Prefabs/Ships/Ship_Light_root (копия с компьютера DESKTOP-K00O7HK).prefab","Ship_Light_root (копия с компьютера DESKTOP-K00O7HK)[0]/project-c_ship_light_base_SHIP_GameReady[14]/BARGE_CROSS_MEMBER_-3.4[3]",true,"UnityEngine.Transform;UnityEngine.MeshFilter;UnityEngine.MeshRenderer","",0.019999999552965164
"Assets/_Project/Prefabs/Ships/Ship_Light_root (копия с компьютера DESKTOP-K00O7HK).prefab","Ship_Light_root (копия с компьютера DESKTOP-K00O7HK)[0]/project-c_ship_light_base_SHIP_GameReady[14]/BARGE_LONGITUDINAL_RAIL_L[4]",true,"UnityEngine.Transform;UnityEngine.MeshFilter;UnityEngine.MeshRenderer","",0.040999997407197952
"Assets/_Project/Prefabs/Ships/Ship_Light_root (копия с компьютера DESKTOP-K00O7HK).prefab","Ship_Light_root (копия с компьютера DESKTOP-K00O7HK)[0]/project-c_ship_light_base_SHIP_GameReady[14]/BARGE_LONGITUDINAL_RAIL_R[5]",true,"UnityEngine.Transform;UnityEngine.MeshFilter;UnityEngine.MeshRenderer","",0.040999997407197952
"Assets/_Project/Prefabs/Ships/Ship_Light_root (копия с компьютера DESKTOP-K00O7HK).prefab","Ship_Light_root (копия с компьютера DESKTOP-K00O7HK)[0]/project-c_ship_light_base_SHIP_GameReady[14]/BARGE_MAIN_DECK[6]",true,"UnityEngine.Transform;UnityEngine.MeshFilter;UnityEngine.MeshRenderer;UnityEngine.MeshCollider","",0.041999995708465576
"Assets/_Project/Prefabs/Ships/Ship_Light_root (копия с компьютера DESKTOP-K00O7HK).prefab","Ship_Light_root (копия с компьютера DESKTOP-K00O7HK)[0]/project-c_ship_light_base_SHIP_GameReady[14]/BARGE_UNDERFRAME_CENTER[7]",true,"UnityEngine.Transform;UnityEngine.MeshFilter;UnityEngine.MeshRenderer","",0.037000000476837158
"Assets/_Project/Prefabs/Ships/Ship_Light_root (копия с компьютера DESKTOP-K00O7HK).prefab","Ship_Light_root (копия с компьютера DESKTOP-K00O7HK)[0]/project-c_ship_light_base_SHIP_GameReady[14]/BOARDING_ENTRY_LANDING[8]",true,"UnityEngine.Transform;UnityEngine.MeshFilter;UnityEngine.MeshRenderer","",0.0060000000521540642
"Assets/_Project/Prefabs/Ships/Ship_Light_root (копия с компьютера DESKTOP-K00O7HK).prefab","Ship_Light_root (копия с компьютера DESKTOP-K00O7HK)[0]/project-c_ship_light_base_SHIP_GameReady[14]/BOARDING_RAMP[9]",true,"UnityEngine.Transform;UnityEngine.MeshFilter;UnityEngine.MeshRenderer","",0.010499998927116394
"Assets/_Project/Prefabs/Ships/Ship_Light_root (копия с компьютера DESKTOP-K00O7HK).prefab","Ship_Light_root (копия с компьютера DESKTOP-K00O7HK)[0]/project-c_ship_light_base_SHIP_GameReady[14]/BOARDING_RAMP_POST_1.30_-2.45[10]",true,"UnityEngine.Transform;UnityEngine.MeshFilter;UnityEngine.MeshRenderer","",0.0025999997742474079
"Assets/_Project/Prefabs/Ships/Ship_Light_root (копия с компьютера DESKTOP-K00O7HK).prefab","Ship_Light_root (копия с компьютера DESKTOP-K00O7HK)[0]/project-c_ship_light_base_SHIP_GameReady[14]/BOARDING_RAMP_POST_1.30_-3.05[11]",true,"UnityEngine.Transform;UnityEngine.MeshFilter;UnityEngine.MeshRenderer","",0.0025999997742474079
"Assets/_Project/Prefabs/Ships/Ship_Light_root (копия с компьютера DESKTOP-K00O7HK).prefab","Ship_Light_root (копия с компьютера DESKTOP-K00O7HK)[0]/project-c_ship_light_base_SHIP_GameReady[14]/BOARDING_RAMP_POST_2.10_-2.45[12]",true,"UnityEngine.Transform;UnityEngine.MeshFilter;UnityEngine.MeshRenderer","",0.0025999997742474079
"Assets/_Project/Prefabs/Ships/Ship_Light_root (копия с компьютера DESKTOP-K00O7HK).prefab","Ship_Light_root (копия с компьютера DESKTOP-K00O7HK)[0]/project-c_ship_light_base_SHIP_GameReady[14]/BOARDING_RAMP_POST_2.10_-3.05[13]",true,"UnityEngine.Transform;UnityEngine.MeshFilter;UnityEngine.MeshRenderer","",0.0025999997742474079
"Assets/_Project/Prefabs/Ships/Ship_Light_root (копия с компьютера DESKTOP-K00O7HK).prefab","Ship_Light_root (копия с компьютера DESKTOP-K00O7HK)[0]/project-c_ship_light_base_SHIP_GameReady[14]/BOARDING_RAMP_POST_2.90_-2.45[14]",true,"UnityEngine.Transform;UnityEngine.MeshFilter;UnityEngine.MeshRenderer","",0.0025999997742474079
"Assets/_Project/Prefabs/Ships/Ship_Light_root (копия с компьютера DESKTOP-K00O7HK).prefab","Ship_Light_root (копия с компьютера DESKTOP-K00O7HK)[0]/project-c_ship_light_base_SHIP_GameReady[14]/BOARDING_RAMP_POST_2.90_-3.05[15]",true,"UnityEngine.Transform;UnityEngine.MeshFilter;UnityEngine.MeshRenderer","",0.0025999997742474079
"Assets/_Project/Prefabs/Ships/Ship_Light_root (копия с компьютера DESKTOP-K00O7HK).prefab","Ship_Light_root (копия с компьютера DESKTOP-K00O7HK)[0]/project-c_ship_light_base_SHIP_GameReady[14]/BOARDING_RAMP_RAIL_L[16]",true,"UnityEngine.Transform;UnityEngine.MeshFilter;UnityEngine.MeshRenderer","",0.010249999351799488
"Assets/_Project/Prefabs/Ships/Ship_Light_root (копия с компьютера DESKTOP-K00O7HK).prefab","Ship_Light_root (копия с компьютера DESKTOP-K00O7HK)[0]/project-c_ship_light_base_SHIP_GameReady[14]/BOARDING_RAMP_RAIL_R[17]",true,"UnityEngine.Transform;UnityEngine.MeshFilter;UnityEngine.MeshRenderer","",0.010249999351799488
"Assets/_Project/Prefabs/Ships/Ship_Light_root (копия с компьютера DESKTOP-K00O7HK).prefab","Ship_Light_root (копия с компьютера DESKTOP-K00O7HK)[0]/project-c_ship_light_base_SHIP_GameReady[14]/CABIN_ACCESS_DOOR[18]",true,"UnityEngine.Transform;UnityEngine.MeshFilter;UnityEngine.MeshRenderer","",0.0077499994076788425
"Assets/_Project/Prefabs/Ships/Ship_Light_root (копия с компьютера DESKTOP-K00O7HK).prefab","Ship_Light_root (копия с компьютера DESKTOP-K00O7HK)[0]/project-c_ship_light_base_SHIP_GameReady[14]/CABIN_ANTENNA_BASE[19]",true,"UnityEngine.Transform;UnityEngine.MeshFilter;UnityEngine.MeshRenderer","",0.0018000000854954123
"Assets/_Project/Prefabs/Ships/Ship_Light_root (копия с компьютера DESKTOP-K00O7HK).prefab","Ship_Light_root (копия с компьютера DESKTOP-K00O7HK)[0]/project-c_ship_light_base_SHIP_GameReady[14]/CABIN_ANTENNA_COLLAR[20]",true,"UnityEngine.Transform;UnityEngine.MeshFilter;UnityEngine.MeshRenderer","",0.0017500000540167093
"Assets/_Project/Prefabs/Ships/Ship_Light_root (копия с компьютера DESKTOP-K00O7HK).prefab","Ship_Light_root (копия с компьютера DESKTOP-K00O7HK)[0]/project-c_ship_light_base_SHIP_GameReady[14]/CABIN_BASE[21]",true,"UnityEngine.Transform;UnityEngine.MeshFilter;UnityEngine.MeshRenderer","",0.020250000059604645
"Assets/_Project/Prefabs/Ships/Ship_Light_root (копия с компьютера DESKTOP-K00O7HK).prefab","Ship_Light_root (копия с компьютера DESKTOP-K00O7HK)[0]/project-c_ship_light_base_SHIP_GameReady[14]/CABIN_BENCH_BACK[22]",true,"UnityEngine.Transform;UnityEngine.MeshFilter;UnityEngine.MeshRenderer","",0.011749999597668648
"Assets/_Project/Prefabs/Ships/Ship_Light_root (копия с компьютера DESKTOP-K00O7HK).prefab","Ship_Light_root (копия с компьютера DESKTOP-K00O7HK)[0]/project-c_ship_light_base_SHIP_GameReady[14]/CABIN_BENCH_SEAT[23]",true,"UnityEngine.Transform;UnityEngine.MeshFilter;UnityEngine.MeshRenderer","",0.011749999597668648
"Assets/_Project/Prefabs/Ships/Ship_Light_root (копия с компьютера DESKTOP-K00O7HK).prefab","Ship_Light_root (копия с компьютера DESKTOP-K00O7HK)[0]/project-c_ship_light_base_SHIP_GameReady[14]/CABIN_CONSOLE[24]",true,"UnityEngine.Transform;UnityEngine.MeshFilter;UnityEngine.MeshRenderer","",0.0044999998062849045
"Assets/_Project/Prefabs/Ships/Ship_Light_root (копия с компьютера DESKTOP-K00O7HK).prefab","Ship_Light_root (копия с компьютера DESKTOP-K00O7HK)[0]/project-c_ship_light_base_SHIP_GameReady[14]/CABIN_CONTROL_LEVER_-0.49[25]",true,"UnityEngine.Transform;UnityEngine.MeshFilter;UnityEngine.MeshRenderer","",0.0012499999720603228
"Assets/_Project/Prefabs/Ships/Ship_Light_root (копия с компьютера DESKTOP-K00O7HK).prefab","Ship_Light_root (копия с компьютера DESKTOP-K00O7HK)[0]/project-c_ship_light_base_SHIP_GameReady[14]/CABIN_CONTROL_LEVER_-0.72[26]",true,"UnityEngine.Transform;UnityEngine.MeshFilter;UnityEngine.MeshRenderer","",0.0012499999720603228
"Assets/_Project/Prefabs/Ships/Ship_Light_root (копия с компьютера DESKTOP-K00O7HK).prefab","Ship_Light_root (копия с компьютера DESKTOP-K00O7HK)[0]/project-c_ship_light_base_SHIP_GameReady[14]/CABIN_CONTROL_LEVER_-0.95[27]",true,"UnityEngine.Transform;UnityEngine.MeshFilter;UnityEngine.MeshRenderer","",0.0012499999720603228
"Assets/_Project/Prefabs/Ships/Ship_Light_root (копия с компьютера DESKTOP-K00O7HK).prefab","Ship_Light_root (копия с компьютера DESKTOP-K00O7HK)[0]/project-c_ship_light_base_SHIP_GameReady[14]/CABIN_CONTROL_PANEL[28]",true,"UnityEngine.Transform;UnityEngine.MeshFilter;UnityEngine.MeshRenderer","",0.0038999996613711119
"Assets/_Project/Prefabs/Ships/Ship_Light_root (копия с компьютера DESKTOP-K00O7HK).prefab","Ship_Light_root (копия с компьютера DESKTOP-K00O7HK)[0]/project-c_ship_light_base_SHIP_GameReady[14]/CABIN_DETAIL_FRONT_MULLION_+0.42[29]",true,"UnityEngine.Transform;UnityEngine.MeshFilter;UnityEngine.MeshRenderer","",0.005249999463558197
"Assets/_Project/Prefabs/Ships/Ship_Light_root (копия с компьютера DESKTOP-K00O7HK).prefab","Ship_Light_root (копия с компьютера DESKTOP-K00O7HK)[0]/project-c_ship_light_base_SHIP_GameReady[14]/CABIN_DETAIL_FRONT_MULLION_+1.25[30]",true,"UnityEngine.Transform;UnityEngine.MeshFilter;UnityEngine.MeshRenderer","",0.005249999463558197
"Assets/_Project/Prefabs/Ships/Ship_Light_root (копия с компьютера DESKTOP-K00O7HK).prefab","Ship_Light_root (копия с компьютера DESKTOP-K00O7HK)[0]/project-c_ship_light_base_SHIP_GameReady[14]/CABIN_DETAIL_FRONT_MULLION_-0.42[31]",true,"UnityEngine.Transform;UnityEngine.MeshFilter;UnityEngine.MeshRenderer","",0.005249999463558197
"Assets/_Project/Prefabs/Ships/Ship_Light_root (копия с компьютера DESKTOP-K00O7HK).prefab","Ship_Light_root (копия с компьютера DESKTOP-K00O7HK)[0]/project-c_ship_light_base_SHIP_GameReady[14]/CABIN_DETAIL_FRONT_MULLION_-1.25[32]",true,"UnityEngine.Transform;UnityEngine.MeshFilter;UnityEngine.MeshRenderer","",0.005249999463558197
"Assets/_Project/Prefabs/Ships/Ship_Light_root (копия с компьютера DESKTOP-K00O7HK).prefab","Ship_Light_root (копия с компьютера DESKTOP-K00O7HK)[0]/project-c_ship_light_base_SHIP_GameReady[14]/CABIN_DETAIL_FRONT_WORKLIGHT_+1.45[33]",true,"UnityEngine.Transform;UnityEngine.MeshFilter;UnityEngine.MeshRenderer","",0.0011999999405816197
"Assets/_Project/Prefabs/Ships/Ship_Light_root (копия с компьютера DESKTOP-K00O7HK).prefab","Ship_Light_root (копия с компьютера DESKTOP-K00O7HK)[0]/project-c_ship_light_base_SHIP_GameReady[14]/CABIN_DETAIL_FRONT_WORKLIGHT_-1.45[34]",true,"UnityEngine.Transform;UnityEngine.MeshFilter;UnityEngine.MeshRenderer","",0.0011999999405816197
"Assets/_Project/Prefabs/Ships/Ship_Light_root (копия с компьютера DESKTOP-K00O7HK).prefab","Ship_Light_root (копия с компьютера DESKTOP-K00O7HK)[0]/project-c_ship_light_base_SHIP_GameReady[14]/CABIN_DETAIL_WINDOW_HEADER_L[35]",true,"UnityEngine.Transform;UnityEngine.MeshFilter;UnityEngine.MeshRenderer","",0.012299999594688416
"Assets/_Project/Prefabs/Ships/Ship_Light_root (копия с компьютера DESKTOP-K00O7HK).prefab","Ship_Light_root (копия с компьютера DESKTOP-K00O7HK)[0]/project-c_ship_light_base_SHIP_GameReady[14]/CABIN_DETAIL_WINDOW_HEADER_R[36]",true,"UnityEngine.Transform;UnityEngine.MeshFilter;UnityEngine.MeshRenderer","",0.012299999594688416
"Assets/_Project/Prefabs/Ships/Ship_Light_root (копия с компьютера DESKTOP-K00O7HK).prefab","Ship_Light_root (копия с компьютера DESKTOP-K00O7HK)[0]/project-c_ship_light_base_SHIP_GameReady[14]/CABIN_DETAIL_WINDOW_POST_L_1.48[37]",true,"UnityEngine.Transform;UnityEngine.MeshFilter;UnityEngine.MeshRenderer","",0.0054999999701976776
"Assets/_Project/Prefabs/Ships/Ship_Light_root (копия с компьютера DESKTOP-K00O7HK).prefab","Ship_Light_root (копия с компьютера DESKTOP-K00O7HK)[0]/project-c_ship_light_base_SHIP_GameReady[14]/CABIN_DETAIL_WINDOW_POST_L_3.82[38]",true,"UnityEngine.Transform;UnityEngine.MeshFilter;UnityEngine.MeshRenderer","",0.0054999999701976776
"Assets/_Project/Prefabs/Ships/Ship_Light_root (копия с компьютера DESKTOP-K00O7HK).prefab","Ship_Light_root (копия с компьютера DESKTOP-K00O7HK)[0]/project-c_ship_light_base_SHIP_GameReady[14]/CABIN_DETAIL_WINDOW_POST_R_1.48[39]",true,"UnityEngine.Transform;UnityEngine.MeshFilter;UnityEngine.MeshRenderer","",0.0054999999701976776
"Assets/_Project/Prefabs/Ships/Ship_Light_root (копия с компьютера DESKTOP-K00O7HK).prefab","Ship_Light_root (копия с компьютера DESKTOP-K00O7HK)[0]/project-c_ship_light_base_SHIP_GameReady[14]/CABIN_DETAIL_WINDOW_POST_R_3.82[40]",true,"UnityEngine.Transform;UnityEngine.MeshFilter;UnityEngine.MeshRenderer","",0.0054999999701976776
"Assets/_Project/Prefabs/Ships/Ship_Light_root (копия с компьютера DESKTOP-K00O7HK).prefab","Ship_Light_root (копия с компьютера DESKTOP-K00O7HK)[0]/project-c_ship_light_base_SHIP_GameReady[14]/CABIN_DETAIL_WINDOW_SILL_L[41]",true,"UnityEngine.Transform;UnityEngine.MeshFilter;UnityEngine.MeshRenderer","",0.012299999594688416
"Assets/_Project/Prefabs/Ships/Ship_Light_root (копия с компьютера DESKTOP-K00O7HK).prefab","Ship_Light_root (копия с компьютера DESKTOP-K00O7HK)[0]/project-c_ship_light_base_SHIP_GameReady[14]/CABIN_DETAIL_WINDOW_SILL_R[42]",true,"UnityEngine.Transform;UnityEngine.MeshFilter;UnityEngine.MeshRenderer","",0.012299999594688416
"Assets/_Project/Prefabs/Ships/Ship_Light_root (копия с компьютера DESKTOP-K00O7HK).prefab","Ship_Light_root (копия с компьютера DESKTOP-K00O7HK)[0]/project-c_ship_light_base_SHIP_GameReady[14]/CABIN_DOOR_HINGE_+0.50[43]",true,"UnityEngine.Transform;UnityEngine.MeshFilter;UnityEngine.MeshRenderer","",0.00090000004274770617
"Assets/_Project/Prefabs/Ships/Ship_Light_root (копия с компьютера DESKTOP-K00O7HK).prefab","Ship_Light_root (копия с компьютера DESKTOP-K00O7HK)[0]/project-c_ship_light_base_SHIP_GameReady[14]/CABIN_DOOR_HINGE_-0.50[44]",true,"UnityEngine.Transform;UnityEngine.MeshFilter;UnityEngine.MeshRenderer","",0.00090000004274770617
"Assets/_Project/Prefabs/Ships/Ship_Light_root (копия с компьютера DESKTOP-K00O7HK).prefab","Ship_Light_root (копия с компьютера DESKTOP-K00O7HK)[0]/project-c_ship_light_base_SHIP_GameReady[14]/CABIN_ENTRY_DOOR_HEADER[45]",true,"UnityEngine.Transform;UnityEngine.MeshFilter;UnityEngine.MeshRenderer","",0.0063000000081956387
"Assets/_Project/Prefabs/Ships/Ship_Light_root (копия с компьютера DESKTOP-K00O7HK).prefab","Ship_Light_root (копия с компьютера DESKTOP-K00O7HK)[0]/project-c_ship_light_base_SHIP_GameReady[14]/CABIN_ENTRY_DOOR_JAMB_FRONT[46]",true,"UnityEngine.Transform;UnityEngine.MeshFilter;UnityEngine.MeshRenderer","",0.00800000037997961
"Assets/_Project/Prefabs/Ships/Ship_Light_root (копия с компьютера DESKTOP-K00O7HK).prefab","Ship_Light_root (копия с компьютера DESKTOP-K00O7HK)[0]/project-c_ship_light_base_SHIP_GameReady[14]/CABIN_ENTRY_DOOR_JAMB_REAR[47]",true,"UnityEngine.Transform;UnityEngine.MeshFilter;UnityEngine.MeshRenderer","",0.00800000037997961
"Assets/_Project/Prefabs/Ships/Ship_Light_root (копия с компьютера DESKTOP-K00O7HK).prefab","Ship_Light_root (копия с компьютера DESKTOP-K00O7HK)[0]/project-c_ship_light_base_SHIP_GameReady[14]/CABIN_ENTRY_DOOR_PIVOT[48]",true,"UnityEngine.Transform;UnityEngine.MeshCollider;ProjectC.Ship.DoorController","",
"Assets/_Project/Prefabs/Ships/Ship_Light_root (копия с компьютера DESKTOP-K00O7HK).prefab","Ship_Light_root (копия с компьютера DESKTOP-K00O7HK)[0]/project-c_ship_light_base_SHIP_GameReady[14]/CABIN_ENTRY_DOOR_PIVOT[48]/CABIN_ENTRY_DOOR_LEAF[0]",true,"UnityEngine.Transform;UnityEngine.MeshFilter;UnityEngine.MeshRenderer","",0.00879999902099371
"Assets/_Project/Prefabs/Ships/Ship_Light_root (копия с компьютера DESKTOP-K00O7HK).prefab","Ship_Light_root (копия с компьютера DESKTOP-K00O7HK)[0]/project-c_ship_light_base_SHIP_GameReady[14]/CABIN_ENTRY_DOOR_TRANSOM[49]",true,"UnityEngine.Transform;UnityEngine.MeshFilter;UnityEngine.MeshRenderer","",0.0050999997183680534
"Assets/_Project/Prefabs/Ships/Ship_Light_root (копия с компьютера DESKTOP-K00O7HK).prefab","Ship_Light_root (копия с компьютера DESKTOP-K00O7HK)[0]/project-c_ship_light_base_SHIP_GameReady[14]/CABIN_ENTRY_SIDE_L_FRONT_PANEL[50]",true,"UnityEngine.Transform;UnityEngine.MeshFilter;UnityEngine.MeshRenderer","",0.0058499998413026333
"Assets/_Project/Prefabs/Ships/Ship_Light_root (копия с компьютера DESKTOP-K00O7HK).prefab","Ship_Light_root (копия с компьютера DESKTOP-K00O7HK)[0]/project-c_ship_light_base_SHIP_GameReady[14]/CABIN_ENTRY_SIDE_L_FRONT_WINDOW[51]",true,"UnityEngine.Transform;UnityEngine.MeshFilter;UnityEngine.MeshRenderer","",0.0054999999701976776
"Assets/_Project/Prefabs/Ships/Ship_Light_root (копия с компьютера DESKTOP-K00O7HK).prefab","Ship_Light_root (копия с компьютера DESKTOP-K00O7HK)[0]/project-c_ship_light_base_SHIP_GameReady[14]/CABIN_ENTRY_SIDE_L_REAR_PANEL[52]",true,"UnityEngine.Transform;UnityEngine.MeshFilter;UnityEngine.MeshRenderer","",0.0047499998472630978
"Assets/_Project/Prefabs/Ships/Ship_Light_root (копия с компьютера DESKTOP-K00O7HK).prefab","Ship_Light_root (копия с компьютера DESKTOP-K00O7HK)[0]/project-c_ship_light_base_SHIP_GameReady[14]/CABIN_ENTRY_SIDE_L_REAR_WINDOW[53]",true,"UnityEngine.Transform;UnityEngine.MeshFilter;UnityEngine.MeshRenderer","",0.0054999999701976776
"Assets/_Project/Prefabs/Ships/Ship_Light_root (копия с компьютера DESKTOP-K00O7HK).prefab","Ship_Light_root (копия с компьютера DESKTOP-K00O7HK)[0]/project-c_ship_light_base_SHIP_GameReady[14]/CABIN_ENTRY_THRESHOLD[54]",true,"UnityEngine.Transform;UnityEngine.MeshFilter;UnityEngine.MeshRenderer","",0.0057999999262392521
"Assets/_Project/Prefabs/Ships/Ship_Light_root (копия с компьютера DESKTOP-K00O7HK).prefab","Ship_Light_root (копия с компьютера DESKTOP-K00O7HK)[0]/project-c_ship_light_base_SHIP_GameReady[14]/CABIN_FRAME_POST_+1.35_+1.78[55]",true,"UnityEngine.Transform;UnityEngine.MeshFilter;UnityEngine.MeshRenderer","",0.0097500002011656761
"Assets/_Project/Prefabs/Ships/Ship_Light_root (копия с компьютера DESKTOP-K00O7HK).prefab","Ship_Light_root (копия с компьютера DESKTOP-K00O7HK)[0]/project-c_ship_light_base_SHIP_GameReady[14]/CABIN_FRAME_POST_+1.35_-1.78[56]",true,"UnityEngine.Transform;UnityEngine.MeshFilter;UnityEngine.MeshRenderer","",0.0097500002011656761
"Assets/_Project/Prefabs/Ships/Ship_Light_root (копия с компьютера DESKTOP-K00O7HK).prefab","Ship_Light_root (копия с компьютера DESKTOP-K00O7HK)[0]/project-c_ship_light_base_SHIP_GameReady[14]/CABIN_FRAME_POST_+3.95_+1.78[57]",true,"UnityEngine.Transform;UnityEngine.MeshFilter;UnityEngine.MeshRenderer","",0.0097500002011656761
"Assets/_Project/Prefabs/Ships/Ship_Light_root (копия с компьютера DESKTOP-K00O7HK).prefab","Ship_Light_root (копия с компьютера DESKTOP-K00O7HK)[0]/project-c_ship_light_base_SHIP_GameReady[14]/CABIN_FRAME_POST_+3.95_-1.78[58]",true,"UnityEngine.Transform;UnityEngine.MeshFilter;UnityEngine.MeshRenderer","",0.0097500002011656761
"Assets/_Project/Prefabs/Ships/Ship_Light_root (копия с компьютера DESKTOP-K00O7HK).prefab","Ship_Light_root (копия с компьютера DESKTOP-K00O7HK)[0]/project-c_ship_light_base_SHIP_GameReady[14]/CABIN_FRONT_HEADER[59]",true,"UnityEngine.Transform;UnityEngine.MeshFilter;UnityEngine.MeshRenderer","",0.019749999046325684
"Assets/_Project/Prefabs/Ships/Ship_Light_root (копия с компьютера DESKTOP-K00O7HK).prefab","Ship_Light_root (копия с компьютера DESKTOP-K00O7HK)[0]/project-c_ship_light_base_SHIP_GameReady[14]/CABIN_FRONT_LOWER[60]",true,"UnityEngine.Transform;UnityEngine.MeshFilter;UnityEngine.MeshRenderer","",0.01874999888241291
"Assets/_Project/Prefabs/Ships/Ship_Light_root (копия с компьютера DESKTOP-K00O7HK).prefab","Ship_Light_root (копия с компьютера DESKTOP-K00O7HK)[0]/project-c_ship_light_base_SHIP_GameReady[14]/CABIN_FRONT_WINDSHIELD[61]",true,"UnityEngine.Transform;UnityEngine.MeshFilter;UnityEngine.MeshRenderer","",0.017249999567866325
"Assets/_Project/Prefabs/Ships/Ship_Light_root (копия с компьютера DESKTOP-K00O7HK).prefab","Ship_Light_root (копия с компьютера DESKTOP-K00O7HK)[0]/project-c_ship_light_base_SHIP_GameReady[14]/CABIN_ID_PLATE[62]",true,"UnityEngine.Transform;UnityEngine.MeshFilter;UnityEngine.MeshRenderer","",0.00624999962747097
"Assets/_Project/Prefabs/Ships/Ship_Light_root (копия с компьютера DESKTOP-K00O7HK).prefab","Ship_Light_root (копия с компьютера DESKTOP-K00O7HK)[0]/project-c_ship_light_base_SHIP_GameReady[14]/CABIN_REAR_WALL[63]",true,"UnityEngine.Transform;UnityEngine.MeshFilter;UnityEngine.MeshRenderer","",0.01874999888241291
"Assets/_Project/Prefabs/Ships/Ship_Light_root (копия с компьютера DESKTOP-K00O7HK).prefab","Ship_Light_root (копия с компьютера DESKTOP-K00O7HK)[0]/project-c_ship_light_base_SHIP_GameReady[14]/CABIN_ROOF_BOLT_L_0[64]",true,"UnityEngine.Transform;UnityEngine.MeshFilter;UnityEngine.MeshRenderer","",0.00032000002101995051
"Assets/_Project/Prefabs/Ships/Ship_Light_root (копия с компьютера DESKTOP-K00O7HK).prefab","Ship_Light_root (копия с компьютера DESKTOP-K00O7HK)[0]/project-c_ship_light_base_SHIP_GameReady[14]/CABIN_ROOF_BOLT_L_1[65]",true,"UnityEngine.Transform;UnityEngine.MeshFilter;UnityEngine.MeshRenderer","",0.00032000002101995051
"Assets/_Project/Prefabs/Ships/Ship_Light_root (копия с компьютера DESKTOP-K00O7HK).prefab","Ship_Light_root (копия с компьютера DESKTOP-K00O7HK)[0]/project-c_ship_light_base_SHIP_GameReady[14]/CABIN_ROOF_BOLT_L_2[66]",true,"UnityEngine.Transform;UnityEngine.MeshFilter;UnityEngine.MeshRenderer","",0.00032000002101995051
"Assets/_Project/Prefabs/Ships/Ship_Light_root (копия с компьютера DESKTOP-K00O7HK).prefab","Ship_Light_root (копия с компьютера DESKTOP-K00O7HK)[0]/project-c_ship_light_base_SHIP_GameReady[14]/CABIN_ROOF_BOLT_L_3[67]",true,"UnityEngine.Transform;UnityEngine.MeshFilter;UnityEngine.MeshRenderer","",0.00032000002101995051
"Assets/_Project/Prefabs/Ships/Ship_Light_root (копия с компьютера DESKTOP-K00O7HK).prefab","Ship_Light_root (копия с компьютера DESKTOP-K00O7HK)[0]/project-c_ship_light_base_SHIP_GameReady[14]/CABIN_ROOF_BOLT_R_0[68]",true,"UnityEngine.Transform;UnityEngine.MeshFilter;UnityEngine.MeshRenderer","",0.00032000002101995051
"Assets/_Project/Prefabs/Ships/Ship_Light_root (копия с компьютера DESKTOP-K00O7HK).prefab","Ship_Light_root (копия с компьютера DESKTOP-K00O7HK)[0]/project-c_ship_light_base_SHIP_GameReady[14]/CABIN_ROOF_BOLT_R_1[69]",true,"UnityEngine.Transform;UnityEngine.MeshFilter;UnityEngine.MeshRenderer","",0.00032000002101995051
"Assets/_Project/Prefabs/Ships/Ship_Light_root (копия с компьютера DESKTOP-K00O7HK).prefab","Ship_Light_root (копия с компьютера DESKTOP-K00O7HK)[0]/project-c_ship_light_base_SHIP_GameReady[14]/CABIN_ROOF_BOLT_R_2[70]",true,"UnityEngine.Transform;UnityEngine.MeshFilter;UnityEngine.MeshRenderer","",0.00032000002101995051
"Assets/_Project/Prefabs/Ships/Ship_Light_root (копия с компьютера DESKTOP-K00O7HK).prefab","Ship_Light_root (копия с компьютера DESKTOP-K00O7HK)[0]/project-c_ship_light_base_SHIP_GameReady[14]/CABIN_ROOF_BOLT_R_3[71]",true,"UnityEngine.Transform;UnityEngine.MeshFilter;UnityEngine.MeshRenderer","",0.00032000002101995051
"Assets/_Project/Prefabs/Ships/Ship_Light_root (копия с компьютера DESKTOP-K00O7HK).prefab","Ship_Light_root (копия с компьютера DESKTOP-K00O7HK)[0]/project-c_ship_light_base_SHIP_GameReady[14]/CABIN_ROOF_EDGE_RAIL_L[72]",true,"UnityEngine.Transform;UnityEngine.MeshFilter;UnityEngine.MeshRenderer","",0.014249999076128006
"Assets/_Project/Prefabs/Ships/Ship_Light_root (копия с компьютера DESKTOP-K00O7HK).prefab","Ship_Light_root (копия с компьютера DESKTOP-K00O7HK)[0]/project-c_ship_light_base_SHIP_GameReady[14]/CABIN_ROOF_EDGE_RAIL_R[73]",true,"UnityEngine.Transform;UnityEngine.MeshFilter;UnityEngine.MeshRenderer","",0.014249999076128006
"Assets/_Project/Prefabs/Ships/Ship_Light_root (копия с компьютера DESKTOP-K00O7HK).prefab","Ship_Light_root (копия с компьютера DESKTOP-K00O7HK)[0]/project-c_ship_light_base_SHIP_GameReady[14]/CABIN_ROOF_FRAME[74]",true,"UnityEngine.Transform;UnityEngine.MeshFilter;UnityEngine.MeshRenderer","",0.020799998193979263
"Assets/_Project/Prefabs/Ships/Ship_Light_root (копия с компьютера DESKTOP-K00O7HK).prefab","Ship_Light_root (копия с компьютера DESKTOP-K00O7HK)[0]/project-c_ship_light_base_SHIP_GameReady[14]/CABIN_ROOF_HATCH[75]",true,"UnityEngine.Transform;UnityEngine.MeshFilter;UnityEngine.MeshRenderer","",0.0036000001709908247
"Assets/_Project/Prefabs/Ships/Ship_Light_root (копия с компьютера DESKTOP-K00O7HK).prefab","Ship_Light_root (копия с компьютера DESKTOP-K00O7HK)[0]/project-c_ship_light_base_SHIP_GameReady[14]/CABIN_ROOF_HATCH_BOLT_1.78_0.70[76]",true,"UnityEngine.Transform;UnityEngine.MeshFilter;UnityEngine.MeshRenderer","",0.00028000000747852027
"Assets/_Project/Prefabs/Ships/Ship_Light_root (копия с компьютера DESKTOP-K00O7HK).prefab","Ship_Light_root (копия с компьютера DESKTOP-K00O7HK)[0]/project-c_ship_light_base_SHIP_GameReady[14]/CABIN_ROOF_HATCH_BOLT_1.78_1.20[77]",true,"UnityEngine.Transform;UnityEngine.MeshFilter;UnityEngine.MeshRenderer","",0.00028000000747852027
"Assets/_Project/Prefabs/Ships/Ship_Light_root (копия с компьютера DESKTOP-K00O7HK).prefab","Ship_Light_root (копия с компьютера DESKTOP-K00O7HK)[0]/project-c_ship_light_base_SHIP_GameReady[14]/CABIN_ROOF_HATCH_BOLT_2.22_0.70[78]",true,"UnityEngine.Transform;UnityEngine.MeshFilter;UnityEngine.MeshRenderer","",0.00028000000747852027
"Assets/_Project/Prefabs/Ships/Ship_Light_root (копия с компьютера DESKTOP-K00O7HK).prefab","Ship_Light_root (копия с компьютера DESKTOP-K00O7HK)[0]/project-c_ship_light_base_SHIP_GameReady[14]/CABIN_ROOF_HATCH_BOLT_2.22_1.20[79]",true,"UnityEngine.Transform;UnityEngine.MeshFilter;UnityEngine.MeshRenderer","",0.00028000000747852027
"Assets/_Project/Prefabs/Ships/Ship_Light_root (копия с компьютера DESKTOP-K00O7HK).prefab","Ship_Light_root (копия с компьютера DESKTOP-K00O7HK)[0]/project-c_ship_light_base_SHIP_GameReady[14]/CABIN_ROOF_HATCH_HANDLE[80]",true,"UnityEngine.Transform;UnityEngine.MeshFilter;UnityEngine.MeshRenderer","",0.001299999887123704
"Assets/_Project/Prefabs/Ships/Ship_Light_root (копия с компьютера DESKTOP-K00O7HK).prefab","Ship_Light_root (копия с компьютера DESKTOP-K00O7HK)[0]/project-c_ship_light_base_SHIP_GameReady[14]/CABIN_ROOF_PANEL[81]",true,"UnityEngine.Transform;UnityEngine.MeshFilter;UnityEngine.MeshRenderer;UnityEngine.MeshCollider","",0.020099999383091927
"Assets/_Project/Prefabs/Ships/Ship_Light_root (копия с компьютера DESKTOP-K00O7HK).prefab","Ship_Light_root (копия с компьютера DESKTOP-K00O7HK)[0]/project-c_ship_light_base_SHIP_GameReady[14]/CABIN_ROOF_RIB_01[82]",true,"UnityEngine.Transform;UnityEngine.MeshFilter;UnityEngine.MeshRenderer","",0.020399998873472214
"Assets/_Project/Prefabs/Ships/Ship_Light_root (копия с компьютера DESKTOP-K00O7HK).prefab","Ship_Light_root (копия с компьютера DESKTOP-K00O7HK)[0]/project-c_ship_light_base_SHIP_GameReady[14]/CABIN_ROOF_RIB_02[83]",true,"UnityEngine.Transform;UnityEngine.MeshFilter;UnityEngine.MeshRenderer","",0.020399998873472214
"Assets/_Project/Prefabs/Ships/Ship_Light_root (копия с компьютера DESKTOP-K00O7HK).prefab","Ship_Light_root (копия с компьютера DESKTOP-K00O7HK)[0]/project-c_ship_light_base_SHIP_GameReady[14]/CABIN_ROOF_RIB_03[84]",true,"UnityEngine.Transform;UnityEngine.MeshFilter;UnityEngine.MeshRenderer","",0.020399998873472214
"Assets/_Project/Prefabs/Ships/Ship_Light_root (копия с компьютера DESKTOP-K00O7HK).prefab","Ship_Light_root (копия с компьютера DESKTOP-K00O7HK)[0]/project-c_ship_light_base_SHIP_GameReady[14]/CABIN_SERVICE_DOOR_BOLT_1.82[85]",true,"UnityEngine.Transform;UnityEngine.MeshFilter;UnityEngine.MeshRenderer","",0.0003499999875202775
"Assets/_Project/Prefabs/Ships/Ship_Light_root (копия с компьютера DESKTOP-K00O7HK).prefab","Ship_Light_root (копия с компьютера DESKTOP-K00O7HK)[0]/project-c_ship_light_base_SHIP_GameReady[14]/CABIN_SERVICE_DOOR_BOLT_2.90[86]",true,"UnityEngine.Transform;UnityEngine.MeshFilter;UnityEngine.MeshRenderer","",0.0003499999875202775
"Assets/_Project/Prefabs/Ships/Ship_Light_root (копия с компьютера DESKTOP-K00O7HK).prefab","Ship_Light_root (копия с компьютера DESKTOP-K00O7HK)[0]/project-c_ship_light_base_SHIP_GameReady[14]/CABIN_SERVICE_GRAB_L_0[87]",true,"UnityEngine.Transform;UnityEngine.MeshFilter;UnityEngine.MeshRenderer","",0.00086023297626525164
"Assets/_Project/Prefabs/Ships/Ship_Light_root (копия с компьютера DESKTOP-K00O7HK).prefab","Ship_Light_root (копия с компьютера DESKTOP-K00O7HK)[0]/project-c_ship_light_base_SHIP_GameReady[14]/CABIN_SERVICE_GRAB_L_1[88]",true,"UnityEngine.Transform;UnityEngine.MeshFilter;UnityEngine.MeshRenderer","",0.00086023268522694707
"Assets/_Project/Prefabs/Ships/Ship_Light_root (копия с компьютера DESKTOP-K00O7HK).prefab","Ship_Light_root (копия с компьютера DESKTOP-K00O7HK)[0]/project-c_ship_light_base_SHIP_GameReady[14]/CABIN_SERVICE_GRAB_L_2[89]",true,"UnityEngine.Transform;UnityEngine.MeshFilter;UnityEngine.MeshRenderer","",0.000860233383718878
"Assets/_Project/Prefabs/Ships/Ship_Light_root (копия с компьютера DESKTOP-K00O7HK).prefab","Ship_Light_root (копия с компьютера DESKTOP-K00O7HK)[0]/project-c_ship_light_base_SHIP_GameReady[14]/CABIN_SIDE_LOWER_R[90]",true,"UnityEngine.Transform;UnityEngine.MeshFilter;UnityEngine.MeshRenderer","",0.012749999761581421
"Assets/_Project/Prefabs/Ships/Ship_Light_root (копия с компьютера DESKTOP-K00O7HK).prefab","Ship_Light_root (копия с компьютера DESKTOP-K00O7HK)[0]/project-c_ship_light_base_SHIP_GameReady[14]/CABIN_SIDE_UPPER_L[91]",true,"UnityEngine.Transform;UnityEngine.MeshFilter;UnityEngine.MeshRenderer","",0.013749999925494194
"Assets/_Project/Prefabs/Ships/Ship_Light_root (копия с компьютера DESKTOP-K00O7HK).prefab","Ship_Light_root (копия с компьютера DESKTOP-K00O7HK)[0]/project-c_ship_light_base_SHIP_GameReady[14]/CABIN_SIDE_UPPER_R[92]",true,"UnityEngine.Transform;UnityEngine.MeshFilter;UnityEngine.MeshRenderer","",0.013749999925494194
"Assets/_Project/Prefabs/Ships/Ship_Light_root (копия с компьютера DESKTOP-K00O7HK).prefab","Ship_Light_root (копия с компьютера DESKTOP-K00O7HK)[0]/project-c_ship_light_base_SHIP_GameReady[14]/CABIN_SIDE_WINDOW_R[93]",true,"UnityEngine.Transform;UnityEngine.MeshFilter;UnityEngine.MeshRenderer","",0.011749999597668648
"Assets/_Project/Prefabs/Ships/Ship_Light_root (копия с компьютера DESKTOP-K00O7HK).prefab","Ship_Light_root (копия с компьютера DESKTOP-K00O7HK)[0]/project-c_ship_light_base_SHIP_GameReady[14]/CARGO_GUARD_BASE_L[94]",true,"UnityEngine.Transform;UnityEngine.MeshFilter;UnityEngine.MeshRenderer","",0.034499999135732651
"Assets/_Project/Prefabs/Ships/Ship_Light_root (копия с компьютера DESKTOP-K00O7HK).prefab","Ship_Light_root (копия с компьютера DESKTOP-K00O7HK)[0]/project-c_ship_light_base_SHIP_GameReady[14]/CARGO_GUARD_BASE_R[95]",true,"UnityEngine.Transform;UnityEngine.MeshFilter;UnityEngine.MeshRenderer","",0.034499999135732651
"Assets/_Project/Prefabs/Ships/Ship_Light_root (копия с компьютера DESKTOP-K00O7HK).prefab","Ship_Light_root (копия с компьютера DESKTOP-K00O7HK)[0]/project-c_ship_light_base_SHIP_GameReady[14]/CARGO_GUARD_POST_L_+1.0[96]",true,"UnityEngine.Transform;UnityEngine.MeshFilter;UnityEngine.MeshRenderer","",0.0030999998562037945
"Assets/_Project/Prefabs/Ships/Ship_Light_root (копия с компьютера DESKTOP-K00O7HK).prefab","Ship_Light_root (копия с компьютера DESKTOP-K00O7HK)[0]/project-c_ship_light_base_SHIP_GameReady[14]/CARGO_GUARD_POST_L_-0.5[97]",true,"UnityEngine.Transform;UnityEngine.MeshFilter;UnityEngine.MeshRenderer","",0.0030999998562037945
"Assets/_Project/Prefabs/Ships/Ship_Light_root (копия с компьютера DESKTOP-K00O7HK).prefab","Ship_Light_root (копия с компьютера DESKTOP-K00O7HK)[0]/project-c_ship_light_base_SHIP_GameReady[14]/CARGO_GUARD_POST_L_-2.0[98]",true,"UnityEngine.Transform;UnityEngine.MeshFilter;UnityEngine.MeshRenderer","",0.0030999998562037945
"Assets/_Project/Prefabs/Ships/Ship_Light_root (копия с компьютера DESKTOP-K00O7HK).prefab","Ship_Light_root (копия с компьютера DESKTOP-K00O7HK)[0]/project-c_ship_light_base_SHIP_GameReady[14]/CARGO_GUARD_POST_L_-3.5[99]",true,"UnityEngine.Transform;UnityEngine.MeshFilter;UnityEngine.MeshRenderer","",0.0030999998562037945
"Assets/_Project/Prefabs/Ships/Ship_Light_root (копия с компьютера DESKTOP-K00O7HK).prefab","Ship_Light_root (копия с компьютера DESKTOP-K00O7HK)[0]/project-c_ship_light_base_SHIP_GameReady[14]/CARGO_GUARD_POST_R_+1.0[100]",true,"UnityEngine.Transform;UnityEngine.MeshFilter;UnityEngine.MeshRenderer","",0.0030999998562037945
"Assets/_Project/Prefabs/Ships/Ship_Light_root (копия с компьютера DESKTOP-K00O7HK).prefab","Ship_Light_root (копия с компьютера DESKTOP-K00O7HK)[0]/project-c_ship_light_base_SHIP_GameReady[14]/CARGO_GUARD_POST_R_-0.5[101]",true,"UnityEngine.Transform;UnityEngine.MeshFilter;UnityEngine.MeshRenderer","",0.0030999998562037945
"Assets/_Project/Prefabs/Ships/Ship_Light_root (копия с компьютера DESKTOP-K00O7HK).prefab","Ship_Light_root (копия с компьютера DESKTOP-K00O7HK)[0]/project-c_ship_light_base_SHIP_GameReady[14]/CARGO_GUARD_POST_R_-2.0[102]",true,"UnityEngine.Transform;UnityEngine.MeshFilter;UnityEngine.MeshRenderer","",0.0030999998562037945
"Assets/_Project/Prefabs/Ships/Ship_Light_root (копия с компьютера DESKTOP-K00O7HK).prefab","Ship_Light_root (копия с компьютера DESKTOP-K00O7HK)[0]/project-c_ship_light_base_SHIP_GameReady[14]/CARGO_GUARD_POST_R_-3.5[103]",true,"UnityEngine.Transform;UnityEngine.MeshFilter;UnityEngine.MeshRenderer","",0.0030999998562037945
"Assets/_Project/Prefabs/Ships/Ship_Light_root (копия с компьютера DESKTOP-K00O7HK).prefab","Ship_Light_root (копия с компьютера DESKTOP-K00O7HK)[0]/project-c_ship_light_base_SHIP_GameReady[14]/CARGO_GUARD_TOP_L[104]",true,"UnityEngine.Transform;UnityEngine.MeshFilter;UnityEngine.MeshRenderer","",0.034499999135732651
"Assets/_Project/Prefabs/Ships/Ship_Light_root (копия с компьютера DESKTOP-K00O7HK).prefab","Ship_Light_root (копия с компьютера DESKTOP-K00O7HK)[0]/project-c_ship_light_base_SHIP_GameReady[14]/CARGO_GUARD_TOP_R[105]",true,"UnityEngine.Transform;UnityEngine.MeshFilter;UnityEngine.MeshRenderer","",0.034499999135732651
"Assets/_Project/Prefabs/Ships/Ship_Light_root (копия с компьютера DESKTOP-K00O7HK).prefab","Ship_Light_root (копия с компьютера DESKTOP-K00O7HK)[0]/project-c_ship_light_base_SHIP_GameReady[14]/CARGO_RESTRAINT_COLLAR_L_+0.7[106]",true,"UnityEngine.Transform;UnityEngine.MeshFilter;UnityEngine.MeshRenderer","",0.00092999998014420271
"Assets/_Project/Prefabs/Ships/Ship_Light_root (копия с компьютера DESKTOP-K00O7HK).prefab","Ship_Light_root (копия с компьютера DESKTOP-K00O7HK)[0]/project-c_ship_light_base_SHIP_GameReady[14]/CARGO_RESTRAINT_COLLAR_L_-0.3[107]",true,"UnityEngine.Transform;UnityEngine.MeshFilter;UnityEngine.MeshRenderer","",0.00092999998014420271
"Assets/_Project/Prefabs/Ships/Ship_Light_root (копия с компьютера DESKTOP-K00O7HK).prefab","Ship_Light_root (копия с компьютера DESKTOP-K00O7HK)[0]/project-c_ship_light_base_SHIP_GameReady[14]/CARGO_RESTRAINT_COLLAR_L_-1.3[108]",true,"UnityEngine.Transform;UnityEngine.MeshFilter;UnityEngine.MeshRenderer","",0.00092999998014420271
"Assets/_Project/Prefabs/Ships/Ship_Light_root (копия с компьютера DESKTOP-K00O7HK).prefab","Ship_Light_root (копия с компьютера DESKTOP-K00O7HK)[0]/project-c_ship_light_base_SHIP_GameReady[14]/CARGO_RESTRAINT_COLLAR_L_-2.3[109]",true,"UnityEngine.Transform;UnityEngine.MeshFilter;UnityEngine.MeshRenderer","",0.00092999998014420271
"Assets/_Project/Prefabs/Ships/Ship_Light_root (копия с компьютера DESKTOP-K00O7HK).prefab","Ship_Light_root (копия с компьютера DESKTOP-K00O7HK)[0]/project-c_ship_light_base_SHIP_GameReady[14]/CARGO_RESTRAINT_COLLAR_R_+0.7[110]",true,"UnityEngine.Transform;UnityEngine.MeshFilter;UnityEngine.MeshRenderer","",0.00092999998014420271
"Assets/_Project/Prefabs/Ships/Ship_Light_root (копия с компьютера DESKTOP-K00O7HK).prefab","Ship_Light_root (копия с компьютера DESKTOP-K00O7HK)[0]/project-c_ship_light_base_SHIP_GameReady[14]/CARGO_RESTRAINT_COLLAR_R_-0.3[111]",true,"UnityEngine.Transform;UnityEngine.MeshFilter;UnityEngine.MeshRenderer","",0.00092999998014420271
"Assets/_Project/Prefabs/Ships/Ship_Light_root (копия с компьютера DESKTOP-K00O7HK).prefab","Ship_Light_root (копия с компьютера DESKTOP-K00O7HK)[0]/project-c_ship_light_base_SHIP_GameReady[14]/CARGO_RESTRAINT_COLLAR_R_-1.3[112]",true,"UnityEngine.Transform;UnityEngine.MeshFilter;UnityEngine.MeshRenderer","",0.00092999998014420271
"Assets/_Project/Prefabs/Ships/Ship_Light_root (копия с компьютера DESKTOP-K00O7HK).prefab","Ship_Light_root (копия с компьютера DESKTOP-K00O7HK)[0]/project-c_ship_light_base_SHIP_GameReady[14]/CARGO_RESTRAINT_COLLAR_R_-2.3[113]",true,"UnityEngine.Transform;UnityEngine.MeshFilter;UnityEngine.MeshRenderer","",0.00092999998014420271
"Assets/_Project/Prefabs/Ships/Ship_Light_root (копия с компьютера DESKTOP-K00O7HK).prefab","Ship_Light_root (копия с компьютера DESKTOP-K00O7HK)[0]/project-c_ship_light_base_SHIP_GameReady[14]/CARGO_RESTRAINT_POST_L_+0.7[114]",true,"UnityEngine.Transform;UnityEngine.MeshFilter;UnityEngine.MeshRenderer","",0.0027499999850988388
"Assets/_Project/Prefabs/Ships/Ship_Light_root (копия с компьютера DESKTOP-K00O7HK).prefab","Ship_Light_root (копия с компьютера DESKTOP-K00O7HK)[0]/project-c_ship_light_base_SHIP_GameReady[14]/CARGO_RESTRAINT_POST_L_-0.3[115]",true,"UnityEngine.Transform;UnityEngine.MeshFilter;UnityEngine.MeshRenderer","",0.0027499999850988388
"Assets/_Project/Prefabs/Ships/Ship_Light_root (копия с компьютера DESKTOP-K00O7HK).prefab","Ship_Light_root (копия с компьютера DESKTOP-K00O7HK)[0]/project-c_ship_light_base_SHIP_GameReady[14]/CARGO_RESTRAINT_POST_L_-1.3[116]",true,"UnityEngine.Transform;UnityEngine.MeshFilter;UnityEngine.MeshRenderer","",0.0027499999850988388
"Assets/_Project/Prefabs/Ships/Ship_Light_root (копия с компьютера DESKTOP-K00O7HK).prefab","Ship_Light_root (копия с компьютера DESKTOP-K00O7HK)[0]/project-c_ship_light_base_SHIP_GameReady[14]/CARGO_RESTRAINT_POST_L_-2.3[117]",true,"UnityEngine.Transform;UnityEngine.MeshFilter;UnityEngine.MeshRenderer","",0.0027499999850988388
"Assets/_Project/Prefabs/Ships/Ship_Light_root (копия с компьютера DESKTOP-K00O7HK).prefab","Ship_Light_root (копия с компьютера DESKTOP-K00O7HK)[0]/project-c_ship_light_base_SHIP_GameReady[14]/CARGO_RESTRAINT_POST_R_+0.7[118]",true,"UnityEngine.Transform;UnityEngine.MeshFilter;UnityEngine.MeshRenderer","",0.0027499999850988388
"Assets/_Project/Prefabs/Ships/Ship_Light_root (копия с компьютера DESKTOP-K00O7HK).prefab","Ship_Light_root (копия с компьютера DESKTOP-K00O7HK)[0]/project-c_ship_light_base_SHIP_GameReady[14]/CARGO_RESTRAINT_POST_R_-0.3[119]",true,"UnityEngine.Transform;UnityEngine.MeshFilter;UnityEngine.MeshRenderer","",0.0027499999850988388
"Assets/_Project/Prefabs/Ships/Ship_Light_root (копия с компьютера DESKTOP-K00O7HK).prefab","Ship_Light_root (копия с компьютера DESKTOP-K00O7HK)[0]/project-c_ship_light_base_SHIP_GameReady[14]/CARGO_RESTRAINT_POST_R_-1.3[120]",true,"UnityEngine.Transform;UnityEngine.MeshFilter;UnityEngine.MeshRenderer","",0.0027499999850988388
"Assets/_Project/Prefabs/Ships/Ship_Light_root (копия с компьютера DESKTOP-K00O7HK).prefab","Ship_Light_root (копия с компьютера DESKTOP-K00O7HK)[0]/project-c_ship_light_base_SHIP_GameReady[14]/CARGO_RESTRAINT_POST_R_-2.3[121]",true,"UnityEngine.Transform;UnityEngine.MeshFilter;UnityEngine.MeshRenderer","",0.0027499999850988388
"Assets/_Project/Prefabs/Ships/Ship_Light_root (копия с компьютера DESKTOP-K00O7HK).prefab","Ship_Light_root (копия с компьютера DESKTOP-K00O7HK)[0]/project-c_ship_light_base_SHIP_GameReady[14]/CARGO_TIEDOWN_+0.0_+1.5[122]",true,"UnityEngine.Transform;UnityEngine.MeshFilter;UnityEngine.MeshRenderer","",0.00090000004274770617
"Assets/_Project/Prefabs/Ships/Ship_Light_root (копия с компьютера DESKTOP-K00O7HK).prefab","Ship_Light_root (копия с компьютера DESKTOP-K00O7HK)[0]/project-c_ship_light_base_SHIP_GameReady[14]/CARGO_TIEDOWN_+0.0_-1.5[123]",true,"UnityEngine.Transform;UnityEngine.MeshFilter;UnityEngine.MeshRenderer","",0.00090000004274770617
"Assets/_Project/Prefabs/Ships/Ship_Light_root (копия с компьютера DESKTOP-K00O7HK).prefab","Ship_Light_root (копия с компьютера DESKTOP-K00O7HK)[0]/project-c_ship_light_base_SHIP_GameReady[14]/CARGO_TIEDOWN_+1.5_+1.5[124]",true,"UnityEngine.Transform;UnityEngine.MeshFilter;UnityEngine.MeshRenderer","",0.00090000004274770617
"Assets/_Project/Prefabs/Ships/Ship_Light_root (копия с компьютера DESKTOP-K00O7HK).prefab","Ship_Light_root (копия с компьютера DESKTOP-K00O7HK)[0]/project-c_ship_light_base_SHIP_GameReady[14]/CARGO_TIEDOWN_+1.5_-1.5[125]",true,"UnityEngine.Transform;UnityEngine.MeshFilter;UnityEngine.MeshRenderer","",0.00090000004274770617
"Assets/_Project/Prefabs/Ships/Ship_Light_root (копия с компьютера DESKTOP-K00O7HK).prefab","Ship_Light_root (копия с компьютера DESKTOP-K00O7HK)[0]/project-c_ship_light_base_SHIP_GameReady[14]/CARGO_TIEDOWN_-1.5_+1.5[126]",true,"UnityEngine.Transform;UnityEngine.MeshFilter;UnityEngine.MeshRenderer","",0.00090000004274770617
"Assets/_Project/Prefabs/Ships/Ship_Light_root (копия с компьютера DESKTOP-K00O7HK).prefab","Ship_Light_root (копия с компьютера DESKTOP-K00O7HK)[0]/project-c_ship_light_base_SHIP_GameReady[14]/CARGO_TIEDOWN_-1.5_-1.5[127]",true,"UnityEngine.Transform;UnityEngine.MeshFilter;UnityEngine.MeshRenderer","",0.00090000004274770617
"Assets/_Project/Prefabs/Ships/Ship_Light_root (копия с компьютера DESKTOP-K00O7HK).prefab","Ship_Light_root (копия с компьютера DESKTOP-K00O7HK)[0]/project-c_ship_light_base_SHIP_GameReady[14]/CARGO_TIEDOWN_-3.0_+1.5[128]",true,"UnityEngine.Transform;UnityEngine.MeshFilter;UnityEngine.MeshRenderer","",0.00090000004274770617
"Assets/_Project/Prefabs/Ships/Ship_Light_root (копия с компьютера DESKTOP-K00O7HK).prefab","Ship_Light_root (копия с компьютера DESKTOP-K00O7HK)[0]/project-c_ship_light_base_SHIP_GameReady[14]/CARGO_TIEDOWN_-3.0_-1.5[129]",true,"UnityEngine.Transform;UnityEngine.MeshFilter;UnityEngine.MeshRenderer","",0.00090000004274770617
"Assets/_Project/Prefabs/Ships/Ship_Light_root (копия с компьютера DESKTOP-K00O7HK).prefab","Ship_Light_root (копия с компьютера DESKTOP-K00O7HK)[0]/project-c_ship_light_base_SHIP_GameReady[14]/CARGO_TIEDOWN_RING_00_L[130]",true,"UnityEngine.Transform;UnityEngine.MeshFilter;UnityEngine.MeshRenderer","",0.0013500000350177288
"Assets/_Project/Prefabs/Ships/Ship_Light_root (копия с компьютера DESKTOP-K00O7HK).prefab","Ship_Light_root (копия с компьютера DESKTOP-K00O7HK)[0]/project-c_ship_light_base_SHIP_GameReady[14]/CARGO_TIEDOWN_RING_00_R[131]",true,"UnityEngine.Transform;UnityEngine.MeshFilter;UnityEngine.MeshRenderer","",0.0013500000350177288
"Assets/_Project/Prefabs/Ships/Ship_Light_root (копия с компьютера DESKTOP-K00O7HK).prefab","Ship_Light_root (копия с компьютера DESKTOP-K00O7HK)[0]/project-c_ship_light_base_SHIP_GameReady[14]/CARGO_TIEDOWN_RING_01_L[132]",true,"UnityEngine.Transform;UnityEngine.MeshFilter;UnityEngine.MeshRenderer","",0.0013500000350177288
"Assets/_Project/Prefabs/Ships/Ship_Light_root (копия с компьютера DESKTOP-K00O7HK).prefab","Ship_Light_root (копия с компьютера DESKTOP-K00O7HK)[0]/project-c_ship_light_base_SHIP_GameReady[14]/CARGO_TIEDOWN_RING_01_R[133]",true,"UnityEngine.Transform;UnityEngine.MeshFilter;UnityEngine.MeshRenderer","",0.0013500000350177288
"Assets/_Project/Prefabs/Ships/Ship_Light_root (копия с компьютера DESKTOP-K00O7HK).prefab","Ship_Light_root (копия с компьютера DESKTOP-K00O7HK)[0]/project-c_ship_light_base_SHIP_GameReady[14]/CARGO_TIEDOWN_RING_02_L[134]",true,"UnityEngine.Transform;UnityEngine.MeshFilter;UnityEngine.MeshRenderer","",0.0013500000350177288
"Assets/_Project/Prefabs/Ships/Ship_Light_root (копия с компьютера DESKTOP-K00O7HK).prefab","Ship_Light_root (копия с компьютера DESKTOP-K00O7HK)[0]/project-c_ship_light_base_SHIP_GameReady[14]/CARGO_TIEDOWN_RING_02_R[135]",true,"UnityEngine.Transform;UnityEngine.MeshFilter;UnityEngine.MeshRenderer","",0.0013500000350177288
"Assets/_Project/Prefabs/Ships/Ship_Light_root (копия с компьютера DESKTOP-K00O7HK).prefab","Ship_Light_root (копия с компьютера DESKTOP-K00O7HK)[0]/project-c_ship_light_base_SHIP_GameReady[14]/CARGO_TIEDOWN_RING_03_L[136]",true,"UnityEngine.Transform;UnityEngine.MeshFilter;UnityEngine.MeshRenderer","",0.0013500000350177288
"Assets/_Project/Prefabs/Ships/Ship_Light_root (копия с компьютера DESKTOP-K00O7HK).prefab","Ship_Light_root (копия с компьютера DESKTOP-K00O7HK)[0]/project-c_ship_light_base_SHIP_GameReady[14]/CARGO_TIEDOWN_RING_03_R[137]",true,"UnityEngine.Transform;UnityEngine.MeshFilter;UnityEngine.MeshRenderer","",0.0013500000350177288
"Assets/_Project/Prefabs/Ships/Ship_Light_root (копия с компьютера DESKTOP-K00O7HK).prefab","Ship_Light_root (копия с компьютера DESKTOP-K00O7HK)[0]/project-c_ship_light_base_SHIP_GameReady[14]/DECK_MARKING_+1.0[138]",true,"UnityEngine.Transform;UnityEngine.MeshFilter;UnityEngine.MeshRenderer","",0.0032499998342245817
"Assets/_Project/Prefabs/Ships/Ship_Light_root (копия с компьютера DESKTOP-K00O7HK).prefab","Ship_Light_root (копия с компьютера DESKTOP-K00O7HK)[0]/project-c_ship_light_base_SHIP_GameReady[14]/DECK_MARKING_-0.3[139]",true,"UnityEngine.Transform;UnityEngine.MeshFilter;UnityEngine.MeshRenderer","",0.0032499998342245817
"Assets/_Project/Prefabs/Ships/Ship_Light_root (копия с компьютера DESKTOP-K00O7HK).prefab","Ship_Light_root (копия с компьютера DESKTOP-K00O7HK)[0]/project-c_ship_light_base_SHIP_GameReady[14]/DECK_MARKING_-1.6[140]",true,"UnityEngine.Transform;UnityEngine.MeshFilter;UnityEngine.MeshRenderer","",0.0032499998342245817
"Assets/_Project/Prefabs/Ships/Ship_Light_root (копия с компьютера DESKTOP-K00O7HK).prefab","Ship_Light_root (копия с компьютера DESKTOP-K00O7HK)[0]/project-c_ship_light_base_SHIP_GameReady[14]/DECK_MARKING_-2.9[141]",true,"UnityEngine.Transform;UnityEngine.MeshFilter;UnityEngine.MeshRenderer","",0.0032499998342245817
"Assets/_Project/Prefabs/Ships/Ship_Light_root (копия с компьютера DESKTOP-K00O7HK).prefab","Ship_Light_root (копия с компьютера DESKTOP-K00O7HK)[0]/project-c_ship_light_base_SHIP_GameReady[14]/DECK_POWER_BOX[142]",true,"UnityEngine.Transform;UnityEngine.MeshFilter;UnityEngine.MeshRenderer;ProjectC.Ship.Cargo.ShipCargoConsole","",0.0030999998562037945
"Assets/_Project/Prefabs/Ships/Ship_Light_root (копия с компьютера DESKTOP-K00O7HK).prefab","Ship_Light_root (копия с компьютера DESKTOP-K00O7HK)[0]/project-c_ship_light_base_SHIP_GameReady[14]/DECK_POWER_LAMP_1.45[143]",true,"UnityEngine.Transform;UnityEngine.MeshFilter;UnityEngine.MeshRenderer","",0.0003499999875202775
"Assets/_Project/Prefabs/Ships/Ship_Light_root (копия с компьютера DESKTOP-K00O7HK).prefab","Ship_Light_root (копия с компьютера DESKTOP-K00O7HK)[0]/project-c_ship_light_base_SHIP_GameReady[14]/DECK_POWER_LAMP_1.55[144]",true,"UnityEngine.Transform;UnityEngine.MeshFilter;UnityEngine.MeshRenderer","",0.0003499999875202775
"Assets/_Project/Prefabs/Ships/Ship_Light_root (копия с компьютера DESKTOP-K00O7HK).prefab","Ship_Light_root (копия с компьютера DESKTOP-K00O7HK)[0]/project-c_ship_light_base_SHIP_GameReady[14]/DECK_POWER_LAMP_1.65[145]",true,"UnityEngine.Transform;UnityEngine.MeshFilter;UnityEngine.MeshRenderer","",0.0003499999875202775
"Assets/_Project/Prefabs/Ships/Ship_Light_root (копия с компьютера DESKTOP-K00O7HK).prefab","Ship_Light_root (копия с компьютера DESKTOP-K00O7HK)[0]/project-c_ship_light_base_SHIP_GameReady[14]/DECK_POWER_PANEL[146]",true,"UnityEngine.Transform;UnityEngine.MeshFilter;UnityEngine.MeshRenderer","",0.0018999999156221747
"Assets/_Project/Prefabs/Ships/Ship_Light_root (копия с компьютера DESKTOP-K00O7HK).prefab","Ship_Light_root (копия с компьютера DESKTOP-K00O7HK)[0]/project-c_ship_light_base_SHIP_GameReady[14]/DECK_TREAD_00_00[147]",true,"UnityEngine.Transform;UnityEngine.MeshFilter;UnityEngine.MeshRenderer","",0.0041000000201165676
"Assets/_Project/Prefabs/Ships/Ship_Light_root (копия с компьютера DESKTOP-K00O7HK).prefab","Ship_Light_root (копия с компьютера DESKTOP-K00O7HK)[0]/project-c_ship_light_base_SHIP_GameReady[14]/DECK_TREAD_00_01[148]",true,"UnityEngine.Transform;UnityEngine.MeshFilter;UnityEngine.MeshRenderer","",0.0041000000201165676
"Assets/_Project/Prefabs/Ships/Ship_Light_root (копия с компьютера DESKTOP-K00O7HK).prefab","Ship_Light_root (копия с компьютера DESKTOP-K00O7HK)[0]/project-c_ship_light_base_SHIP_GameReady[14]/DECK_TREAD_00_02[149]",true,"UnityEngine.Transform;UnityEngine.MeshFilter;UnityEngine.MeshRenderer","",0.0041000000201165676
"Assets/_Project/Prefabs/Ships/Ship_Light_root (копия с компьютера DESKTOP-K00O7HK).prefab","Ship_Light_root (копия с компьютера DESKTOP-K00O7HK)[0]/project-c_ship_light_base_SHIP_GameReady[14]/DECK_TREAD_01_00[150]",true,"UnityEngine.Transform;UnityEngine.MeshFilter;UnityEngine.MeshRenderer","",0.0041000000201165676
"Assets/_Project/Prefabs/Ships/Ship_Light_root (копия с компьютера DESKTOP-K00O7HK).prefab","Ship_Light_root (копия с компьютера DESKTOP-K00O7HK)[0]/project-c_ship_light_base_SHIP_GameReady[14]/DECK_TREAD_01_01[151]",true,"UnityEngine.Transform;UnityEngine.MeshFilter;UnityEngine.MeshRenderer","",0.0041000000201165676
"Assets/_Project/Prefabs/Ships/Ship_Light_root (копия с компьютера DESKTOP-K00O7HK).prefab","Ship_Light_root (копия с компьютера DESKTOP-K00O7HK)[0]/project-c_ship_light_base_SHIP_GameReady[14]/DECK_TREAD_01_02[152]",true,"UnityEngine.Transform;UnityEngine.MeshFilter;UnityEngine.MeshRenderer","",0.0041000000201165676
"Assets/_Project/Prefabs/Ships/Ship_Light_root (копия с компьютера DESKTOP-K00O7HK).prefab","Ship_Light_root (копия с компьютера DESKTOP-K00O7HK)[0]/project-c_ship_light_base_SHIP_GameReady[14]/DECK_TREAD_02_00[153]",true,"UnityEngine.Transform;UnityEngine.MeshFilter;UnityEngine.MeshRenderer","",0.0041000000201165676
"Assets/_Project/Prefabs/Ships/Ship_Light_root (копия с компьютера DESKTOP-K00O7HK).prefab","Ship_Light_root (копия с компьютера DESKTOP-K00O7HK)[0]/project-c_ship_light_base_SHIP_GameReady[14]/DECK_TREAD_02_01[154]",true,"UnityEngine.Transform;UnityEngine.MeshFilter;UnityEngine.MeshRenderer","",0.0041000000201165676
"Assets/_Project/Prefabs/Ships/Ship_Light_root (копия с компьютера DESKTOP-K00O7HK).prefab","Ship_Light_root (копия с компьютера DESKTOP-K00O7HK)[0]/project-c_ship_light_base_SHIP_GameReady[14]/DECK_TREAD_02_02[155]",true,"UnityEngine.Transform;UnityEngine.MeshFilter;UnityEngine.MeshRenderer","",0.0041000000201165676
"Assets/_Project/Prefabs/Ships/Ship_Light_root (копия с компьютера DESKTOP-K00O7HK).prefab","Ship_Light_root (копия с компьютера DESKTOP-K00O7HK)[0]/project-c_ship_light_base_SHIP_GameReady[14]/DECK_TREAD_03_00[156]",true,"UnityEngine.Transform;UnityEngine.MeshFilter;UnityEngine.MeshRenderer","",0.0041000000201165676
"Assets/_Project/Prefabs/Ships/Ship_Light_root (копия с компьютера DESKTOP-K00O7HK).prefab","Ship_Light_root (копия с компьютера DESKTOP-K00O7HK)[0]/project-c_ship_light_base_SHIP_GameReady[14]/DECK_TREAD_03_01[157]",true,"UnityEngine.Transform;UnityEngine.MeshFilter;UnityEngine.MeshRenderer","",0.0041000000201165676
"Assets/_Project/Prefabs/Ships/Ship_Light_root (копия с компьютера DESKTOP-K00O7HK).prefab","Ship_Light_root (копия с компьютера DESKTOP-K00O7HK)[0]/project-c_ship_light_base_SHIP_GameReady[14]/DECK_TREAD_03_02[158]",true,"UnityEngine.Transform;UnityEngine.MeshFilter;UnityEngine.MeshRenderer","",0.0041000000201165676
"Assets/_Project/Prefabs/Ships/Ship_Light_root (копия с компьютера DESKTOP-K00O7HK).prefab","Ship_Light_root (копия с компьютера DESKTOP-K00O7HK)[0]/project-c_ship_light_base_SHIP_GameReady[14]/DECK_TREAD_04_00[159]",true,"UnityEngine.Transform;UnityEngine.MeshFilter;UnityEngine.MeshRenderer","",0.0041000000201165676
"Assets/_Project/Prefabs/Ships/Ship_Light_root (копия с компьютера DESKTOP-K00O7HK).prefab","Ship_Light_root (копия с компьютера DESKTOP-K00O7HK)[0]/project-c_ship_light_base_SHIP_GameReady[14]/DECK_TREAD_04_01[160]",true,"UnityEngine.Transform;UnityEngine.MeshFilter;UnityEngine.MeshRenderer","",0.0041000000201165676
"Assets/_Project/Prefabs/Ships/Ship_Light_root (копия с компьютера DESKTOP-K00O7HK).prefab","Ship_Light_root (копия с компьютера DESKTOP-K00O7HK)[0]/project-c_ship_light_base_SHIP_GameReady[14]/DECK_TREAD_04_02[161]",true,"UnityEngine.Transform;UnityEngine.MeshFilter;UnityEngine.MeshRenderer","",0.0041000000201165676
"Assets/_Project/Prefabs/Ships/Ship_Light_root (копия с компьютера DESKTOP-K00O7HK).prefab","Ship_Light_root (копия с компьютера DESKTOP-K00O7HK)[0]/project-c_ship_light_base_SHIP_GameReady[14]/DECK_TREAD_05_00[162]",true,"UnityEngine.Transform;UnityEngine.MeshFilter;UnityEngine.MeshRenderer","",0.0041000000201165676
"Assets/_Project/Prefabs/Ships/Ship_Light_root (копия с компьютера DESKTOP-K00O7HK).prefab","Ship_Light_root (копия с компьютера DESKTOP-K00O7HK)[0]/project-c_ship_light_base_SHIP_GameReady[14]/DECK_TREAD_05_01[163]",true,"UnityEngine.Transform;UnityEngine.MeshFilter;UnityEngine.MeshRenderer","",0.0041000000201165676
"Assets/_Project/Prefabs/Ships/Ship_Light_root (копия с компьютера DESKTOP-K00O7HK).prefab","Ship_Light_root (копия с компьютера DESKTOP-K00O7HK)[0]/project-c_ship_light_base_SHIP_GameReady[14]/DECK_TREAD_05_02[164]",true,"UnityEngine.Transform;UnityEngine.MeshFilter;UnityEngine.MeshRenderer","",0.0041000000201165676
"Assets/_Project/Prefabs/Ships/Ship_Light_root (копия с компьютера DESKTOP-K00O7HK).prefab","Ship_Light_root (копия с компьютера DESKTOP-K00O7HK)[0]/project-c_ship_light_base_SHIP_GameReady[14]/GRAVITY_EMITTER_00_L_BODY[165]",true,"UnityEngine.Transform;UnityEngine.MeshFilter;UnityEngine.MeshRenderer","",0.0030000000260770321
"Assets/_Project/Prefabs/Ships/Ship_Light_root (копия с компьютера DESKTOP-K00O7HK).prefab","Ship_Light_root (копия с компьютера DESKTOP-K00O7HK)[0]/project-c_ship_light_base_SHIP_GameReady[14]/GRAVITY_EMITTER_00_L_CAP[166]",true,"UnityEngine.Transform;UnityEngine.MeshFilter;UnityEngine.MeshRenderer","",0.0020000000949949026
"Assets/_Project/Prefabs/Ships/Ship_Light_root (копия с компьютера DESKTOP-K00O7HK).prefab","Ship_Light_root (копия с компьютера DESKTOP-K00O7HK)[0]/project-c_ship_light_base_SHIP_GameReady[14]/GRAVITY_EMITTER_00_L_CORE[167]",true,"UnityEngine.Transform;UnityEngine.MeshFilter;UnityEngine.MeshRenderer","",0.0017000000225380063
"Assets/_Project/Prefabs/Ships/Ship_Light_root (копия с компьютера DESKTOP-K00O7HK).prefab","Ship_Light_root (копия с компьютера DESKTOP-K00O7HK)[0]/project-c_ship_light_base_SHIP_GameReady[14]/GRAVITY_EMITTER_00_L_FIN_0.00[168]",true,"UnityEngine.Transform;UnityEngine.MeshFilter;UnityEngine.MeshRenderer","",0.00139999995008111
"Assets/_Project/Prefabs/Ships/Ship_Light_root (копия с компьютера DESKTOP-K00O7HK).prefab","Ship_Light_root (копия с компьютера DESKTOP-K00O7HK)[0]/project-c_ship_light_base_SHIP_GameReady[14]/GRAVITY_EMITTER_00_L_FIN_1.57[169]",true,"UnityEngine.Transform;UnityEngine.MeshFilter;UnityEngine.MeshRenderer","",0.00139999995008111
"Assets/_Project/Prefabs/Ships/Ship_Light_root (копия с компьютера DESKTOP-K00O7HK).prefab","Ship_Light_root (копия с компьютера DESKTOP-K00O7HK)[0]/project-c_ship_light_base_SHIP_GameReady[14]/GRAVITY_EMITTER_00_L_FIN_3.14[170]",true,"UnityEngine.Transform;UnityEngine.MeshFilter;UnityEngine.MeshRenderer","",0.00139999995008111
"Assets/_Project/Prefabs/Ships/Ship_Light_root (копия с компьютера DESKTOP-K00O7HK).prefab","Ship_Light_root (копия с компьютера DESKTOP-K00O7HK)[0]/project-c_ship_light_base_SHIP_GameReady[14]/GRAVITY_EMITTER_00_L_FIN_4.71[171]",true,"UnityEngine.Transform;UnityEngine.MeshFilter;UnityEngine.MeshRenderer","",0.00139999995008111
"Assets/_Project/Prefabs/Ships/Ship_Light_root (копия с компьютера DESKTOP-K00O7HK).prefab","Ship_Light_root (копия с компьютера DESKTOP-K00O7HK)[0]/project-c_ship_light_base_SHIP_GameReady[14]/GRAVITY_EMITTER_00_L_RING_UP[172]",true,"UnityEngine.Transform;UnityEngine.MeshFilter;UnityEngine.MeshRenderer","",0.0035500000230968
"Assets/_Project/Prefabs/Ships/Ship_Light_root (копия с компьютера DESKTOP-K00O7HK).prefab","Ship_Light_root (копия с компьютера DESKTOP-K00O7HK)[0]/project-c_ship_light_base_SHIP_GameReady[14]/GRAVITY_EMITTER_00_R_BODY[173]",true,"UnityEngine.Transform;UnityEngine.MeshFilter;UnityEngine.MeshRenderer","",0.0030000000260770321
"Assets/_Project/Prefabs/Ships/Ship_Light_root (копия с компьютера DESKTOP-K00O7HK).prefab","Ship_Light_root (копия с компьютера DESKTOP-K00O7HK)[0]/project-c_ship_light_base_SHIP_GameReady[14]/GRAVITY_EMITTER_00_R_CAP[174]",true,"UnityEngine.Transform;UnityEngine.MeshFilter;UnityEngine.MeshRenderer","",0.0020000000949949026
"Assets/_Project/Prefabs/Ships/Ship_Light_root (копия с компьютера DESKTOP-K00O7HK).prefab","Ship_Light_root (копия с компьютера DESKTOP-K00O7HK)[0]/project-c_ship_light_base_SHIP_GameReady[14]/GRAVITY_EMITTER_00_R_CORE[175]",true,"UnityEngine.Transform;UnityEngine.MeshFilter;UnityEngine.MeshRenderer","",0.0017000000225380063
"Assets/_Project/Prefabs/Ships/Ship_Light_root (копия с компьютера DESKTOP-K00O7HK).prefab","Ship_Light_root (копия с компьютера DESKTOP-K00O7HK)[0]/project-c_ship_light_base_SHIP_GameReady[14]/GRAVITY_EMITTER_00_R_FIN_0.00[176]",true,"UnityEngine.Transform;UnityEngine.MeshFilter;UnityEngine.MeshRenderer","",0.00139999995008111
"Assets/_Project/Prefabs/Ships/Ship_Light_root (копия с компьютера DESKTOP-K00O7HK).prefab","Ship_Light_root (копия с компьютера DESKTOP-K00O7HK)[0]/project-c_ship_light_base_SHIP_GameReady[14]/GRAVITY_EMITTER_00_R_FIN_1.57[177]",true,"UnityEngine.Transform;UnityEngine.MeshFilter;UnityEngine.MeshRenderer","",0.00139999995008111
"Assets/_Project/Prefabs/Ships/Ship_Light_root (копия с компьютера DESKTOP-K00O7HK).prefab","Ship_Light_root (копия с компьютера DESKTOP-K00O7HK)[0]/project-c_ship_light_base_SHIP_GameReady[14]/GRAVITY_EMITTER_00_R_FIN_3.14[178]",true,"UnityEngine.Transform;UnityEngine.MeshFilter;UnityEngine.MeshRenderer","",0.00139999995008111
"Assets/_Project/Prefabs/Ships/Ship_Light_root (копия с компьютера DESKTOP-K00O7HK).prefab","Ship_Light_root (копия с компьютера DESKTOP-K00O7HK)[0]/project-c_ship_light_base_SHIP_GameReady[14]/GRAVITY_EMITTER_00_R_FIN_4.71[179]",true,"UnityEngine.Transform;UnityEngine.MeshFilter;UnityEngine.MeshRenderer","",0.00139999995008111
"Assets/_Project/Prefabs/Ships/Ship_Light_root (копия с компьютера DESKTOP-K00O7HK).prefab","Ship_Light_root (копия с компьютера DESKTOP-K00O7HK)[0]/project-c_ship_light_base_SHIP_GameReady[14]/GRAVITY_EMITTER_00_R_RING_UP[180]",true,"UnityEngine.Transform;UnityEngine.MeshFilter;UnityEngine.MeshRenderer","",0.0035500000230968
"Assets/_Project/Prefabs/Ships/Ship_Light_root (копия с компьютера DESKTOP-K00O7HK).prefab","Ship_Light_root (копия с компьютера DESKTOP-K00O7HK)[0]/project-c_ship_light_base_SHIP_GameReady[14]/GRAVITY_EMITTER_01_L_BODY[181]",true,"UnityEngine.Transform;UnityEngine.MeshFilter;UnityEngine.MeshRenderer","",0.0030000000260770321
"Assets/_Project/Prefabs/Ships/Ship_Light_root (копия с компьютера DESKTOP-K00O7HK).prefab","Ship_Light_root (копия с компьютера DESKTOP-K00O7HK)[0]/project-c_ship_light_base_SHIP_GameReady[14]/GRAVITY_EMITTER_01_L_CAP[182]",true,"UnityEngine.Transform;UnityEngine.MeshFilter;UnityEngine.MeshRenderer","",0.0020000000949949026
"Assets/_Project/Prefabs/Ships/Ship_Light_root (копия с компьютера DESKTOP-K00O7HK).prefab","Ship_Light_root (копия с компьютера DESKTOP-K00O7HK)[0]/project-c_ship_light_base_SHIP_GameReady[14]/GRAVITY_EMITTER_01_L_CORE[183]",true,"UnityEngine.Transform;UnityEngine.MeshFilter;UnityEngine.MeshRenderer","",0.0017000000225380063
"Assets/_Project/Prefabs/Ships/Ship_Light_root (копия с компьютера DESKTOP-K00O7HK).prefab","Ship_Light_root (копия с компьютера DESKTOP-K00O7HK)[0]/project-c_ship_light_base_SHIP_GameReady[14]/GRAVITY_EMITTER_01_L_FIN_0.00[184]",true,"UnityEngine.Transform;UnityEngine.MeshFilter;UnityEngine.MeshRenderer","",0.00139999995008111
"Assets/_Project/Prefabs/Ships/Ship_Light_root (копия с компьютера DESKTOP-K00O7HK).prefab","Ship_Light_root (копия с компьютера DESKTOP-K00O7HK)[0]/project-c_ship_light_base_SHIP_GameReady[14]/GRAVITY_EMITTER_01_L_FIN_1.57[185]",true,"UnityEngine.Transform;UnityEngine.MeshFilter;UnityEngine.MeshRenderer","",0.00139999995008111
"Assets/_Project/Prefabs/Ships/Ship_Light_root (копия с компьютера DESKTOP-K00O7HK).prefab","Ship_Light_root (копия с компьютера DESKTOP-K00O7HK)[0]/project-c_ship_light_base_SHIP_GameReady[14]/GRAVITY_EMITTER_01_L_FIN_3.14[186]",true,"UnityEngine.Transform;UnityEngine.MeshFilter;UnityEngine.MeshRenderer","",0.00139999995008111
"Assets/_Project/Prefabs/Ships/Ship_Light_root (копия с компьютера DESKTOP-K00O7HK).prefab","Ship_Light_root (копия с компьютера DESKTOP-K00O7HK)[0]/project-c_ship_light_base_SHIP_GameReady[14]/GRAVITY_EMITTER_01_L_FIN_4.71[187]",true,"UnityEngine.Transform;UnityEngine.MeshFilter;UnityEngine.MeshRenderer","",0.00139999995008111
"Assets/_Project/Prefabs/Ships/Ship_Light_root (копия с компьютера DESKTOP-K00O7HK).prefab","Ship_Light_root (копия с компьютера DESKTOP-K00O7HK)[0]/project-c_ship_light_base_SHIP_GameReady[14]/GRAVITY_EMITTER_01_L_RING_UP[188]",true,"UnityEngine.Transform;UnityEngine.MeshFilter;UnityEngine.MeshRenderer","",0.0035500000230968
"Assets/_Project/Prefabs/Ships/Ship_Light_root (копия с компьютера DESKTOP-K00O7HK).prefab","Ship_Light_root (копия с компьютера DESKTOP-K00O7HK)[0]/project-c_ship_light_base_SHIP_GameReady[14]/GRAVITY_EMITTER_01_R_BODY[189]",true,"UnityEngine.Transform;UnityEngine.MeshFilter;UnityEngine.MeshRenderer","",0.0030000000260770321
"Assets/_Project/Prefabs/Ships/Ship_Light_root (копия с компьютера DESKTOP-K00O7HK).prefab","Ship_Light_root (копия с компьютера DESKTOP-K00O7HK)[0]/project-c_ship_light_base_SHIP_GameReady[14]/GRAVITY_EMITTER_01_R_CAP[190]",true,"UnityEngine.Transform;UnityEngine.MeshFilter;UnityEngine.MeshRenderer","",0.0020000000949949026
"Assets/_Project/Prefabs/Ships/Ship_Light_root (копия с компьютера DESKTOP-K00O7HK).prefab","Ship_Light_root (копия с компьютера DESKTOP-K00O7HK)[0]/project-c_ship_light_base_SHIP_GameReady[14]/GRAVITY_EMITTER_01_R_CORE[191]",true,"UnityEngine.Transform;UnityEngine.MeshFilter;UnityEngine.MeshRenderer","",0.0017000000225380063
"Assets/_Project/Prefabs/Ships/Ship_Light_root (копия с компьютера DESKTOP-K00O7HK).prefab","Ship_Light_root (копия с компьютера DESKTOP-K00O7HK)[0]/project-c_ship_light_base_SHIP_GameReady[14]/GRAVITY_EMITTER_01_R_FIN_0.00[192]",true,"UnityEngine.Transform;UnityEngine.MeshFilter;UnityEngine.MeshRenderer","",0.00139999995008111
"Assets/_Project/Prefabs/Ships/Ship_Light_root (копия с компьютера DESKTOP-K00O7HK).prefab","Ship_Light_root (копия с компьютера DESKTOP-K00O7HK)[0]/project-c_ship_light_base_SHIP_GameReady[14]/GRAVITY_EMITTER_01_R_FIN_1.57[193]",true,"UnityEngine.Transform;UnityEngine.MeshFilter;UnityEngine.MeshRenderer","",0.00139999995008111
"Assets/_Project/Prefabs/Ships/Ship_Light_root (копия с компьютера DESKTOP-K00O7HK).prefab","Ship_Light_root (копия с компьютера DESKTOP-K00O7HK)[0]/project-c_ship_light_base_SHIP_GameReady[14]/GRAVITY_EMITTER_01_R_FIN_3.14[194]",true,"UnityEngine.Transform;UnityEngine.MeshFilter;UnityEngine.MeshRenderer","",0.00139999995008111
"Assets/_Project/Prefabs/Ships/Ship_Light_root (копия с компьютера DESKTOP-K00O7HK).prefab","Ship_Light_root (копия с компьютера DESKTOP-K00O7HK)[0]/project-c_ship_light_base_SHIP_GameReady[14]/GRAVITY_EMITTER_01_R_FIN_4.71[195]",true,"UnityEngine.Transform;UnityEngine.MeshFilter;UnityEngine.MeshRenderer","",0.00139999995008111
"Assets/_Project/Prefabs/Ships/Ship_Light_root (копия с компьютера DESKTOP-K00O7HK).prefab","Ship_Light_root (копия с компьютера DESKTOP-K00O7HK)[0]/project-c_ship_light_base_SHIP_GameReady[14]/GRAVITY_EMITTER_01_R_RING_UP[196]",true,"UnityEngine.Transform;UnityEngine.MeshFilter;UnityEngine.MeshRenderer","",0.0035500000230968
"Assets/_Project/Prefabs/Ships/Ship_Light_root (копия с компьютера DESKTOP-K00O7HK).prefab","Ship_Light_root (копия с компьютера DESKTOP-K00O7HK)[0]/project-c_ship_light_base_SHIP_GameReady[14]/GRAVITY_EMITTER_02_L_BODY[197]",true,"UnityEngine.Transform;UnityEngine.MeshFilter;UnityEngine.MeshRenderer","",0.0030000000260770321
"Assets/_Project/Prefabs/Ships/Ship_Light_root (копия с компьютера DESKTOP-K00O7HK).prefab","Ship_Light_root (копия с компьютера DESKTOP-K00O7HK)[0]/project-c_ship_light_base_SHIP_GameReady[14]/GRAVITY_EMITTER_02_L_CAP[198]",true,"UnityEngine.Transform;UnityEngine.MeshFilter;UnityEngine.MeshRenderer","",0.0020000000949949026
"Assets/_Project/Prefabs/Ships/Ship_Light_root (копия с компьютера DESKTOP-K00O7HK).prefab","Ship_Light_root (копия с компьютера DESKTOP-K00O7HK)[0]/project-c_ship_light_base_SHIP_GameReady[14]/GRAVITY_EMITTER_02_L_CORE[199]",true,"UnityEngine.Transform;UnityEngine.MeshFilter;UnityEngine.MeshRenderer","",0.0017000000225380063
"Assets/_Project/Prefabs/Ships/Ship_Light_root (копия с компьютера DESKTOP-K00O7HK).prefab","Ship_Light_root (копия с компьютера DESKTOP-K00O7HK)[0]/project-c_ship_light_base_SHIP_GameReady[14]/GRAVITY_EMITTER_02_L_FIN_0.00[200]",true,"UnityEngine.Transform;UnityEngine.MeshFilter;UnityEngine.MeshRenderer","",0.00139999995008111
"Assets/_Project/Prefabs/Ships/Ship_Light_root (копия с компьютера DESKTOP-K00O7HK).prefab","Ship_Light_root (копия с компьютера DESKTOP-K00O7HK)[0]/project-c_ship_light_base_SHIP_GameReady[14]/GRAVITY_EMITTER_02_L_FIN_1.57[201]",true,"UnityEngine.Transform;UnityEngine.MeshFilter;UnityEngine.MeshRenderer","",0.00139999995008111
"Assets/_Project/Prefabs/Ships/Ship_Light_root (копия с компьютера DESKTOP-K00O7HK).prefab","Ship_Light_root (копия с компьютера DESKTOP-K00O7HK)[0]/project-c_ship_light_base_SHIP_GameReady[14]/GRAVITY_EMITTER_02_L_FIN_3.14[202]",true,"UnityEngine.Transform;UnityEngine.MeshFilter;UnityEngine.MeshRenderer","",0.00139999995008111
"Assets/_Project/Prefabs/Ships/Ship_Light_root (копия с компьютера DESKTOP-K00O7HK).prefab","Ship_Light_root (копия с компьютера DESKTOP-K00O7HK)[0]/project-c_ship_light_base_SHIP_GameReady[14]/GRAVITY_EMITTER_02_L_FIN_4.71[203]",true,"UnityEngine.Transform;UnityEngine.MeshFilter;UnityEngine.MeshRenderer","",0.00139999995008111
"Assets/_Project/Prefabs/Ships/Ship_Light_root (копия с компьютера DESKTOP-K00O7HK).prefab","Ship_Light_root (копия с компьютера DESKTOP-K00O7HK)[0]/project-c_ship_light_base_SHIP_GameReady[14]/GRAVITY_EMITTER_02_L_RING_UP[204]",true,"UnityEngine.Transform;UnityEngine.MeshFilter;UnityEngine.MeshRenderer","",0.0035500000230968
"Assets/_Project/Prefabs/Ships/Ship_Light_root (копия с компьютера DESKTOP-K00O7HK).prefab","Ship_Light_root (копия с компьютера DESKTOP-K00O7HK)[0]/project-c_ship_light_base_SHIP_GameReady[14]/GRAVITY_EMITTER_02_R_BODY[205]",true,"UnityEngine.Transform;UnityEngine.MeshFilter;UnityEngine.MeshRenderer","",0.0030000000260770321
"Assets/_Project/Prefabs/Ships/Ship_Light_root (копия с компьютера DESKTOP-K00O7HK).prefab","Ship_Light_root (копия с компьютера DESKTOP-K00O7HK)[0]/project-c_ship_light_base_SHIP_GameReady[14]/GRAVITY_EMITTER_02_R_CAP[206]",true,"UnityEngine.Transform;UnityEngine.MeshFilter;UnityEngine.MeshRenderer","",0.0020000000949949026
"Assets/_Project/Prefabs/Ships/Ship_Light_root (копия с компьютера DESKTOP-K00O7HK).prefab","Ship_Light_root (копия с компьютера DESKTOP-K00O7HK)[0]/project-c_ship_light_base_SHIP_GameReady[14]/GRAVITY_EMITTER_02_R_CORE[207]",true,"UnityEngine.Transform;UnityEngine.MeshFilter;UnityEngine.MeshRenderer","",0.0017000000225380063
"Assets/_Project/Prefabs/Ships/Ship_Light_root (копия с компьютера DESKTOP-K00O7HK).prefab","Ship_Light_root (копия с компьютера DESKTOP-K00O7HK)[0]/project-c_ship_light_base_SHIP_GameReady[14]/GRAVITY_EMITTER_02_R_FIN_0.00[208]",true,"UnityEngine.Transform;UnityEngine.MeshFilter;UnityEngine.MeshRenderer","",0.00139999995008111
"Assets/_Project/Prefabs/Ships/Ship_Light_root (копия с компьютера DESKTOP-K00O7HK).prefab","Ship_Light_root (копия с компьютера DESKTOP-K00O7HK)[0]/project-c_ship_light_base_SHIP_GameReady[14]/GRAVITY_EMITTER_02_R_FIN_1.57[209]",true,"UnityEngine.Transform;UnityEngine.MeshFilter;UnityEngine.MeshRenderer","",0.00139999995008111
"Assets/_Project/Prefabs/Ships/Ship_Light_root (копия с компьютера DESKTOP-K00O7HK).prefab","Ship_Light_root (копия с компьютера DESKTOP-K00O7HK)[0]/project-c_ship_light_base_SHIP_GameReady[14]/GRAVITY_EMITTER_02_R_FIN_3.14[210]",true,"UnityEngine.Transform;UnityEngine.MeshFilter;UnityEngine.MeshRenderer","",0.00139999995008111
"Assets/_Project/Prefabs/Ships/Ship_Light_root (копия с компьютера DESKTOP-K00O7HK).prefab","Ship_Light_root (копия с компьютера DESKTOP-K00O7HK)[0]/project-c_ship_light_base_SHIP_GameReady[14]/GRAVITY_EMITTER_02_R_FIN_4.71[211]",true,"UnityEngine.Transform;UnityEngine.MeshFilter;UnityEngine.MeshRenderer","",0.00139999995008111
"Assets/_Project/Prefabs/Ships/Ship_Light_root (копия с компьютера DESKTOP-K00O7HK).prefab","Ship_Light_root (копия с компьютера DESKTOP-K00O7HK)[0]/project-c_ship_light_base_SHIP_GameReady[14]/GRAVITY_EMITTER_02_R_RING_UP[212]",true,"UnityEngine.Transform;UnityEngine.MeshFilter;UnityEngine.MeshRenderer","",0.0035500000230968
"Assets/_Project/Prefabs/Ships/Ship_Light_root (копия с компьютера DESKTOP-K00O7HK).prefab","Ship_Light_root (копия с компьютера DESKTOP-K00O7HK)[0]/project-c_ship_light_base_SHIP_GameReady[14]/GRAVITY_EMITTER_03_L_BODY[213]",true,"UnityEngine.Transform;UnityEngine.MeshFilter;UnityEngine.MeshRenderer","",0.0030000000260770321
"Assets/_Project/Prefabs/Ships/Ship_Light_root (копия с компьютера DESKTOP-K00O7HK).prefab","Ship_Light_root (копия с компьютера DESKTOP-K00O7HK)[0]/project-c_ship_light_base_SHIP_GameReady[14]/GRAVITY_EMITTER_03_L_CAP[214]",true,"UnityEngine.Transform;UnityEngine.MeshFilter;UnityEngine.MeshRenderer","",0.0020000000949949026
"Assets/_Project/Prefabs/Ships/Ship_Light_root (копия с компьютера DESKTOP-K00O7HK).prefab","Ship_Light_root (копия с компьютера DESKTOP-K00O7HK)[0]/project-c_ship_light_base_SHIP_GameReady[14]/GRAVITY_EMITTER_03_L_CORE[215]",true,"UnityEngine.Transform;UnityEngine.MeshFilter;UnityEngine.MeshRenderer","",0.0017000000225380063
"Assets/_Project/Prefabs/Ships/Ship_Light_root (копия с компьютера DESKTOP-K00O7HK).prefab","Ship_Light_root (копия с компьютера DESKTOP-K00O7HK)[0]/project-c_ship_light_base_SHIP_GameReady[14]/GRAVITY_EMITTER_03_L_FIN_0.00[216]",true,"UnityEngine.Transform;UnityEngine.MeshFilter;UnityEngine.MeshRenderer","",0.00139999995008111
"Assets/_Project/Prefabs/Ships/Ship_Light_root (копия с компьютера DESKTOP-K00O7HK).prefab","Ship_Light_root (копия с компьютера DESKTOP-K00O7HK)[0]/project-c_ship_light_base_SHIP_GameReady[14]/GRAVITY_EMITTER_03_L_FIN_1.57[217]",true,"UnityEngine.Transform;UnityEngine.MeshFilter;UnityEngine.MeshRenderer","",0.00139999995008111
"Assets/_Project/Prefabs/Ships/Ship_Light_root (копия с компьютера DESKTOP-K00O7HK).prefab","Ship_Light_root (копия с компьютера DESKTOP-K00O7HK)[0]/project-c_ship_light_base_SHIP_GameReady[14]/GRAVITY_EMITTER_03_L_FIN_3.14[218]",true,"UnityEngine.Transform;UnityEngine.MeshFilter;UnityEngine.MeshRenderer","",0.00139999995008111
"Assets/_Project/Prefabs/Ships/Ship_Light_root (копия с компьютера DESKTOP-K00O7HK).prefab","Ship_Light_root (копия с компьютера DESKTOP-K00O7HK)[0]/project-c_ship_light_base_SHIP_GameReady[14]/GRAVITY_EMITTER_03_L_FIN_4.71[219]",true,"UnityEngine.Transform;UnityEngine.MeshFilter;UnityEngine.MeshRenderer","",0.00139999995008111
"Assets/_Project/Prefabs/Ships/Ship_Light_root (копия с компьютера DESKTOP-K00O7HK).prefab","Ship_Light_root (копия с компьютера DESKTOP-K00O7HK)[0]/project-c_ship_light_base_SHIP_GameReady[14]/GRAVITY_EMITTER_03_L_RING_UP[220]",true,"UnityEngine.Transform;UnityEngine.MeshFilter;UnityEngine.MeshRenderer","",0.0035500000230968
"Assets/_Project/Prefabs/Ships/Ship_Light_root (копия с компьютера DESKTOP-K00O7HK).prefab","Ship_Light_root (копия с компьютера DESKTOP-K00O7HK)[0]/project-c_ship_light_base_SHIP_GameReady[14]/GRAVITY_EMITTER_03_R_BODY[221]",true,"UnityEngine.Transform;UnityEngine.MeshFilter;UnityEngine.MeshRenderer","",0.0030000000260770321
"Assets/_Project/Prefabs/Ships/Ship_Light_root (копия с компьютера DESKTOP-K00O7HK).prefab","Ship_Light_root (копия с компьютера DESKTOP-K00O7HK)[0]/project-c_ship_light_base_SHIP_GameReady[14]/GRAVITY_EMITTER_03_R_CAP[222]",true,"UnityEngine.Transform;UnityEngine.MeshFilter;UnityEngine.MeshRenderer","",0.0020000000949949026
"Assets/_Project/Prefabs/Ships/Ship_Light_root (копия с компьютера DESKTOP-K00O7HK).prefab","Ship_Light_root (копия с компьютера DESKTOP-K00O7HK)[0]/project-c_ship_light_base_SHIP_GameReady[14]/GRAVITY_EMITTER_03_R_CORE[223]",true,"UnityEngine.Transform;UnityEngine.MeshFilter;UnityEngine.MeshRenderer","",0.0017000000225380063
"Assets/_Project/Prefabs/Ships/Ship_Light_root (копия с компьютера DESKTOP-K00O7HK).prefab","Ship_Light_root (копия с компьютера DESKTOP-K00O7HK)[0]/project-c_ship_light_base_SHIP_GameReady[14]/GRAVITY_EMITTER_03_R_FIN_0.00[224]",true,"UnityEngine.Transform;UnityEngine.MeshFilter;UnityEngine.MeshRenderer","",0.00139999995008111
"Assets/_Project/Prefabs/Ships/Ship_Light_root (копия с компьютера DESKTOP-K00O7HK).prefab","Ship_Light_root (копия с компьютера DESKTOP-K00O7HK)[0]/project-c_ship_light_base_SHIP_GameReady[14]/GRAVITY_EMITTER_03_R_FIN_1.57[225]",true,"UnityEngine.Transform;UnityEngine.MeshFilter;UnityEngine.MeshRenderer","",0.00139999995008111
"Assets/_Project/Prefabs/Ships/Ship_Light_root (копия с компьютера DESKTOP-K00O7HK).prefab","Ship_Light_root (копия с компьютера DESKTOP-K00O7HK)[0]/project-c_ship_light_base_SHIP_GameReady[14]/GRAVITY_EMITTER_03_R_FIN_3.14[226]",true,"UnityEngine.Transform;UnityEngine.MeshFilter;UnityEngine.MeshRenderer","",0.00139999995008111
"Assets/_Project/Prefabs/Ships/Ship_Light_root (копия с компьютера DESKTOP-K00O7HK).prefab","Ship_Light_root (копия с компьютера DESKTOP-K00O7HK)[0]/project-c_ship_light_base_SHIP_GameReady[14]/GRAVITY_EMITTER_03_R_FIN_4.71[227]",true,"UnityEngine.Transform;UnityEngine.MeshFilter;UnityEngine.MeshRenderer","",0.00139999995008111
"Assets/_Project/Prefabs/Ships/Ship_Light_root (копия с компьютера DESKTOP-K00O7HK).prefab","Ship_Light_root (копия с компьютера DESKTOP-K00O7HK)[0]/project-c_ship_light_base_SHIP_GameReady[14]/GRAVITY_EMITTER_03_R_RING_UP[228]",true,"UnityEngine.Transform;UnityEngine.MeshFilter;UnityEngine.MeshRenderer","",0.0035500000230968
"Assets/_Project/Prefabs/Ships/Ship_Light_root (копия с компьютера DESKTOP-K00O7HK).prefab","Ship_Light_root (копия с компьютера DESKTOP-K00O7HK)[0]/project-c_ship_light_base_SHIP_GameReady[14]/GRAVITY_FEED_RAIL_+1.28[229]",true,"UnityEngine.Transform;UnityEngine.MeshFilter;UnityEngine.MeshRenderer","",0.029500000178813934
"Assets/_Project/Prefabs/Ships/Ship_Light_root (копия с компьютера DESKTOP-K00O7HK).prefab","Ship_Light_root (копия с компьютера DESKTOP-K00O7HK)[0]/project-c_ship_light_base_SHIP_GameReady[14]/GRAVITY_FEED_RAIL_-1.28[230]",true,"UnityEngine.Transform;UnityEngine.MeshFilter;UnityEngine.MeshRenderer","",0.029500000178813934
"Assets/_Project/Prefabs/Ships/Ship_Light_root (копия с компьютера DESKTOP-K00O7HK).prefab","Ship_Light_root (копия с компьютера DESKTOP-K00O7HK)[0]/project-c_ship_light_base_SHIP_GameReady[14]/GRAVITY_HOUSING_CENTER[231]",true,"UnityEngine.Transform;UnityEngine.MeshFilter;UnityEngine.MeshRenderer","",0.032249998301267624
"Assets/_Project/Prefabs/Ships/Ship_Light_root (копия с компьютера DESKTOP-K00O7HK).prefab","Ship_Light_root (копия с компьютера DESKTOP-K00O7HK)[0]/project-c_ship_light_base_SHIP_GameReady[14]/GRAVITY_HOUSING_PANEL_+0.00[232]",true,"UnityEngine.Transform;UnityEngine.MeshFilter;UnityEngine.MeshRenderer","",0.0097500002011656761
"Assets/_Project/Prefabs/Ships/Ship_Light_root (копия с компьютера DESKTOP-K00O7HK).prefab","Ship_Light_root (копия с компьютера DESKTOP-K00O7HK)[0]/project-c_ship_light_base_SHIP_GameReady[14]/GRAVITY_HOUSING_PANEL_+1.30[233]",true,"UnityEngine.Transform;UnityEngine.MeshFilter;UnityEngine.MeshRenderer","",0.0097500002011656761
"Assets/_Project/Prefabs/Ships/Ship_Light_root (копия с компьютера DESKTOP-K00O7HK).prefab","Ship_Light_root (копия с компьютера DESKTOP-K00O7HK)[0]/project-c_ship_light_base_SHIP_GameReady[14]/GRAVITY_HOUSING_PANEL_+2.55[234]",true,"UnityEngine.Transform;UnityEngine.MeshFilter;UnityEngine.MeshRenderer","",0.0097500002011656761
"Assets/_Project/Prefabs/Ships/Ship_Light_root (копия с компьютера DESKTOP-K00O7HK).prefab","Ship_Light_root (копия с компьютера DESKTOP-K00O7HK)[0]/project-c_ship_light_base_SHIP_GameReady[14]/GRAVITY_HOUSING_PANEL_-1.30[235]",true,"UnityEngine.Transform;UnityEngine.MeshFilter;UnityEngine.MeshRenderer","",0.0097500002011656761
"Assets/_Project/Prefabs/Ships/Ship_Light_root (копия с компьютера DESKTOP-K00O7HK).prefab","Ship_Light_root (копия с компьютера DESKTOP-K00O7HK)[0]/project-c_ship_light_base_SHIP_GameReady[14]/GRAVITY_HOUSING_PANEL_-2.55[236]",true,"UnityEngine.Transform;UnityEngine.MeshFilter;UnityEngine.MeshRenderer","",0.0097500002011656761
"Assets/_Project/Prefabs/Ships/Ship_Light_root (копия с компьютера DESKTOP-K00O7HK).prefab","Ship_Light_root (копия с компьютера DESKTOP-K00O7HK)[0]/project-c_ship_light_base_SHIP_GameReady[14]/GRAVITY_HOUSING_TOP_RIDGE[237]",true,"UnityEngine.Transform;UnityEngine.MeshFilter;UnityEngine.MeshRenderer","",0.029500000178813934
"Assets/_Project/Prefabs/Ships/Ship_Light_root (копия с компьютера DESKTOP-K00O7HK).prefab","Ship_Light_root (копия с компьютера DESKTOP-K00O7HK)[0]/project-c_ship_light_base_SHIP_GameReady[14]/GRAVITY_PANEL_BOLT_+0.00_+0.75[238]",true,"UnityEngine.Transform;UnityEngine.MeshFilter;UnityEngine.MeshRenderer","",0.0003499999875202775
"Assets/_Project/Prefabs/Ships/Ship_Light_root (копия с компьютера DESKTOP-K00O7HK).prefab","Ship_Light_root (копия с компьютера DESKTOP-K00O7HK)[0]/project-c_ship_light_base_SHIP_GameReady[14]/GRAVITY_PANEL_BOLT_+0.00_-0.75[239]",true,"UnityEngine.Transform;UnityEngine.MeshFilter;UnityEngine.MeshRenderer","",0.0003499999875202775
"Assets/_Project/Prefabs/Ships/Ship_Light_root (копия с компьютера DESKTOP-K00O7HK).prefab","Ship_Light_root (копия с компьютера DESKTOP-K00O7HK)[0]/project-c_ship_light_base_SHIP_GameReady[14]/GRAVITY_PANEL_BOLT_+1.30_+0.75[240]",true,"UnityEngine.Transform;UnityEngine.MeshFilter;UnityEngine.MeshRenderer","",0.0003499999875202775
"Assets/_Project/Prefabs/Ships/Ship_Light_root (копия с компьютера DESKTOP-K00O7HK).prefab","Ship_Light_root (копия с компьютера DESKTOP-K00O7HK)[0]/project-c_ship_light_base_SHIP_GameReady[14]/GRAVITY_PANEL_BOLT_+1.30_-0.75[241]",true,"UnityEngine.Transform;UnityEngine.MeshFilter;UnityEngine.MeshRenderer","",0.0003499999875202775
"Assets/_Project/Prefabs/Ships/Ship_Light_root (копия с компьютера DESKTOP-K00O7HK).prefab","Ship_Light_root (копия с компьютера DESKTOP-K00O7HK)[0]/project-c_ship_light_base_SHIP_GameReady[14]/GRAVITY_PANEL_BOLT_+2.55_+0.75[242]",true,"UnityEngine.Transform;UnityEngine.MeshFilter;UnityEngine.MeshRenderer","",0.0003499999875202775
"Assets/_Project/Prefabs/Ships/Ship_Light_root (копия с компьютера DESKTOP-K00O7HK).prefab","Ship_Light_root (копия с компьютера DESKTOP-K00O7HK)[0]/project-c_ship_light_base_SHIP_GameReady[14]/GRAVITY_PANEL_BOLT_+2.55_-0.75[243]",true,"UnityEngine.Transform;UnityEngine.MeshFilter;UnityEngine.MeshRenderer","",0.0003499999875202775
"Assets/_Project/Prefabs/Ships/Ship_Light_root (копия с компьютера DESKTOP-K00O7HK).prefab","Ship_Light_root (копия с компьютера DESKTOP-K00O7HK)[0]/project-c_ship_light_base_SHIP_GameReady[14]/GRAVITY_PANEL_BOLT_-1.30_+0.75[244]",true,"UnityEngine.Transform;UnityEngine.MeshFilter;UnityEngine.MeshRenderer","",0.0003499999875202775
"Assets/_Project/Prefabs/Ships/Ship_Light_root (копия с компьютера DESKTOP-K00O7HK).prefab","Ship_Light_root (копия с компьютера DESKTOP-K00O7HK)[0]/project-c_ship_light_base_SHIP_GameReady[14]/GRAVITY_PANEL_BOLT_-1.30_-0.75[245]",true,"UnityEngine.Transform;UnityEngine.MeshFilter;UnityEngine.MeshRenderer","",0.0003499999875202775
"Assets/_Project/Prefabs/Ships/Ship_Light_root (копия с компьютера DESKTOP-K00O7HK).prefab","Ship_Light_root (копия с компьютера DESKTOP-K00O7HK)[0]/project-c_ship_light_base_SHIP_GameReady[14]/GRAVITY_PANEL_BOLT_-2.55_+0.75[246]",true,"UnityEngine.Transform;UnityEngine.MeshFilter;UnityEngine.MeshRenderer","",0.0003499999875202775
"Assets/_Project/Prefabs/Ships/Ship_Light_root (копия с компьютера DESKTOP-K00O7HK).prefab","Ship_Light_root (копия с компьютера DESKTOP-K00O7HK)[0]/project-c_ship_light_base_SHIP_GameReady[14]/GRAVITY_PANEL_BOLT_-2.55_-0.75[247]",true,"UnityEngine.Transform;UnityEngine.MeshFilter;UnityEngine.MeshRenderer","",0.0003499999875202775
"Assets/_Project/Prefabs/Ships/Ship_Light_root (копия с компьютера DESKTOP-K00O7HK).prefab","Ship_Light_root (копия с компьютера DESKTOP-K00O7HK)[0]/project-c_ship_light_base_SHIP_GameReady[14]/GRAVITY_STRUT_+0.85_+1.28[248]",true,"UnityEngine.Transform;UnityEngine.MeshFilter;UnityEngine.MeshRenderer","",0.0016548644052818418
"Assets/_Project/Prefabs/Ships/Ship_Light_root (копия с компьютера DESKTOP-K00O7HK).prefab","Ship_Light_root (копия с компьютера DESKTOP-K00O7HK)[0]/project-c_ship_light_base_SHIP_GameReady[14]/GRAVITY_STRUT_+0.85_-1.28[249]",true,"UnityEngine.Transform;UnityEngine.MeshFilter;UnityEngine.MeshRenderer","",0.0016548644052818418
"Assets/_Project/Prefabs/Ships/Ship_Light_root (копия с компьютера DESKTOP-K00O7HK).prefab","Ship_Light_root (копия с компьютера DESKTOP-K00O7HK)[0]/project-c_ship_light_base_SHIP_GameReady[14]/GRAVITY_STRUT_+2.55_+1.28[250]",true,"UnityEngine.Transform;UnityEngine.MeshFilter;UnityEngine.MeshRenderer","",0.0016548644052818418
"Assets/_Project/Prefabs/Ships/Ship_Light_root (копия с компьютера DESKTOP-K00O7HK).prefab","Ship_Light_root (копия с компьютера DESKTOP-K00O7HK)[0]/project-c_ship_light_base_SHIP_GameReady[14]/GRAVITY_STRUT_+2.55_-1.28[251]",true,"UnityEngine.Transform;UnityEngine.MeshFilter;UnityEngine.MeshRenderer","",0.0016548644052818418
"Assets/_Project/Prefabs/Ships/Ship_Light_root (копия с компьютера DESKTOP-K00O7HK).prefab","Ship_Light_root (копия с компьютера DESKTOP-K00O7HK)[0]/project-c_ship_light_base_SHIP_GameReady[14]/GRAVITY_STRUT_-0.85_+1.28[252]",true,"UnityEngine.Transform;UnityEngine.MeshFilter;UnityEngine.MeshRenderer","",0.0016548644052818418
"Assets/_Project/Prefabs/Ships/Ship_Light_root (копия с компьютера DESKTOP-K00O7HK).prefab","Ship_Light_root (копия с компьютера DESKTOP-K00O7HK)[0]/project-c_ship_light_base_SHIP_GameReady[14]/GRAVITY_STRUT_-0.85_-1.28[253]",true,"UnityEngine.Transform;UnityEngine.MeshFilter;UnityEngine.MeshRenderer","",0.0016548644052818418
"Assets/_Project/Prefabs/Ships/Ship_Light_root (копия с компьютера DESKTOP-K00O7HK).prefab","Ship_Light_root (копия с компьютера DESKTOP-K00O7HK)[0]/project-c_ship_light_base_SHIP_GameReady[14]/GRAVITY_STRUT_-2.55_+1.28[254]",true,"UnityEngine.Transform;UnityEngine.MeshFilter;UnityEngine.MeshRenderer","",0.0016548644052818418
"Assets/_Project/Prefabs/Ships/Ship_Light_root (копия с компьютера DESKTOP-K00O7HK).prefab","Ship_Light_root (копия с компьютера DESKTOP-K00O7HK)[0]/project-c_ship_light_base_SHIP_GameReady[14]/GRAVITY_STRUT_-2.55_-1.28[255]",true,"UnityEngine.Transform;UnityEngine.MeshFilter;UnityEngine.MeshRenderer","",0.0016548644052818418
"Assets/_Project/Prefabs/Ships/Ship_Light_root (копия с компьютера DESKTOP-K00O7HK).prefab","Ship_Light_root (копия с компьютера DESKTOP-K00O7HK)[0]/project-c_ship_light_base_SHIP_GameReady[14]/HULL_ARMOR_EDGE_L_00[256]",true,"UnityEngine.Transform;UnityEngine.MeshFilter;UnityEngine.MeshRenderer","",0.0038999996613711119
"Assets/_Project/Prefabs/Ships/Ship_Light_root (копия с компьютера DESKTOP-K00O7HK).prefab","Ship_Light_root (копия с компьютера DESKTOP-K00O7HK)[0]/project-c_ship_light_base_SHIP_GameReady[14]/HULL_ARMOR_EDGE_L_01[257]",true,"UnityEngine.Transform;UnityEngine.MeshFilter;UnityEngine.MeshRenderer","",0.0038999996613711119
"Assets/_Project/Prefabs/Ships/Ship_Light_root (копия с компьютера DESKTOP-K00O7HK).prefab","Ship_Light_root (копия с компьютера DESKTOP-K00O7HK)[0]/project-c_ship_light_base_SHIP_GameReady[14]/HULL_ARMOR_EDGE_L_02[258]",true,"UnityEngine.Transform;UnityEngine.MeshFilter;UnityEngine.MeshRenderer","",0.0038999996613711119
"Assets/_Project/Prefabs/Ships/Ship_Light_root (копия с компьютера DESKTOP-K00O7HK).prefab","Ship_Light_root (копия с компьютера DESKTOP-K00O7HK)[0]/project-c_ship_light_base_SHIP_GameReady[14]/HULL_ARMOR_EDGE_L_03[259]",true,"UnityEngine.Transform;UnityEngine.MeshFilter;UnityEngine.MeshRenderer","",0.0038999996613711119
"Assets/_Project/Prefabs/Ships/Ship_Light_root (копия с компьютера DESKTOP-K00O7HK).prefab","Ship_Light_root (копия с компьютера DESKTOP-K00O7HK)[0]/project-c_ship_light_base_SHIP_GameReady[14]/HULL_ARMOR_EDGE_L_04[260]",true,"UnityEngine.Transform;UnityEngine.MeshFilter;UnityEngine.MeshRenderer","",0.0038999996613711119
"Assets/_Project/Prefabs/Ships/Ship_Light_root (копия с компьютера DESKTOP-K00O7HK).prefab","Ship_Light_root (копия с компьютера DESKTOP-K00O7HK)[0]/project-c_ship_light_base_SHIP_GameReady[14]/HULL_ARMOR_EDGE_R_00[261]",true,"UnityEngine.Transform;UnityEngine.MeshFilter;UnityEngine.MeshRenderer","",0.0038999996613711119
"Assets/_Project/Prefabs/Ships/Ship_Light_root (копия с компьютера DESKTOP-K00O7HK).prefab","Ship_Light_root (копия с компьютера DESKTOP-K00O7HK)[0]/project-c_ship_light_base_SHIP_GameReady[14]/HULL_ARMOR_EDGE_R_01[262]",true,"UnityEngine.Transform;UnityEngine.MeshFilter;UnityEngine.MeshRenderer","",0.0038999996613711119
"Assets/_Project/Prefabs/Ships/Ship_Light_root (копия с компьютера DESKTOP-K00O7HK).prefab","Ship_Light_root (копия с компьютера DESKTOP-K00O7HK)[0]/project-c_ship_light_base_SHIP_GameReady[14]/HULL_ARMOR_EDGE_R_02[263]",true,"UnityEngine.Transform;UnityEngine.MeshFilter;UnityEngine.MeshRenderer","",0.0038999996613711119
"Assets/_Project/Prefabs/Ships/Ship_Light_root (копия с компьютера DESKTOP-K00O7HK).prefab","Ship_Light_root (копия с компьютера DESKTOP-K00O7HK)[0]/project-c_ship_light_base_SHIP_GameReady[14]/HULL_ARMOR_EDGE_R_03[264]",true,"UnityEngine.Transform;UnityEngine.MeshFilter;UnityEngine.MeshRenderer","",0.0038999996613711119
"Assets/_Project/Prefabs/Ships/Ship_Light_root (копия с компьютера DESKTOP-K00O7HK).prefab","Ship_Light_root (копия с компьютера DESKTOP-K00O7HK)[0]/project-c_ship_light_base_SHIP_GameReady[14]/HULL_ARMOR_EDGE_R_04[265]",true,"UnityEngine.Transform;UnityEngine.MeshFilter;UnityEngine.MeshRenderer","",0.0038999996613711119
"Assets/_Project/Prefabs/Ships/Ship_Light_root (копия с компьютера DESKTOP-K00O7HK).prefab","Ship_Light_root (копия с компьютера DESKTOP-K00O7HK)[0]/project-c_ship_light_base_SHIP_GameReady[14]/HULL_ARMOR_L_00[266]",true,"UnityEngine.Transform;UnityEngine.MeshFilter;UnityEngine.MeshRenderer","",0.0046000001020729542
"Assets/_Project/Prefabs/Ships/Ship_Light_root (копия с компьютера DESKTOP-K00O7HK).prefab","Ship_Light_root (копия с компьютера DESKTOP-K00O7HK)[0]/project-c_ship_light_base_SHIP_GameReady[14]/HULL_ARMOR_L_01[267]",true,"UnityEngine.Transform;UnityEngine.MeshFilter;UnityEngine.MeshRenderer","",0.0046000001020729542
"Assets/_Project/Prefabs/Ships/Ship_Light_root (копия с компьютера DESKTOP-K00O7HK).prefab","Ship_Light_root (копия с компьютера DESKTOP-K00O7HK)[0]/project-c_ship_light_base_SHIP_GameReady[14]/HULL_ARMOR_L_02[268]",true,"UnityEngine.Transform;UnityEngine.MeshFilter;UnityEngine.MeshRenderer","",0.0046000001020729542
"Assets/_Project/Prefabs/Ships/Ship_Light_root (копия с компьютера DESKTOP-K00O7HK).prefab","Ship_Light_root (копия с компьютера DESKTOP-K00O7HK)[0]/project-c_ship_light_base_SHIP_GameReady[14]/HULL_ARMOR_L_03[269]",true,"UnityEngine.Transform;UnityEngine.MeshFilter;UnityEngine.MeshRenderer","",0.0046000001020729542
"Assets/_Project/Prefabs/Ships/Ship_Light_root (копия с компьютера DESKTOP-K00O7HK).prefab","Ship_Light_root (копия с компьютера DESKTOP-K00O7HK)[0]/project-c_ship_light_base_SHIP_GameReady[14]/HULL_ARMOR_L_04[270]",true,"UnityEngine.Transform;UnityEngine.MeshFilter;UnityEngine.MeshRenderer","",0.0046000001020729542
"Assets/_Project/Prefabs/Ships/Ship_Light_root (копия с компьютера DESKTOP-K00O7HK).prefab","Ship_Light_root (копия с компьютера DESKTOP-K00O7HK)[0]/project-c_ship_light_base_SHIP_GameReady[14]/HULL_ARMOR_R_00[271]",true,"UnityEngine.Transform;UnityEngine.MeshFilter;UnityEngine.MeshRenderer","",0.0046000001020729542
"Assets/_Project/Prefabs/Ships/Ship_Light_root (копия с компьютера DESKTOP-K00O7HK).prefab","Ship_Light_root (копия с компьютера DESKTOP-K00O7HK)[0]/project-c_ship_light_base_SHIP_GameReady[14]/HULL_ARMOR_R_01[272]",true,"UnityEngine.Transform;UnityEngine.MeshFilter;UnityEngine.MeshRenderer","",0.0046000001020729542
"Assets/_Project/Prefabs/Ships/Ship_Light_root (копия с компьютера DESKTOP-K00O7HK).prefab","Ship_Light_root (копия с компьютера DESKTOP-K00O7HK)[0]/project-c_ship_light_base_SHIP_GameReady[14]/HULL_ARMOR_R_02[273]",true,"UnityEngine.Transform;UnityEngine.MeshFilter;UnityEngine.MeshRenderer","",0.0046000001020729542
"Assets/_Project/Prefabs/Ships/Ship_Light_root (копия с компьютера DESKTOP-K00O7HK).prefab","Ship_Light_root (копия с компьютера DESKTOP-K00O7HK)[0]/project-c_ship_light_base_SHIP_GameReady[14]/HULL_ARMOR_R_03[274]",true,"UnityEngine.Transform;UnityEngine.MeshFilter;UnityEngine.MeshRenderer","",0.0046000001020729542
"Assets/_Project/Prefabs/Ships/Ship_Light_root (копия с компьютера DESKTOP-K00O7HK).prefab","Ship_Light_root (копия с компьютера DESKTOP-K00O7HK)[0]/project-c_ship_light_base_SHIP_GameReady[14]/HULL_ARMOR_R_04[275]",true,"UnityEngine.Transform;UnityEngine.MeshFilter;UnityEngine.MeshRenderer","",0.0046000001020729542
"Assets/_Project/Prefabs/Ships/Ship_Light_root (копия с компьютера DESKTOP-K00O7HK).prefab","Ship_Light_root (копия с компьютера DESKTOP-K00O7HK)[0]/project-c_ship_light_base_SHIP_GameReady[14]/HULL_BOLT_L_-0.25[276]",true,"UnityEngine.Transform;UnityEngine.MeshFilter;UnityEngine.MeshRenderer","",0.00045000002137385309
"Assets/_Project/Prefabs/Ships/Ship_Light_root (копия с компьютера DESKTOP-K00O7HK).prefab","Ship_Light_root (копия с компьютера DESKTOP-K00O7HK)[0]/project-c_ship_light_base_SHIP_GameReady[14]/HULL_BOLT_L_-1.35[277]",true,"UnityEngine.Transform;UnityEngine.MeshFilter;UnityEngine.MeshRenderer","",0.00045000002137385309
"Assets/_Project/Prefabs/Ships/Ship_Light_root (копия с компьютера DESKTOP-K00O7HK).prefab","Ship_Light_root (копия с компьютера DESKTOP-K00O7HK)[0]/project-c_ship_light_base_SHIP_GameReady[14]/HULL_BOLT_L_-2.45[278]",true,"UnityEngine.Transform;UnityEngine.MeshFilter;UnityEngine.MeshRenderer","",0.00045000002137385309
"Assets/_Project/Prefabs/Ships/Ship_Light_root (копия с компьютера DESKTOP-K00O7HK).prefab","Ship_Light_root (копия с компьютера DESKTOP-K00O7HK)[0]/project-c_ship_light_base_SHIP_GameReady[14]/HULL_BOLT_L_-3.55[279]",true,"UnityEngine.Transform;UnityEngine.MeshFilter;UnityEngine.MeshRenderer","",0.00045000002137385309
"Assets/_Project/Prefabs/Ships/Ship_Light_root (копия с компьютера DESKTOP-K00O7HK).prefab","Ship_Light_root (копия с компьютера DESKTOP-K00O7HK)[0]/project-c_ship_light_base_SHIP_GameReady[14]/HULL_BOLT_L_0.85[280]",true,"UnityEngine.Transform;UnityEngine.MeshFilter;UnityEngine.MeshRenderer","",0.00045000002137385309
"Assets/_Project/Prefabs/Ships/Ship_Light_root (копия с компьютера DESKTOP-K00O7HK).prefab","Ship_Light_root (копия с компьютера DESKTOP-K00O7HK)[0]/project-c_ship_light_base_SHIP_GameReady[14]/HULL_BOLT_L_1.95[281]",true,"UnityEngine.Transform;UnityEngine.MeshFilter;UnityEngine.MeshRenderer","",0.00045000002137385309
"Assets/_Project/Prefabs/Ships/Ship_Light_root (копия с компьютера DESKTOP-K00O7HK).prefab","Ship_Light_root (копия с компьютера DESKTOP-K00O7HK)[0]/project-c_ship_light_base_SHIP_GameReady[14]/HULL_BOLT_R_-0.25[282]",true,"UnityEngine.Transform;UnityEngine.MeshFilter;UnityEngine.MeshRenderer","",0.00045000002137385309
"Assets/_Project/Prefabs/Ships/Ship_Light_root (копия с компьютера DESKTOP-K00O7HK).prefab","Ship_Light_root (копия с компьютера DESKTOP-K00O7HK)[0]/project-c_ship_light_base_SHIP_GameReady[14]/HULL_BOLT_R_-1.35[283]",true,"UnityEngine.Transform;UnityEngine.MeshFilter;UnityEngine.MeshRenderer","",0.00045000002137385309
"Assets/_Project/Prefabs/Ships/Ship_Light_root (копия с компьютера DESKTOP-K00O7HK).prefab","Ship_Light_root (копия с компьютера DESKTOP-K00O7HK)[0]/project-c_ship_light_base_SHIP_GameReady[14]/HULL_BOLT_R_-2.45[284]",true,"UnityEngine.Transform;UnityEngine.MeshFilter;UnityEngine.MeshRenderer","",0.00045000002137385309
"Assets/_Project/Prefabs/Ships/Ship_Light_root (копия с компьютера DESKTOP-K00O7HK).prefab","Ship_Light_root (копия с компьютера DESKTOP-K00O7HK)[0]/project-c_ship_light_base_SHIP_GameReady[14]/HULL_BOLT_R_-3.55[285]",true,"UnityEngine.Transform;UnityEngine.MeshFilter;UnityEngine.MeshRenderer","",0.00045000002137385309
"Assets/_Project/Prefabs/Ships/Ship_Light_root (копия с компьютера DESKTOP-K00O7HK).prefab","Ship_Light_root (копия с компьютера DESKTOP-K00O7HK)[0]/project-c_ship_light_base_SHIP_GameReady[14]/HULL_BOLT_R_0.85[286]",true,"UnityEngine.Transform;UnityEngine.MeshFilter;UnityEngine.MeshRenderer","",0.00045000002137385309
"Assets/_Project/Prefabs/Ships/Ship_Light_root (копия с компьютера DESKTOP-K00O7HK).prefab","Ship_Light_root (копия с компьютера DESKTOP-K00O7HK)[0]/project-c_ship_light_base_SHIP_GameReady[14]/HULL_BOLT_R_1.95[287]",true,"UnityEngine.Transform;UnityEngine.MeshFilter;UnityEngine.MeshRenderer","",0.00045000002137385309
"Assets/_Project/Prefabs/Ships/Ship_Light_root (копия с компьютера DESKTOP-K00O7HK).prefab","Ship_Light_root (копия с компьютера DESKTOP-K00O7HK)[0]/project-c_ship_light_base_SHIP_GameReady[14]/MOORING_BUMPER_L[288]",true,"UnityEngine.Transform;UnityEngine.MeshFilter;UnityEngine.MeshRenderer","",0.0022499999031424522
"Assets/_Project/Prefabs/Ships/Ship_Light_root (копия с компьютера DESKTOP-K00O7HK).prefab","Ship_Light_root (копия с компьютера DESKTOP-K00O7HK)[0]/project-c_ship_light_base_SHIP_GameReady[14]/MOORING_BUMPER_R[289]",true,"UnityEngine.Transform;UnityEngine.MeshFilter;UnityEngine.MeshRenderer","",0.0022499999031424522
"Assets/_Project/Prefabs/Ships/Ship_Light_root (копия с компьютера DESKTOP-K00O7HK).prefab","Ship_Light_root (копия с компьютера DESKTOP-K00O7HK)[0]/project-c_ship_light_base_SHIP_GameReady[14]/NAV_LIGHT_BOW_PORT[290]",true,"UnityEngine.Transform;UnityEngine.MeshFilter;UnityEngine.MeshRenderer","",0.00086379644926637411
"Assets/_Project/Prefabs/Ships/Ship_Light_root (копия с компьютера DESKTOP-K00O7HK).prefab","Ship_Light_root (копия с компьютера DESKTOP-K00O7HK)[0]/project-c_ship_light_base_SHIP_GameReady[14]/NAV_LIGHT_BOW_STARBOARD[291]",true,"UnityEngine.Transform;UnityEngine.MeshFilter;UnityEngine.MeshRenderer","",0.00086379644926637411
"Assets/_Project/Prefabs/Ships/Ship_Light_root (копия с компьютера DESKTOP-K00O7HK).prefab","Ship_Light_root (копия с компьютера DESKTOP-K00O7HK)[0]/project-c_ship_light_base_SHIP_GameReady[14]/NAV_LIGHT_STERN[292]",true,"UnityEngine.Transform;UnityEngine.MeshFilter;UnityEngine.MeshRenderer","",0.00086379644926637411
"Assets/_Project/Prefabs/Ships/Ship_Light_root (копия с компьютера DESKTOP-K00O7HK).prefab","Ship_Light_root (копия с компьютера DESKTOP-K00O7HK)[0]/project-c_ship_light_base_SHIP_GameReady[14]/STERN_WARNING_PLATE[293]",true,"UnityEngine.Transform;UnityEngine.MeshFilter;UnityEngine.MeshRenderer","",0.0064999996684491634
"Assets/_Project/Prefabs/Ships/Ship_Light_root (копия с компьютера DESKTOP-K00O7HK).prefab","Ship_Light_root (копия с компьютера DESKTOP-K00O7HK)[0]/project-c_ship_light_base_SHIP_GameReady[14]/UNDERBODY_BOLT_+0.00_+0.72[294]",true,"UnityEngine.Transform;UnityEngine.MeshFilter;UnityEngine.MeshRenderer","",0.0003499999875202775
"Assets/_Project/Prefabs/Ships/Ship_Light_root (копия с компьютера DESKTOP-K00O7HK).prefab","Ship_Light_root (копия с компьютера DESKTOP-K00O7HK)[0]/project-c_ship_light_base_SHIP_GameReady[14]/UNDERBODY_BOLT_+0.00_-0.72[295]",true,"UnityEngine.Transform;UnityEngine.MeshFilter;UnityEngine.MeshRenderer","",0.0003499999875202775
"Assets/_Project/Prefabs/Ships/Ship_Light_root (копия с компьютера DESKTOP-K00O7HK).prefab","Ship_Light_root (копия с компьютера DESKTOP-K00O7HK)[0]/project-c_ship_light_base_SHIP_GameReady[14]/UNDERBODY_BOLT_+1.30_+0.72[296]",true,"UnityEngine.Transform;UnityEngine.MeshFilter;UnityEngine.MeshRenderer","",0.0003499999875202775
"Assets/_Project/Prefabs/Ships/Ship_Light_root (копия с компьютера DESKTOP-K00O7HK).prefab","Ship_Light_root (копия с компьютера DESKTOP-K00O7HK)[0]/project-c_ship_light_base_SHIP_GameReady[14]/UNDERBODY_BOLT_+1.30_-0.72[297]",true,"UnityEngine.Transform;UnityEngine.MeshFilter;UnityEngine.MeshRenderer","",0.0003499999875202775
"Assets/_Project/Prefabs/Ships/Ship_Light_root (копия с компьютера DESKTOP-K00O7HK).prefab","Ship_Light_root (копия с компьютера DESKTOP-K00O7HK)[0]/project-c_ship_light_base_SHIP_GameReady[14]/UNDERBODY_BOLT_+2.60_+0.72[298]",true,"UnityEngine.Transform;UnityEngine.MeshFilter;UnityEngine.MeshRenderer","",0.0003499999875202775
"Assets/_Project/Prefabs/Ships/Ship_Light_root (копия с компьютера DESKTOP-K00O7HK).prefab","Ship_Light_root (копия с компьютера DESKTOP-K00O7HK)[0]/project-c_ship_light_base_SHIP_GameReady[14]/UNDERBODY_BOLT_+2.60_-0.72[299]",true,"UnityEngine.Transform;UnityEngine.MeshFilter;UnityEngine.MeshRenderer","",0.0003499999875202775
"Assets/_Project/Prefabs/Ships/Ship_Light_root (копия с компьютера DESKTOP-K00O7HK).prefab","Ship_Light_root (копия с компьютера DESKTOP-K00O7HK)[0]/project-c_ship_light_base_SHIP_GameReady[14]/UNDERBODY_BOLT_-1.30_+0.72[300]",true,"UnityEngine.Transform;UnityEngine.MeshFilter;UnityEngine.MeshRenderer","",0.0003499999875202775
"Assets/_Project/Prefabs/Ships/Ship_Light_root (копия с компьютера DESKTOP-K00O7HK).prefab","Ship_Light_root (копия с компьютера DESKTOP-K00O7HK)[0]/project-c_ship_light_base_SHIP_GameReady[14]/UNDERBODY_BOLT_-1.30_-0.72[301]",true,"UnityEngine.Transform;UnityEngine.MeshFilter;UnityEngine.MeshRenderer","",0.0003499999875202775
"Assets/_Project/Prefabs/Ships/Ship_Light_root (копия с компьютера DESKTOP-K00O7HK).prefab","Ship_Light_root (копия с компьютера DESKTOP-K00O7HK)[0]/project-c_ship_light_base_SHIP_GameReady[14]/UNDERBODY_BOLT_-2.60_+0.72[302]",true,"UnityEngine.Transform;UnityEngine.MeshFilter;UnityEngine.MeshRenderer","",0.0003499999875202775
"Assets/_Project/Prefabs/Ships/Ship_Light_root (копия с компьютера DESKTOP-K00O7HK).prefab","Ship_Light_root (копия с компьютера DESKTOP-K00O7HK)[0]/project-c_ship_light_base_SHIP_GameReady[14]/UNDERBODY_BOLT_-2.60_-0.72[303]",true,"UnityEngine.Transform;UnityEngine.MeshFilter;UnityEngine.MeshRenderer","",0.0003499999875202775
"Assets/_Project/Prefabs/Ships/Ship_Light_root (копия с компьютера DESKTOP-K00O7HK).prefab","Ship_Light_root (копия с компьютера DESKTOP-K00O7HK)[0]/project-c_ship_light_base_SHIP_GameReady[14]/UNDERBODY_SERVICE_PLATE_+0.00[304]",true,"UnityEngine.Transform;UnityEngine.MeshFilter;UnityEngine.MeshRenderer","",0.0094999996945261955
"Assets/_Project/Prefabs/Ships/Ship_Light_root (копия с компьютера DESKTOP-K00O7HK).prefab","Ship_Light_root (копия с компьютера DESKTOP-K00O7HK)[0]/project-c_ship_light_base_SHIP_GameReady[14]/UNDERBODY_SERVICE_PLATE_+1.30[305]",true,"UnityEngine.Transform;UnityEngine.MeshFilter;UnityEngine.MeshRenderer","",0.0094999996945261955
"Assets/_Project/Prefabs/Ships/Ship_Light_root (копия с компьютера DESKTOP-K00O7HK).prefab","Ship_Light_root (копия с компьютера DESKTOP-K00O7HK)[0]/project-c_ship_light_base_SHIP_GameReady[14]/UNDERBODY_SERVICE_PLATE_+2.60[306]",true,"UnityEngine.Transform;UnityEngine.MeshFilter;UnityEngine.MeshRenderer","",0.0094999996945261955
"Assets/_Project/Prefabs/Ships/Ship_Light_root (копия с компьютера DESKTOP-K00O7HK).prefab","Ship_Light_root (копия с компьютера DESKTOP-K00O7HK)[0]/project-c_ship_light_base_SHIP_GameReady[14]/UNDERBODY_SERVICE_PLATE_-1.30[307]",true,"UnityEngine.Transform;UnityEngine.MeshFilter;UnityEngine.MeshRenderer","",0.0094999996945261955
"Assets/_Project/Prefabs/Ships/Ship_Light_root (копия с компьютера DESKTOP-K00O7HK).prefab","Ship_Light_root (копия с компьютера DESKTOP-K00O7HK)[0]/project-c_ship_light_base_SHIP_GameReady[14]/UNDERBODY_SERVICE_PLATE_-2.60[308]",true,"UnityEngine.Transform;UnityEngine.MeshFilter;UnityEngine.MeshRenderer","",0.0094999996945261955
"Assets/_Project/Prefabs/Ships/Ship_Light_root (копия с компьютера DESKTOP-K00O7HK).prefab","Ship_Light_root (копия с компьютера DESKTOP-K00O7HK)[0]/project-c_ship_light_base_SHIP_GameReady[14]/UNDERFRAME_GUSSET_+0.00_L[309]",true,"UnityEngine.Transform;UnityEngine.MeshFilter;UnityEngine.MeshRenderer","",0.0023000000510364771
"Assets/_Project/Prefabs/Ships/Ship_Light_root (копия с компьютера DESKTOP-K00O7HK).prefab","Ship_Light_root (копия с компьютера DESKTOP-K00O7HK)[0]/project-c_ship_light_base_SHIP_GameReady[14]/UNDERFRAME_GUSSET_+0.00_R[310]",true,"UnityEngine.Transform;UnityEngine.MeshFilter;UnityEngine.MeshRenderer","",0.0023000000510364771
"Assets/_Project/Prefabs/Ships/Ship_Light_root (копия с компьютера DESKTOP-K00O7HK).prefab","Ship_Light_root (копия с компьютера DESKTOP-K00O7HK)[0]/project-c_ship_light_base_SHIP_GameReady[14]/UNDERFRAME_GUSSET_+1.55_L[311]",true,"UnityEngine.Transform;UnityEngine.MeshFilter;UnityEngine.MeshRenderer","",0.0023000000510364771
"Assets/_Project/Prefabs/Ships/Ship_Light_root (копия с компьютера DESKTOP-K00O7HK).prefab","Ship_Light_root (копия с компьютера DESKTOP-K00O7HK)[0]/project-c_ship_light_base_SHIP_GameReady[14]/UNDERFRAME_GUSSET_+1.55_R[312]",true,"UnityEngine.Transform;UnityEngine.MeshFilter;UnityEngine.MeshRenderer","",0.0023000000510364771
"Assets/_Project/Prefabs/Ships/Ship_Light_root (копия с компьютера DESKTOP-K00O7HK).prefab","Ship_Light_root (копия с компьютера DESKTOP-K00O7HK)[0]/project-c_ship_light_base_SHIP_GameReady[14]/UNDERFRAME_GUSSET_+3.10_L[313]",true,"UnityEngine.Transform;UnityEngine.MeshFilter;UnityEngine.MeshRenderer","",0.0023000000510364771
"Assets/_Project/Prefabs/Ships/Ship_Light_root (копия с компьютера DESKTOP-K00O7HK).prefab","Ship_Light_root (копия с компьютера DESKTOP-K00O7HK)[0]/project-c_ship_light_base_SHIP_GameReady[14]/UNDERFRAME_GUSSET_+3.10_R[314]",true,"UnityEngine.Transform;UnityEngine.MeshFilter;UnityEngine.MeshRenderer","",0.0023000000510364771
"Assets/_Project/Prefabs/Ships/Ship_Light_root (копия с компьютера DESKTOP-K00O7HK).prefab","Ship_Light_root (копия с компьютера DESKTOP-K00O7HK)[0]/project-c_ship_light_base_SHIP_GameReady[14]/UNDERFRAME_GUSSET_-1.55_L[315]",true,"UnityEngine.Transform;UnityEngine.MeshFilter;UnityEngine.MeshRenderer","",0.0023000000510364771
"Assets/_Project/Prefabs/Ships/Ship_Light_root (копия с компьютера DESKTOP-K00O7HK).prefab","Ship_Light_root (копия с компьютера DESKTOP-K00O7HK)[0]/project-c_ship_light_base_SHIP_GameReady[14]/UNDERFRAME_GUSSET_-1.55_R[316]",true,"UnityEngine.Transform;UnityEngine.MeshFilter;UnityEngine.MeshRenderer","",0.0023000000510364771
"Assets/_Project/Prefabs/Ships/Ship_Light_root (копия с компьютера DESKTOP-K00O7HK).prefab","Ship_Light_root (копия с компьютера DESKTOP-K00O7HK)[0]/project-c_ship_light_base_SHIP_GameReady[14]/UNDERFRAME_GUSSET_-3.10_L[317]",true,"UnityEngine.Transform;UnityEngine.MeshFilter;UnityEngine.MeshRenderer","",0.0023000000510364771
"Assets/_Project/Prefabs/Ships/Ship_Light_root (копия с компьютера DESKTOP-K00O7HK).prefab","Ship_Light_root (копия с компьютера DESKTOP-K00O7HK)[0]/project-c_ship_light_base_SHIP_GameReady[14]/UNDERFRAME_GUSSET_-3.10_R[318]",true,"UnityEngine.Transform;UnityEngine.MeshFilter;UnityEngine.MeshRenderer","",0.0023000000510364771
"Assets/_Project/Prefabs/Ships/Ship_Light_root (копия с компьютера DESKTOP-K00O7HK).prefab","Ship_Light_root (копия с компьютера DESKTOP-K00O7HK)[0]/project-c_ship_light_base_SHIP_GameReady[14]/UNDERFRAME_SIDE_RAIL_+1.45[319]",true,"UnityEngine.Transform;UnityEngine.MeshFilter;UnityEngine.MeshRenderer","",0.036749999970197678
"Assets/_Project/Prefabs/Ships/Ship_Light_root (копия с компьютера DESKTOP-K00O7HK).prefab","Ship_Light_root (копия с компьютера DESKTOP-K00O7HK)[0]/project-c_ship_light_base_SHIP_GameReady[14]/UNDERFRAME_SIDE_RAIL_-1.45[320]",true,"UnityEngine.Transform;UnityEngine.MeshFilter;UnityEngine.MeshRenderer","",0.036749999970197678
"Assets/_Project/Prefabs/Ships/Ship_Light_root (копия с компьютера DESKTOP-K00O7HK).prefab","Ship_Light_root (копия с компьютера DESKTOP-K00O7HK)[0]/project-c_ship_light_base_SHIP_GameReady[14]/UPG_CABLE_ANTENNA_L[321]",true,"UnityEngine.Transform;UnityEngine.MeshFilter;UnityEngine.MeshRenderer","",0.044084802269935608
"Assets/_Project/Prefabs/Ships/Ship_Light_root (копия с компьютера DESKTOP-K00O7HK).prefab","Ship_Light_root (копия с компьютера DESKTOP-K00O7HK)[0]/project-c_ship_light_base_SHIP_GameReady[14]/UPG_CABLE_ANTENNA_R[322]",true,"UnityEngine.Transform;UnityEngine.MeshFilter;UnityEngine.MeshRenderer","",0.044084310531616211
"Assets/_Project/Prefabs/Ships/Ship_Light_root (копия с компьютера DESKTOP-K00O7HK).prefab","Ship_Light_root (копия с компьютера DESKTOP-K00O7HK)[0]/project-c_ship_light_base_SHIP_GameReady[14]/UPG_CABLE_DECK_L[323]",true,"UnityEngine.Transform;UnityEngine.MeshFilter;UnityEngine.MeshRenderer","",0.021074609830975533
"Assets/_Project/Prefabs/Ships/Ship_Light_root (копия с компьютера DESKTOP-K00O7HK).prefab","Ship_Light_root (копия с компьютера DESKTOP-K00O7HK)[0]/project-c_ship_light_base_SHIP_GameReady[14]/UPG_CABLE_DECK_R[324]",true,"UnityEngine.Transform;UnityEngine.MeshFilter;UnityEngine.MeshRenderer","",0.021074609830975533
"Assets/_Project/Prefabs/Ships/Ship_Light_root (копия с компьютера DESKTOP-K00O7HK).prefab","Ship_Light_root (копия с компьютера DESKTOP-K00O7HK)[0]/project-c_ship_light_base_SHIP_GameReady[14]/UPG_CABLE_GRAVITY_L[325]",true,"UnityEngine.Transform;UnityEngine.MeshFilter;UnityEngine.MeshRenderer","",0.026101218536496162
"Assets/_Project/Prefabs/Ships/Ship_Light_root (копия с компьютера DESKTOP-K00O7HK).prefab","Ship_Light_root (копия с компьютера DESKTOP-K00O7HK)[0]/project-c_ship_light_base_SHIP_GameReady[14]/UPG_CABLE_GRAVITY_R[326]",true,"UnityEngine.Transform;UnityEngine.MeshFilter;UnityEngine.MeshRenderer","",0.026101218536496162
"Assets/_Project/Prefabs/Ships/Ship_Light_root (копия с компьютера DESKTOP-K00O7HK).prefab","Ship_Light_root (копия с компьютера DESKTOP-K00O7HK)[0]/project-c_ship_light_base_SHIP_GameReady[14]/UPG_CABLE_JUNCTION_BOLT_L_1.43[327]",true,"UnityEngine.Transform;UnityEngine.MeshFilter;UnityEngine.MeshRenderer","",0.00025000001187436283
"Assets/_Project/Prefabs/Ships/Ship_Light_root (копия с компьютера DESKTOP-K00O7HK).prefab","Ship_Light_root (копия с компьютера DESKTOP-K00O7HK)[0]/project-c_ship_light_base_SHIP_GameReady[14]/UPG_CABLE_JUNCTION_BOLT_L_1.53[328]",true,"UnityEngine.Transform;UnityEngine.MeshFilter;UnityEngine.MeshRenderer","",0.00025000001187436283
"Assets/_Project/Prefabs/Ships/Ship_Light_root (копия с компьютера DESKTOP-K00O7HK).prefab","Ship_Light_root (копия с компьютера DESKTOP-K00O7HK)[0]/project-c_ship_light_base_SHIP_GameReady[14]/UPG_CABLE_JUNCTION_BOLT_R_1.43[329]",true,"UnityEngine.Transform;UnityEngine.MeshFilter;UnityEngine.MeshRenderer","",0.00025000001187436283
"Assets/_Project/Prefabs/Ships/Ship_Light_root (копия с компьютера DESKTOP-K00O7HK).prefab","Ship_Light_root (копия с компьютера DESKTOP-K00O7HK)[0]/project-c_ship_light_base_SHIP_GameReady[14]/UPG_CABLE_JUNCTION_BOLT_R_1.53[330]",true,"UnityEngine.Transform;UnityEngine.MeshFilter;UnityEngine.MeshRenderer","",0.00025000001187436283
"Assets/_Project/Prefabs/Ships/Ship_Light_root (копия с компьютера DESKTOP-K00O7HK).prefab","Ship_Light_root (копия с компьютера DESKTOP-K00O7HK)[0]/project-c_ship_light_base_SHIP_GameReady[14]/UPG_CABLE_JUNCTION_L[331]",true,"UnityEngine.Transform;UnityEngine.MeshFilter;UnityEngine.MeshRenderer","",0.0017000000225380063
"Assets/_Project/Prefabs/Ships/Ship_Light_root (копия с компьютера DESKTOP-K00O7HK).prefab","Ship_Light_root (копия с компьютера DESKTOP-K00O7HK)[0]/project-c_ship_light_base_SHIP_GameReady[14]/UPG_CABLE_JUNCTION_R[332]",true,"UnityEngine.Transform;UnityEngine.MeshFilter;UnityEngine.MeshRenderer","",0.0017000000225380063
"Assets/_Project/Prefabs/Ships/Ship_Light_root (копия с компьютера DESKTOP-K00O7HK).prefab","Ship_Light_root (копия с компьютера DESKTOP-K00O7HK)[0]/project-c_ship_light_base_SHIP_GameReady[14]/UPG_CABLE_POWER_BLUE[333]",true,"UnityEngine.Transform;UnityEngine.MeshFilter;UnityEngine.MeshRenderer","",0.037069275975227356
"Assets/_Project/Prefabs/Ships/Ship_Light_root (копия с компьютера DESKTOP-K00O7HK).prefab","Ship_Light_root (копия с компьютера DESKTOP-K00O7HK)[0]/project-c_ship_light_base_SHIP_GameReady[14]/UPG_CABLE_POWER_RED[334]",true,"UnityEngine.Transform;UnityEngine.MeshFilter;UnityEngine.MeshRenderer","",0.037069275975227356
"Assets/_Project/Prefabs/Ships/Ship_Light_root (копия с компьютера DESKTOP-K00O7HK).prefab","Ship_Light_root (копия с компьютера DESKTOP-K00O7HK)[0]/project-c_ship_light_base_SHIP_GameReady[14]/UPG_CLAMP_00[335]",true,"UnityEngine.Transform;UnityEngine.MeshFilter;UnityEngine.MeshRenderer","",0.00057000003289431334
"Assets/_Project/Prefabs/Ships/Ship_Light_root (копия с компьютера DESKTOP-K00O7HK).prefab","Ship_Light_root (копия с компьютера DESKTOP-K00O7HK)[0]/project-c_ship_light_base_SHIP_GameReady[14]/UPG_CLAMP_01[336]",true,"UnityEngine.Transform;UnityEngine.MeshFilter;UnityEngine.MeshRenderer","",0.00057000003289431334
"Assets/_Project/Prefabs/Ships/Ship_Light_root (копия с компьютера DESKTOP-K00O7HK).prefab","Ship_Light_root (копия с компьютера DESKTOP-K00O7HK)[0]/project-c_ship_light_base_SHIP_GameReady[14]/UPG_CLAMP_02[337]",true,"UnityEngine.Transform;UnityEngine.MeshFilter;UnityEngine.MeshRenderer","",0.00057000003289431334
"Assets/_Project/Prefabs/Ships/Ship_Light_root (копия с компьютера DESKTOP-K00O7HK).prefab","Ship_Light_root (копия с компьютера DESKTOP-K00O7HK)[0]/project-c_ship_light_base_SHIP_GameReady[14]/UPG_CLAMP_03[338]",true,"UnityEngine.Transform;UnityEngine.MeshFilter;UnityEngine.MeshRenderer","",0.00057000003289431334
"Assets/_Project/Prefabs/Ships/Ship_Light_root (копия с компьютера DESKTOP-K00O7HK).prefab","Ship_Light_root (копия с компьютера DESKTOP-K00O7HK)[0]/project-c_ship_light_base_SHIP_GameReady[14]/UPG_CLAMP_04[339]",true,"UnityEngine.Transform;UnityEngine.MeshFilter;UnityEngine.MeshRenderer","",0.00057000003289431334
"Assets/_Project/Prefabs/Ships/Ship_Light_root (копия с компьютера DESKTOP-K00O7HK).prefab","Ship_Light_root (копия с компьютера DESKTOP-K00O7HK)[0]/project-c_ship_light_base_SHIP_GameReady[14]/UPG_CLAMP_05[340]",true,"UnityEngine.Transform;UnityEngine.MeshFilter;UnityEngine.MeshRenderer","",0.00057000003289431334
"Assets/_Project/Prefabs/Ships/Ship_Light_root (копия с компьютера DESKTOP-K00O7HK).prefab","Ship_Light_root (копия с компьютера DESKTOP-K00O7HK)[0]/project-c_ship_light_base_SHIP_GameReady[14]/UPG_CLAMP_06[341]",true,"UnityEngine.Transform;UnityEngine.MeshFilter;UnityEngine.MeshRenderer","",0.00057000003289431334
"Assets/_Project/Prefabs/Ships/Ship_Light_root (копия с компьютера DESKTOP-K00O7HK).prefab","Ship_Light_root (копия с компьютера DESKTOP-K00O7HK)[0]/project-c_ship_light_base_SHIP_GameReady[14]/UPG_CLAMP_07[342]",true,"UnityEngine.Transform;UnityEngine.MeshFilter;UnityEngine.MeshRenderer","",0.00057000003289431334
"Assets/_Project/Prefabs/Ships/Ship_Light_root (копия с компьютера DESKTOP-K00O7HK).prefab","Ship_Light_root (копия с компьютера DESKTOP-K00O7HK)[0]/project-c_ship_light_base_SHIP_GameReady[14]/UPG_CLAMP_08[343]",true,"UnityEngine.Transform;UnityEngine.MeshFilter;UnityEngine.MeshRenderer","",0.00057000003289431334
"Assets/_Project/Prefabs/Ships/Ship_Light_root (копия с компьютера DESKTOP-K00O7HK).prefab","Ship_Light_root (копия с компьютера DESKTOP-K00O7HK)[0]/project-c_ship_light_base_SHIP_GameReady[14]/UPG_CLAMP_09[344]",true,"UnityEngine.Transform;UnityEngine.MeshFilter;UnityEngine.MeshRenderer","",0.00057000003289431334
"Assets/_Project/Prefabs/Ships/Ship_Light_root_fbx_test.prefab","Ship_Light_root_fbx_test[0]",true,"UnityEngine.Transform;UnityEngine.MeshFilter;UnityEngine.BoxCollider;UnityEngine.MeshRenderer;UnityEngine.Rigidbody;Unity.Netcode.NetworkObject;ProjectC.Player.ShipController;Unity.Netcode.Components.NetworkTransform;ProjectC.Ship.ShipFuelSystem;ProjectC.Ship.ShipModuleManager;ProjectC.Ship.MeziyModuleActivator;ProjectC.Ship.Key.ShipOwnershipRequirement;ProjectC.Ship.Combat.ShipHull;ProjectC.Ship.ShipModuleVisualApplier;ProjectC.Ship.ShipRootReference;ProjectC.Player.ShipInputReader;ProjectC.Ship.ShipModuleServer;ProjectC.World.Clouds.ShipWakeCloudCutter","authority=Owner;local=False;interpolate=True;half=False",0.5
"Assets/_Project/Prefabs/Ships/Ship_Light_root_fbx_test.prefab","Ship_Light_root_fbx_test[0]/PilotSeat[0]",true,"UnityEngine.Transform;UnityEngine.MeshFilter;UnityEngine.MeshRenderer;UnityEngine.BoxCollider;ProjectC.Ship.PilotSeatController;ProjectC.Ship.ShipRootReference","",0.5
"Assets/_Project/Prefabs/Ships/Ship_Light_root_fbx_test.prefab","Ship_Light_root_fbx_test[0]/Slot_MODULE_LIFT_ENH[1]",true,"UnityEngine.Transform;ProjectC.Ship.ModuleSlot","",
"Assets/_Project/Prefabs/Ships/Ship_Light_root_fbx_test.prefab","Ship_Light_root_fbx_test[0]/Slot_MODULE_MEZIY_PITCH[2]",true,"UnityEngine.Transform;ProjectC.Ship.ModuleSlot","",
"Assets/_Project/Prefabs/Ships/Ship_Light_root_fbx_test.prefab","Ship_Light_root_fbx_test[0]/Slot_MODULE_MEZIY_ROLL[3]",true,"UnityEngine.Transform;ProjectC.Ship.ModuleSlot","",
"Assets/_Project/Prefabs/Ships/Ship_Light_root_fbx_test.prefab","Ship_Light_root_fbx_test[0]/Slot_MODULE_MEZIY_THRUST[4]",true,"UnityEngine.Transform;ProjectC.Ship.ModuleSlot","",
"Assets/_Project/Prefabs/Ships/Ship_Light_root_fbx_test.prefab","Ship_Light_root_fbx_test[0]/Slot_MODULE_MEZIY_YAW[5]",true,"UnityEngine.Transform;ProjectC.Ship.ModuleSlot","",
"Assets/_Project/Prefabs/Ships/Ship_Light_root_fbx_test.prefab","Ship_Light_root_fbx_test[0]/Slot_MODULE_PITCH_ENH[6]",true,"UnityEngine.Transform;ProjectC.Ship.ModuleSlot","",
"Assets/_Project/Prefabs/Ships/Ship_Light_root_fbx_test.prefab","Ship_Light_root_fbx_test[0]/Slot_MODULE_ROLL[7]",true,"UnityEngine.Transform;ProjectC.Ship.ModuleSlot","",
"Assets/_Project/Prefabs/Ships/Ship_Light_root_fbx_test.prefab","Ship_Light_root_fbx_test[0]/Slot_MODULE_YAW_ENH[8]",true,"UnityEngine.Transform;ProjectC.Ship.ModuleSlot","",
"Assets/_Project/Prefabs/Ships/Ship_Light_root_fbx_test.prefab","Ship_Light_root_fbx_test[0]/Slot_cargo[9]",true,"UnityEngine.Transform;ProjectC.Ship.ModuleSlot","",
"Assets/_Project/Prefabs/Ships/Ship_Light_root_fbx_test.prefab","Ship_Light_root_fbx_test[0]/CargoVisual[10]",true,"UnityEngine.Transform;ProjectC.Ship.Cargo.ShipCargoVisual;ProjectC.Ship.ShipRootReference;UnityEngine.BoxCollider","",
"Assets/_Project/Prefabs/Ships/Ship_Light_root_fbx_test.prefab","Ship_Light_root_fbx_test[0]/Slot_Engine[11]",true,"UnityEngine.Transform;ProjectC.Ship.ModuleSlot;ProjectC.Ship.Engine.EngineThrusterVisual;ProjectC.Ship.ShipPartShake","",
"Assets/_Project/Prefabs/Ships/Ship_Light_root_fbx_test.prefab","Ship_Light_root_fbx_test[0]/Slot_Engine[11]/EngineVisuals[0]/project-c_ship_light_base_ROTOR_GameReady[0]",true,"UnityEngine.Transform;ProjectC.Ship.ShipRootReference","",
"Assets/_Project/Prefabs/Ships/Ship_Light_root_fbx_test.prefab","Ship_Light_root_fbx_test[0]/Slot_Engine[11]/EngineVisuals[0]/project-c_ship_light_base_ROTOR_GameReady[0]/ENGINE_PROP_BLADE_1[0]",true,"UnityEngine.Transform;UnityEngine.MeshFilter;UnityEngine.MeshRenderer","",0.0076819467358291149
"Assets/_Project/Prefabs/Ships/Ship_Light_root_fbx_test.prefab","Ship_Light_root_fbx_test[0]/Slot_Engine[11]/EngineVisuals[0]/project-c_ship_light_base_ROTOR_GameReady[0]/ENGINE_PROP_BLADE_2[1]",true,"UnityEngine.Transform;UnityEngine.MeshFilter;UnityEngine.MeshRenderer","",0.0063216420821845531
"Assets/_Project/Prefabs/Ships/Ship_Light_root_fbx_test.prefab","Ship_Light_root_fbx_test[0]/Slot_Engine[11]/EngineVisuals[0]/project-c_ship_light_base_ROTOR_GameReady[0]/ENGINE_PROP_BLADE_3[2]",true,"UnityEngine.Transform;UnityEngine.MeshFilter;UnityEngine.MeshRenderer","",0.0076461159624159336
"Assets/_Project/Prefabs/Ships/Ship_Light_root_fbx_test.prefab","Ship_Light_root_fbx_test[0]/Slot_Engine[11]/EngineVisuals[0]/project-c_ship_light_base_ROTOR_GameReady[0]/ENGINE_PROP_HUB[3]",true,"UnityEngine.Transform;UnityEngine.MeshFilter;UnityEngine.MeshRenderer","",0.0023547452874481678
"Assets/_Project/Prefabs/Ships/Ship_Light_root_fbx_test.prefab","Ship_Light_root_fbx_test[0]/Slot_Engine[11]/EngineVisuals[0]/project-c_ship_light_base_ROTOR_GameReady[0]/ENGINE_PROP_HUB_RING[4]",true,"UnityEngine.Transform;UnityEngine.MeshFilter;UnityEngine.MeshRenderer","",0.0027499999850988388
"Assets/_Project/Prefabs/Ships/Ship_Light_root_fbx_test.prefab","Ship_Light_root_fbx_test[0]/Slot_Engine[11]/EngineVisuals[0]/project-c_ship_light_base_ROTOR_GameReady[0]/ENGINE_SHAFT[5]",true,"UnityEngine.Transform;UnityEngine.MeshFilter;UnityEngine.MeshRenderer","",0.0036000001709908247
"Assets/_Project/Prefabs/Ships/Ship_Light_root_fbx_test.prefab","Ship_Light_root_fbx_test[0]/Slot_Engine[11]/EngineVisuals[0]/project-c_ship_light_base_ROTOR_GameReady[0]/ENGINE_SHAFT_COLLAR_0.00[6]",true,"UnityEngine.Transform;UnityEngine.MeshFilter;UnityEngine.MeshRenderer","",0.0018500000005587935
"Assets/_Project/Prefabs/Ships/Ship_Light_root_fbx_test.prefab","Ship_Light_root_fbx_test[0]/Slot_Engine[11]/EngineVisuals[0]/project-c_ship_light_base_ROTOR_GameReady[0]/ENGINE_SHAFT_COLLAR_0.27[7]",true,"UnityEngine.Transform;UnityEngine.MeshFilter;UnityEngine.MeshRenderer","",0.0018500000005587935
"Assets/_Project/Prefabs/Ships/Ship_Light_root_fbx_test.prefab","Ship_Light_root_fbx_test[0]/Slot_Engine[11]/EngineVisuals[0]/project-c_ship_light_base_ROTOR_GameReady[0]/ENGINE_SHAFT_COLLAR_0.54[8]",true,"UnityEngine.Transform;UnityEngine.MeshFilter;UnityEngine.MeshRenderer","",0.0018500000005587935
"Assets/_Project/Prefabs/Ships/Ship_Light_root_fbx_test.prefab","Ship_Light_root_fbx_test[0]/Slot_Engine[11]/EngineVisuals[0]/project-c_ship_light_base_MOTOR_GameReady[1]",true,"UnityEngine.Transform;ProjectC.Ship.ShipRootReference","",
"Assets/_Project/Prefabs/Ships/Ship_Light_root_fbx_test.prefab","Ship_Light_root_fbx_test[0]/Slot_Engine[11]/EngineVisuals[0]/project-c_ship_light_base_MOTOR_GameReady[1]/ENGINE_ARMOR_LEFT[0]",true,"UnityEngine.Transform;UnityEngine.MeshFilter;UnityEngine.MeshRenderer","",0.0058999997563660145
"Assets/_Project/Prefabs/Ships/Ship_Light_root_fbx_test.prefab","Ship_Light_root_fbx_test[0]/Slot_Engine[11]/EngineVisuals[0]/project-c_ship_light_base_MOTOR_GameReady[1]/ENGINE_ARMOR_RIGHT[1]",true,"UnityEngine.Transform;UnityEngine.MeshFilter;UnityEngine.MeshRenderer","",0.0058999997563660145
"Assets/_Project/Prefabs/Ships/Ship_Light_root_fbx_test.prefab","Ship_Light_root_fbx_test[0]/Slot_Engine[11]/EngineVisuals[0]/project-c_ship_light_base_MOTOR_GameReady[1]/ENGINE_ARMOR_TOP[2]",true,"UnityEngine.Transform;UnityEngine.MeshFilter;UnityEngine.MeshRenderer","",0.006750000175088644
"Assets/_Project/Prefabs/Ships/Ship_Light_root_fbx_test.prefab","Ship_Light_root_fbx_test[0]/Slot_Engine[11]/EngineVisuals[0]/project-c_ship_light_base_MOTOR_GameReady[1]/ENGINE_COOLING_SLAT_L_1[3]",true,"UnityEngine.Transform;UnityEngine.MeshFilter;UnityEngine.MeshRenderer","",0.0011999999405816197
"Assets/_Project/Prefabs/Ships/Ship_Light_root_fbx_test.prefab","Ship_Light_root_fbx_test[0]/Slot_Engine[11]/EngineVisuals[0]/project-c_ship_light_base_MOTOR_GameReady[1]/ENGINE_COOLING_SLAT_L_2[4]",true,"UnityEngine.Transform;UnityEngine.MeshFilter;UnityEngine.MeshRenderer","",0.0011999999405816197
"Assets/_Project/Prefabs/Ships/Ship_Light_root_fbx_test.prefab","Ship_Light_root_fbx_test[0]/Slot_Engine[11]/EngineVisuals[0]/project-c_ship_light_base_MOTOR_GameReady[1]/ENGINE_COOLING_SLAT_L_3[5]",true,"UnityEngine.Transform;UnityEngine.MeshFilter;UnityEngine.MeshRenderer","",0.0011999999405816197
"Assets/_Project/Prefabs/Ships/Ship_Light_root_fbx_test.prefab","Ship_Light_root_fbx_test[0]/Slot_Engine[11]/EngineVisuals[0]/project-c_ship_light_base_MOTOR_GameReady[1]/ENGINE_COOLING_SLAT_L_4[6]",true,"UnityEngine.Transform;UnityEngine.MeshFilter;UnityEngine.MeshRenderer","",0.0011999999405816197
"Assets/_Project/Prefabs/Ships/Ship_Light_root_fbx_test.prefab","Ship_Light_root_fbx_test[0]/Slot_Engine[11]/EngineVisuals[0]/project-c_ship_light_base_MOTOR_GameReady[1]/ENGINE_COOLING_SLAT_R_1[7]",true,"UnityEngine.Transform;UnityEngine.MeshFilter;UnityEngine.MeshRenderer","",0.0011999999405816197
"Assets/_Project/Prefabs/Ships/Ship_Light_root_fbx_test.prefab","Ship_Light_root_fbx_test[0]/Slot_Engine[11]/EngineVisuals[0]/project-c_ship_light_base_MOTOR_GameReady[1]/ENGINE_COOLING_SLAT_R_2[8]",true,"UnityEngine.Transform;UnityEngine.MeshFilter;UnityEngine.MeshRenderer","",0.0011999999405816197
"Assets/_Project/Prefabs/Ships/Ship_Light_root_fbx_test.prefab","Ship_Light_root_fbx_test[0]/Slot_Engine[11]/EngineVisuals[0]/project-c_ship_light_base_MOTOR_GameReady[1]/ENGINE_COOLING_SLAT_R_3[9]",true,"UnityEngine.Transform;UnityEngine.MeshFilter;UnityEngine.MeshRenderer","",0.0011999999405816197
"Assets/_Project/Prefabs/Ships/Ship_Light_root_fbx_test.prefab","Ship_Light_root_fbx_test[0]/Slot_Engine[11]/EngineVisuals[0]/project-c_ship_light_base_MOTOR_GameReady[1]/ENGINE_COOLING_SLAT_R_4[10]",true,"UnityEngine.Transform;UnityEngine.MeshFilter;UnityEngine.MeshRenderer","",0.0011999999405816197
"Assets/_Project/Prefabs/Ships/Ship_Light_root_fbx_test.prefab","Ship_Light_root_fbx_test[0]/Slot_Engine[11]/EngineVisuals[0]/project-c_ship_light_base_MOTOR_GameReady[1]/ENGINE_DRIVE_COUPLING[11]",true,"UnityEngine.Transform;UnityEngine.MeshFilter;UnityEngine.MeshRenderer","",0.0027000000700354576
"Assets/_Project/Prefabs/Ships/Ship_Light_root_fbx_test.prefab","Ship_Light_root_fbx_test[0]/Slot_Engine[11]/EngineVisuals[0]/project-c_ship_light_base_MOTOR_GameReady[1]/ENGINE_DRIVE_COUPLING_RING[12]",true,"UnityEngine.Transform;UnityEngine.MeshFilter;UnityEngine.MeshRenderer","",0.0030999998562037945
"Assets/_Project/Prefabs/Ships/Ship_Light_root_fbx_test.prefab","Ship_Light_root_fbx_test[0]/Slot_Engine[11]/EngineVisuals[0]/project-c_ship_light_base_MOTOR_GameReady[1]/ENGINE_EXHAUST_BAND_01[13]",true,"UnityEngine.Transform;UnityEngine.MeshFilter;UnityEngine.MeshRenderer","",0.0017099999822676182
"Assets/_Project/Prefabs/Ships/Ship_Light_root_fbx_test.prefab","Ship_Light_root_fbx_test[0]/Slot_Engine[11]/EngineVisuals[0]/project-c_ship_light_base_MOTOR_GameReady[1]/ENGINE_EXHAUST_BAND_02[14]",true,"UnityEngine.Transform;UnityEngine.MeshFilter;UnityEngine.MeshRenderer","",0.0017099999822676182
"Assets/_Project/Prefabs/Ships/Ship_Light_root_fbx_test.prefab","Ship_Light_root_fbx_test[0]/Slot_Engine[11]/EngineVisuals[0]/project-c_ship_light_base_MOTOR_GameReady[1]/ENGINE_EXHAUST_BAND_03[15]",true,"UnityEngine.Transform;UnityEngine.MeshFilter;UnityEngine.MeshRenderer","",0.0017099999822676182
"Assets/_Project/Prefabs/Ships/Ship_Light_root_fbx_test.prefab","Ship_Light_root_fbx_test[0]/Slot_Engine[11]/EngineVisuals[0]/project-c_ship_light_base_MOTOR_GameReady[1]/ENGINE_EXHAUST_CAP[16]",true,"UnityEngine.Transform;UnityEngine.MeshFilter;UnityEngine.MeshRenderer","",0.001500000013038516
"Assets/_Project/Prefabs/Ships/Ship_Light_root_fbx_test.prefab","Ship_Light_root_fbx_test[0]/Slot_Engine[11]/EngineVisuals[0]/project-c_ship_light_base_MOTOR_GameReady[1]/ENGINE_EXHAUST_STACK[17]",true,"UnityEngine.Transform;UnityEngine.MeshFilter;UnityEngine.MeshRenderer","",0.0057499995455145836
"Assets/_Project/Prefabs/Ships/Ship_Light_root_fbx_test.prefab","Ship_Light_root_fbx_test[0]/Slot_Engine[11]/EngineVisuals[0]/project-c_ship_light_base_MOTOR_GameReady[1]/ENGINE_EXHAUST_SUPPORT_BRACE[18]",true,"UnityEngine.Transform;UnityEngine.MeshFilter;UnityEngine.MeshRenderer","",0.0015999999595806003
"Assets/_Project/Prefabs/Ships/Ship_Light_root_fbx_test.prefab","Ship_Light_root_fbx_test[0]/Slot_Engine[11]/EngineVisuals[0]/project-c_ship_light_base_MOTOR_GameReady[1]/ENGINE_EXHAUST_SUPPORT_PAD[19]",true,"UnityEngine.Transform;UnityEngine.MeshFilter;UnityEngine.MeshRenderer","",0.0010999999940395355
"Assets/_Project/Prefabs/Ships/Ship_Light_root_fbx_test.prefab","Ship_Light_root_fbx_test[0]/Slot_Engine[11]/EngineVisuals[0]/project-c_ship_light_base_MOTOR_GameReady[1]/ENGINE_HEAT_SHIELD[20]",true,"UnityEngine.Transform;UnityEngine.MeshFilter;UnityEngine.MeshRenderer","",0.0046000001020729542
"Assets/_Project/Prefabs/Ships/Ship_Light_root_fbx_test.prefab","Ship_Light_root_fbx_test[0]/Slot_Engine[11]/EngineVisuals[0]/project-c_ship_light_base_MOTOR_GameReady[1]/ENGINE_HEAT_SHIELD_RIB_1.58[21]",true,"UnityEngine.Transform;UnityEngine.MeshFilter;UnityEngine.MeshRenderer","",0.0030000000260770321
"Assets/_Project/Prefabs/Ships/Ship_Light_root_fbx_test.prefab","Ship_Light_root_fbx_test[0]/Slot_Engine[11]/EngineVisuals[0]/project-c_ship_light_base_MOTOR_GameReady[1]/ENGINE_HEAT_SHIELD_RIB_1.82[22]",true,"UnityEngine.Transform;UnityEngine.MeshFilter;UnityEngine.MeshRenderer","",0.0030000000260770321
"Assets/_Project/Prefabs/Ships/Ship_Light_root_fbx_test.prefab","Ship_Light_root_fbx_test[0]/Slot_Engine[11]/EngineVisuals[0]/project-c_ship_light_base_MOTOR_GameReady[1]/ENGINE_HEAT_SHIELD_RIB_2.06[23]",true,"UnityEngine.Transform;UnityEngine.MeshFilter;UnityEngine.MeshRenderer","",0.0030000000260770321
"Assets/_Project/Prefabs/Ships/Ship_Light_root_fbx_test.prefab","Ship_Light_root_fbx_test[0]/Slot_Engine[11]/EngineVisuals[0]/project-c_ship_light_base_MOTOR_GameReady[1]/ENGINE_HEAT_SHIELD_RIB_2.30[24]",true,"UnityEngine.Transform;UnityEngine.MeshFilter;UnityEngine.MeshRenderer","",0.0030000000260770321
"Assets/_Project/Prefabs/Ships/Ship_Light_root_fbx_test.prefab","Ship_Light_root_fbx_test[0]/Slot_Engine[11]/EngineVisuals[0]/project-c_ship_light_base_MOTOR_GameReady[1]/ENGINE_HOUSING[25]",true,"UnityEngine.Transform;UnityEngine.MeshFilter;UnityEngine.MeshRenderer","",0.0054999999701976776
"Assets/_Project/Prefabs/Ships/Ship_Light_root_fbx_test.prefab","Ship_Light_root_fbx_test[0]/Slot_Engine[11]/EngineVisuals[0]/project-c_ship_light_base_MOTOR_GameReady[1]/ENGINE_HOUSING_BAND_01[26]",true,"UnityEngine.Transform;UnityEngine.MeshFilter;UnityEngine.MeshRenderer","",0.0051100002601742744
"Assets/_Project/Prefabs/Ships/Ship_Light_root_fbx_test.prefab","Ship_Light_root_fbx_test[0]/Slot_Engine[11]/EngineVisuals[0]/project-c_ship_light_base_MOTOR_GameReady[1]/ENGINE_HOUSING_BAND_02[27]",true,"UnityEngine.Transform;UnityEngine.MeshFilter;UnityEngine.MeshRenderer","",0.0054099997505545616
"Assets/_Project/Prefabs/Ships/Ship_Light_root_fbx_test.prefab","Ship_Light_root_fbx_test[0]/Slot_Engine[11]/EngineVisuals[0]/project-c_ship_light_base_MOTOR_GameReady[1]/ENGINE_HOUSING_BAND_03[28]",true,"UnityEngine.Transform;UnityEngine.MeshFilter;UnityEngine.MeshRenderer","",0.0054099997505545616
"Assets/_Project/Prefabs/Ships/Ship_Light_root_fbx_test.prefab","Ship_Light_root_fbx_test[0]/Slot_Engine[11]/EngineVisuals[0]/project-c_ship_light_base_MOTOR_GameReady[1]/ENGINE_HOUSING_BAND_04[29]",true,"UnityEngine.Transform;UnityEngine.MeshFilter;UnityEngine.MeshRenderer","",0.0051100002601742744
"Assets/_Project/Prefabs/Ships/Ship_Light_root_fbx_test.prefab","Ship_Light_root_fbx_test[0]/Slot_Engine[11]/EngineVisuals[0]/project-c_ship_light_base_MOTOR_GameReady[1]/ENGINE_INSPECTION_BOLT_L_1[30]",true,"UnityEngine.Transform;UnityEngine.MeshFilter;UnityEngine.MeshRenderer","",0.00022500001068692654
"Assets/_Project/Prefabs/Ships/Ship_Light_root_fbx_test.prefab","Ship_Light_root_fbx_test[0]/Slot_Engine[11]/EngineVisuals[0]/project-c_ship_light_base_MOTOR_GameReady[1]/ENGINE_INSPECTION_BOLT_L_2[31]",true,"UnityEngine.Transform;UnityEngine.MeshFilter;UnityEngine.MeshRenderer","",0.00022500001068692654
"Assets/_Project/Prefabs/Ships/Ship_Light_root_fbx_test.prefab","Ship_Light_root_fbx_test[0]/Slot_Engine[11]/EngineVisuals[0]/project-c_ship_light_base_MOTOR_GameReady[1]/ENGINE_INSPECTION_BOLT_L_3[32]",true,"UnityEngine.Transform;UnityEngine.MeshFilter;UnityEngine.MeshRenderer","",0.00022500001068692654
"Assets/_Project/Prefabs/Ships/Ship_Light_root_fbx_test.prefab","Ship_Light_root_fbx_test[0]/Slot_Engine[11]/EngineVisuals[0]/project-c_ship_light_base_MOTOR_GameReady[1]/ENGINE_INSPECTION_BOLT_R_1[33]",true,"UnityEngine.Transform;UnityEngine.MeshFilter;UnityEngine.MeshRenderer","",0.00022500001068692654
"Assets/_Project/Prefabs/Ships/Ship_Light_root_fbx_test.prefab","Ship_Light_root_fbx_test[0]/Slot_Engine[11]/EngineVisuals[0]/project-c_ship_light_base_MOTOR_GameReady[1]/ENGINE_INSPECTION_BOLT_R_2[34]",true,"UnityEngine.Transform;UnityEngine.MeshFilter;UnityEngine.MeshRenderer","",0.00022500001068692654
"Assets/_Project/Prefabs/Ships/Ship_Light_root_fbx_test.prefab","Ship_Light_root_fbx_test[0]/Slot_Engine[11]/EngineVisuals[0]/project-c_ship_light_base_MOTOR_GameReady[1]/ENGINE_INSPECTION_BOLT_R_3[35]",true,"UnityEngine.Transform;UnityEngine.MeshFilter;UnityEngine.MeshRenderer","",0.00022500001068692654
"Assets/_Project/Prefabs/Ships/Ship_Light_root_fbx_test.prefab","Ship_Light_root_fbx_test[0]/Slot_Engine[11]/EngineVisuals[0]/project-c_ship_light_base_MOTOR_GameReady[1]/ENGINE_INSPECTION_PANEL_L[36]",true,"UnityEngine.Transform;UnityEngine.MeshFilter;UnityEngine.MeshRenderer","",0.002099999925121665
"Assets/_Project/Prefabs/Ships/Ship_Light_root_fbx_test.prefab","Ship_Light_root_fbx_test[0]/Slot_Engine[11]/EngineVisuals[0]/project-c_ship_light_base_MOTOR_GameReady[1]/ENGINE_INSPECTION_PANEL_R[37]",true,"UnityEngine.Transform;UnityEngine.MeshFilter;UnityEngine.MeshRenderer","",0.002099999925121665
"Assets/_Project/Prefabs/Ships/Ship_Light_root_fbx_test.prefab","Ship_Light_root_fbx_test[0]/Slot_Engine[11]/EngineVisuals[0]/project-c_ship_light_base_MOTOR_GameReady[1]/ENGINE_MOUNT_ARM_L[38]",true,"UnityEngine.Transform;UnityEngine.MeshFilter;UnityEngine.MeshRenderer","",0.0023999998811632395
"Assets/_Project/Prefabs/Ships/Ship_Light_root_fbx_test.prefab","Ship_Light_root_fbx_test[0]/Slot_Engine[11]/EngineVisuals[0]/project-c_ship_light_base_MOTOR_GameReady[1]/ENGINE_MOUNT_ARM_R[39]",true,"UnityEngine.Transform;UnityEngine.MeshFilter;UnityEngine.MeshRenderer","",0.0023999998811632395
"Assets/_Project/Prefabs/Ships/Ship_Light_root_fbx_test.prefab","Ship_Light_root_fbx_test[0]/Slot_Engine[11]/EngineVisuals[0]/project-c_ship_light_base_MOTOR_GameReady[1]/ENGINE_MOUNT_BOLT_+0.48[40]",true,"UnityEngine.Transform;UnityEngine.MeshFilter;UnityEngine.MeshRenderer","",0.00079999997979030013
"Assets/_Project/Prefabs/Ships/Ship_Light_root_fbx_test.prefab","Ship_Light_root_fbx_test[0]/Slot_Engine[11]/EngineVisuals[0]/project-c_ship_light_base_MOTOR_GameReady[1]/ENGINE_MOUNT_BOLT_-0.48[41]",true,"UnityEngine.Transform;UnityEngine.MeshFilter;UnityEngine.MeshRenderer","",0.00079999997979030013
"Assets/_Project/Prefabs/Ships/Ship_Light_root_fbx_test.prefab","Ship_Light_root_fbx_test[0]/Slot_Engine[11]/EngineVisuals[0]/project-c_ship_light_base_MOTOR_GameReady[1]/ENGINE_MOUNT_FOOT_L[42]",true,"UnityEngine.Transform;UnityEngine.MeshFilter;UnityEngine.MeshRenderer","",0.0017000000225380063
"Assets/_Project/Prefabs/Ships/Ship_Light_root_fbx_test.prefab","Ship_Light_root_fbx_test[0]/Slot_Engine[11]/EngineVisuals[0]/project-c_ship_light_base_MOTOR_GameReady[1]/ENGINE_MOUNT_FOOT_R[43]",true,"UnityEngine.Transform;UnityEngine.MeshFilter;UnityEngine.MeshRenderer","",0.0017000000225380063
"Assets/_Project/Prefabs/Ships/Ship_Light_root_fbx_test.prefab","Ship_Light_root_fbx_test[0]/Slot_Engine[11]/EngineVisuals[0]/project-c_ship_light_base_MOTOR_GameReady[1]/ENGINE_PRESSURE_CELL_COLLAR_L[44]",true,"UnityEngine.Transform;UnityEngine.MeshFilter;UnityEngine.MeshRenderer","",0.0012600000482052565
"Assets/_Project/Prefabs/Ships/Ship_Light_root_fbx_test.prefab","Ship_Light_root_fbx_test[0]/Slot_Engine[11]/EngineVisuals[0]/project-c_ship_light_base_MOTOR_GameReady[1]/ENGINE_PRESSURE_CELL_COLLAR_R[45]",true,"UnityEngine.Transform;UnityEngine.MeshFilter;UnityEngine.MeshRenderer","",0.0012600000482052565
"Assets/_Project/Prefabs/Ships/Ship_Light_root_fbx_test.prefab","Ship_Light_root_fbx_test[0]/Slot_Engine[11]/EngineVisuals[0]/project-c_ship_light_base_MOTOR_GameReady[1]/ENGINE_PRESSURE_CELL_L[46]",true,"UnityEngine.Transform;UnityEngine.MeshFilter;UnityEngine.MeshRenderer","",0.0018999999156221747
"Assets/_Project/Prefabs/Ships/Ship_Light_root_fbx_test.prefab","Ship_Light_root_fbx_test[0]/Slot_Engine[11]/EngineVisuals[0]/project-c_ship_light_base_MOTOR_GameReady[1]/ENGINE_PRESSURE_CELL_R[47]",true,"UnityEngine.Transform;UnityEngine.MeshFilter;UnityEngine.MeshRenderer","",0.0018999999156221747
"Assets/_Project/Prefabs/Ships/Ship_Light_root_fbx_test.prefab","Ship_Light_root_fbx_test[0]/Slot_Engine[11]/EngineVisuals[0]/project-c_ship_light_base_MOTOR_GameReady[1]/ENGINE_PROP_GUARD[48]",true,"UnityEngine.Transform;UnityEngine.MeshFilter;UnityEngine.MeshRenderer","",0.0065051279962062836
"Assets/_Project/Prefabs/Ships/Ship_Light_root_fbx_test.prefab","Ship_Light_root_fbx_test[0]/Slot_Engine[11]/EngineVisuals[0]/project-c_ship_light_base_MOTOR_GameReady[1]/ENGINE_PROP_GUARD_SPOKE_0.00[49]",true,"UnityEngine.Transform;UnityEngine.MeshFilter;UnityEngine.MeshRenderer","",0.0034000000450760126
"Assets/_Project/Prefabs/Ships/Ship_Light_root_fbx_test.prefab","Ship_Light_root_fbx_test[0]/Slot_Engine[11]/EngineVisuals[0]/project-c_ship_light_base_MOTOR_GameReady[1]/ENGINE_PROP_GUARD_SPOKE_1.57[50]",true,"UnityEngine.Transform;UnityEngine.MeshFilter;UnityEngine.MeshRenderer","",0.0033999995794147253
"Assets/_Project/Prefabs/Ships/Ship_Light_root_fbx_test.prefab","Ship_Light_root_fbx_test[0]/Slot_Engine[11]/EngineVisuals[0]/project-c_ship_light_base_MOTOR_GameReady[1]/ENGINE_PROP_GUARD_SPOKE_3.14[51]",true,"UnityEngine.Transform;UnityEngine.MeshFilter;UnityEngine.MeshRenderer","",0.0034000000450760126
"Assets/_Project/Prefabs/Ships/Ship_Light_root_fbx_test.prefab","Ship_Light_root_fbx_test[0]/Slot_Engine[11]/EngineVisuals[0]/project-c_ship_light_base_MOTOR_GameReady[1]/ENGINE_PROP_GUARD_SPOKE_4.71[52]",true,"UnityEngine.Transform;UnityEngine.MeshFilter;UnityEngine.MeshRenderer","",0.0033999995794147253
"Assets/_Project/Prefabs/Ships/Ship_Light_root_fbx_test.prefab","Ship_Light_root_fbx_test[0]/Slot_Engine[11]/EngineVisuals[0]/project-c_ship_light_base_MOTOR_GameReady[1]/ENGINE_REAR_MOUNT[53]",true,"UnityEngine.Transform;UnityEngine.MeshFilter;UnityEngine.MeshRenderer","",0.008999999612569809
"Assets/_Project/Prefabs/Ships/Ship_Light_root_fbx_test.prefab","Ship_Light_root_fbx_test[0]/Slot_Engine[11]/EngineVisuals[0]/project-c_ship_light_base_MOTOR_GameReady[1]/ENGINE_SERVICE_HATCH[54]",true,"UnityEngine.Transform;UnityEngine.MeshFilter;UnityEngine.MeshRenderer","",0.0054999999701976776
"Assets/_Project/Prefabs/Ships/Ship_Light_root_fbx_test.prefab","Ship_Light_root_fbx_test[0]/Slot_Engine[11]/EngineVisuals[0]/project-c_ship_light_base_MOTOR_GameReady[1]/ENGINE_SERVICE_HATCH_HANDLE[55]",true,"UnityEngine.Transform;UnityEngine.MeshFilter;UnityEngine.MeshRenderer","",0.0010999999940395355
"Assets/_Project/Prefabs/Ships/Ship_Light_root_fbx_test.prefab","Ship_Light_root_fbx_test[0]/Slot_Engine[11]/EngineVisuals[0]/project-c_ship_light_base_MOTOR_GameReady[1]/ENGINE_SERVICE_HATCH_PIN_L[56]",true,"UnityEngine.Transform;UnityEngine.MeshFilter;UnityEngine.MeshRenderer","",0.00059999997029080987
"Assets/_Project/Prefabs/Ships/Ship_Light_root_fbx_test.prefab","Ship_Light_root_fbx_test[0]/Slot_Engine[11]/EngineVisuals[0]/project-c_ship_light_base_MOTOR_GameReady[1]/ENGINE_SERVICE_HATCH_PIN_R[57]",true,"UnityEngine.Transform;UnityEngine.MeshFilter;UnityEngine.MeshRenderer","",0.00059999997029080987
"Assets/_Project/Prefabs/Ships/Ship_Light_root_fbx_test.prefab","Ship_Light_root_fbx_test[0]/Slot_Engine[11]/EngineVisuals[0]/project-c_ship_light_base_MOTOR_GameReady[1]/ENGINE_SERVICE_LINE_L[58]",true,"UnityEngine.Transform;UnityEngine.MeshFilter;UnityEngine.MeshRenderer","",0.004999999888241291
"Assets/_Project/Prefabs/Ships/Ship_Light_root_fbx_test.prefab","Ship_Light_root_fbx_test[0]/Slot_Engine[11]/EngineVisuals[0]/project-c_ship_light_base_MOTOR_GameReady[1]/ENGINE_SERVICE_LINE_R[59]",true,"UnityEngine.Transform;UnityEngine.MeshFilter;UnityEngine.MeshRenderer","",0.004999999888241291
"Assets/_Project/Prefabs/Ships/Ship_Light_root_fbx_test.prefab","Ship_Light_root_fbx_test[0]/Slot_Engine[11]/EngineVisuals[0]/project-c_ship_light_base_MOTOR_GameReady[1]/ENGINE_TOP_BOLT_1_1[60]",true,"UnityEngine.Transform;UnityEngine.MeshFilter;UnityEngine.MeshRenderer","",0.00032000002101995051
"Assets/_Project/Prefabs/Ships/Ship_Light_root_fbx_test.prefab","Ship_Light_root_fbx_test[0]/Slot_Engine[11]/EngineVisuals[0]/project-c_ship_light_base_MOTOR_GameReady[1]/ENGINE_TOP_BOLT_1_2[61]",true,"UnityEngine.Transform;UnityEngine.MeshFilter;UnityEngine.MeshRenderer","",0.00032000002101995051
"Assets/_Project/Prefabs/Ships/Ship_Light_root_fbx_test.prefab","Ship_Light_root_fbx_test[0]/Slot_Engine[11]/EngineVisuals[0]/project-c_ship_light_base_MOTOR_GameReady[1]/ENGINE_TOP_BOLT_2_1[62]",true,"UnityEngine.Transform;UnityEngine.MeshFilter;UnityEngine.MeshRenderer","",0.00032000002101995051
"Assets/_Project/Prefabs/Ships/Ship_Light_root_fbx_test.prefab","Ship_Light_root_fbx_test[0]/Slot_Engine[11]/EngineVisuals[0]/project-c_ship_light_base_MOTOR_GameReady[1]/ENGINE_TOP_BOLT_2_2[63]",true,"UnityEngine.Transform;UnityEngine.MeshFilter;UnityEngine.MeshRenderer","",0.00032000002101995051
"Assets/_Project/Prefabs/Ships/Ship_Light_root_fbx_test.prefab","Ship_Light_root_fbx_test[0]/Slot_Engine[11]/EngineVisuals[0]/project-c_ship_light_base_MOTOR_GameReady[1]/ENGINE_TOP_SERVICE_PLATE[64]",true,"UnityEngine.Transform;UnityEngine.MeshFilter;UnityEngine.MeshRenderer","",0.0024999999441206455
"Assets/_Project/Prefabs/Ships/Ship_Light_root_fbx_test.prefab","Ship_Light_root_fbx_test[0]/Slot_Engine[11]/EngineVisuals[0]/project-c_ship_light_base_MOTOR_GameReady[1]/ENGINE_TOP_SERVICE_SPINE[65]",true,"UnityEngine.Transform;UnityEngine.MeshFilter;UnityEngine.MeshRenderer","",0.002099999925121665
"Assets/_Project/Prefabs/Ships/Ship_Light_root_fbx_test.prefab","Ship_Light_root_fbx_test[0]/Slot_Engine[11]/EngineVisuals[0]/project-c_ship_light_base_MOTOR_GameReady[1]/EXHAUST_FLANGE_+0.72[66]",true,"UnityEngine.Transform;UnityEngine.MeshFilter;UnityEngine.MeshRenderer","",0.002199999988079071
"Assets/_Project/Prefabs/Ships/Ship_Light_root_fbx_test.prefab","Ship_Light_root_fbx_test[0]/Slot_Engine[11]/EngineVisuals[0]/project-c_ship_light_base_MOTOR_GameReady[1]/EXHAUST_FLANGE_-0.72[67]",true,"UnityEngine.Transform;UnityEngine.MeshFilter;UnityEngine.MeshRenderer","",0.002199999988079071
"Assets/_Project/Prefabs/Ships/Ship_Light_root_fbx_test.prefab","Ship_Light_root_fbx_test[0]/Slot_Engine[11]/EngineVisuals[0]/project-c_ship_light_base_MOTOR_GameReady[1]/EXHAUST_FLANGE_RING_+0.72[68]",true,"UnityEngine.Transform;UnityEngine.MeshFilter;UnityEngine.MeshRenderer","",0.00215000007301569
"Assets/_Project/Prefabs/Ships/Ship_Light_root_fbx_test.prefab","Ship_Light_root_fbx_test[0]/Slot_Engine[11]/EngineVisuals[0]/project-c_ship_light_base_MOTOR_GameReady[1]/EXHAUST_FLANGE_RING_-0.72[69]",true,"UnityEngine.Transform;UnityEngine.MeshFilter;UnityEngine.MeshRenderer","",0.00215000007301569
"Assets/_Project/Prefabs/Ships/Ship_Light_root_fbx_test.prefab","Ship_Light_root_fbx_test[0]/Slot_Engine[11]/EngineVisuals[0]/project-c_ship_light_base_MOTOR_GameReady[1]/UPG_CABLE_ENGINE_TO_CABIN_L[70]",true,"UnityEngine.Transform;UnityEngine.MeshFilter;UnityEngine.MeshRenderer","",0.038123387843370438
"Assets/_Project/Prefabs/Ships/Ship_Light_root_fbx_test.prefab","Ship_Light_root_fbx_test[0]/Slot_Engine[11]/EngineVisuals[0]/project-c_ship_light_base_MOTOR_GameReady[1]/UPG_CABLE_ENGINE_TO_CABIN_R[71]",true,"UnityEngine.Transform;UnityEngine.MeshFilter;UnityEngine.MeshRenderer","",0.038123387843370438
"Assets/_Project/Prefabs/Ships/Ship_Light_root_fbx_test.prefab","Ship_Light_root_fbx_test[0]/ContrailVFX[12]",true,"UnityEngine.Transform;UnityEngine.VFX.VisualEffect;UnityEngine.VFX.VFXRenderer;ProjectC.Ship.ShipContrailVfx","",
"Assets/_Project/Prefabs/Ships/Ship_Light_root_fbx_test.prefab","Ship_Light_root_fbx_test[0]/project-c_ship_light_base_SHIP_GameReady[13]",true,"UnityEngine.Transform;ProjectC.Ship.ShipRootReference","",
"Assets/_Project/Prefabs/Ships/Ship_Light_root_fbx_test.prefab","Ship_Light_root_fbx_test[0]/project-c_ship_light_base_SHIP_GameReady[13]/BARGE_CROSS_MEMBER_+1.0[0]",true,"UnityEngine.Transform;UnityEngine.MeshFilter;UnityEngine.MeshRenderer","",0.019999999552965164
"Assets/_Project/Prefabs/Ships/Ship_Light_root_fbx_test.prefab","Ship_Light_root_fbx_test[0]/project-c_ship_light_base_SHIP_GameReady[13]/BARGE_CROSS_MEMBER_+3.2[1]",true,"UnityEngine.Transform;UnityEngine.MeshFilter;UnityEngine.MeshRenderer","",0.019999999552965164
"Assets/_Project/Prefabs/Ships/Ship_Light_root_fbx_test.prefab","Ship_Light_root_fbx_test[0]/project-c_ship_light_base_SHIP_GameReady[13]/BARGE_CROSS_MEMBER_-1.2[2]",true,"UnityEngine.Transform;UnityEngine.MeshFilter;UnityEngine.MeshRenderer","",0.019999999552965164
"Assets/_Project/Prefabs/Ships/Ship_Light_root_fbx_test.prefab","Ship_Light_root_fbx_test[0]/project-c_ship_light_base_SHIP_GameReady[13]/BARGE_CROSS_MEMBER_-3.4[3]",true,"UnityEngine.Transform;UnityEngine.MeshFilter;UnityEngine.MeshRenderer","",0.019999999552965164
"Assets/_Project/Prefabs/Ships/Ship_Light_root_fbx_test.prefab","Ship_Light_root_fbx_test[0]/project-c_ship_light_base_SHIP_GameReady[13]/BARGE_LONGITUDINAL_RAIL_L[4]",true,"UnityEngine.Transform;UnityEngine.MeshFilter;UnityEngine.MeshRenderer","",0.040999997407197952
"Assets/_Project/Prefabs/Ships/Ship_Light_root_fbx_test.prefab","Ship_Light_root_fbx_test[0]/project-c_ship_light_base_SHIP_GameReady[13]/BARGE_LONGITUDINAL_RAIL_R[5]",true,"UnityEngine.Transform;UnityEngine.MeshFilter;UnityEngine.MeshRenderer","",0.040999997407197952
"Assets/_Project/Prefabs/Ships/Ship_Light_root_fbx_test.prefab","Ship_Light_root_fbx_test[0]/project-c_ship_light_base_SHIP_GameReady[13]/BARGE_MAIN_DECK[6]",true,"UnityEngine.Transform;UnityEngine.MeshFilter;UnityEngine.MeshRenderer;UnityEngine.MeshCollider;UnityEngine.BoxCollider","",0.041999995708465576
"Assets/_Project/Prefabs/Ships/Ship_Light_root_fbx_test.prefab","Ship_Light_root_fbx_test[0]/project-c_ship_light_base_SHIP_GameReady[13]/BARGE_UNDERFRAME_CENTER[7]",true,"UnityEngine.Transform;UnityEngine.MeshFilter;UnityEngine.MeshRenderer","",0.037000000476837158
"Assets/_Project/Prefabs/Ships/Ship_Light_root_fbx_test.prefab","Ship_Light_root_fbx_test[0]/project-c_ship_light_base_SHIP_GameReady[13]/BOARDING_ENTRY_LANDING[8]",true,"UnityEngine.Transform;UnityEngine.MeshFilter;UnityEngine.MeshRenderer","",0.0060000000521540642
"Assets/_Project/Prefabs/Ships/Ship_Light_root_fbx_test.prefab","Ship_Light_root_fbx_test[0]/project-c_ship_light_base_SHIP_GameReady[13]/BOARDING_RAMP[9]",true,"UnityEngine.Transform;UnityEngine.MeshFilter;UnityEngine.MeshRenderer","",0.010499998927116394
"Assets/_Project/Prefabs/Ships/Ship_Light_root_fbx_test.prefab","Ship_Light_root_fbx_test[0]/project-c_ship_light_base_SHIP_GameReady[13]/BOARDING_RAMP_POST_1.30_-2.45[10]",true,"UnityEngine.Transform;UnityEngine.MeshFilter;UnityEngine.MeshRenderer","",0.0025999997742474079
"Assets/_Project/Prefabs/Ships/Ship_Light_root_fbx_test.prefab","Ship_Light_root_fbx_test[0]/project-c_ship_light_base_SHIP_GameReady[13]/BOARDING_RAMP_POST_1.30_-3.05[11]",true,"UnityEngine.Transform;UnityEngine.MeshFilter;UnityEngine.MeshRenderer","",0.0025999997742474079
"Assets/_Project/Prefabs/Ships/Ship_Light_root_fbx_test.prefab","Ship_Light_root_fbx_test[0]/project-c_ship_light_base_SHIP_GameReady[13]/BOARDING_RAMP_POST_2.10_-2.45[12]",true,"UnityEngine.Transform;UnityEngine.MeshFilter;UnityEngine.MeshRenderer","",0.0025999997742474079
"Assets/_Project/Prefabs/Ships/Ship_Light_root_fbx_test.prefab","Ship_Light_root_fbx_test[0]/project-c_ship_light_base_SHIP_GameReady[13]/BOARDING_RAMP_POST_2.10_-3.05[13]",true,"UnityEngine.Transform;UnityEngine.MeshFilter;UnityEngine.MeshRenderer","",0.0025999997742474079
"Assets/_Project/Prefabs/Ships/Ship_Light_root_fbx_test.prefab","Ship_Light_root_fbx_test[0]/project-c_ship_light_base_SHIP_GameReady[13]/BOARDING_RAMP_POST_2.90_-2.45[14]",true,"UnityEngine.Transform;UnityEngine.MeshFilter;UnityEngine.MeshRenderer","",0.0025999997742474079
"Assets/_Project/Prefabs/Ships/Ship_Light_root_fbx_test.prefab","Ship_Light_root_fbx_test[0]/project-c_ship_light_base_SHIP_GameReady[13]/BOARDING_RAMP_POST_2.90_-3.05[15]",true,"UnityEngine.Transform;UnityEngine.MeshFilter;UnityEngine.MeshRenderer","",0.0025999997742474079
"Assets/_Project/Prefabs/Ships/Ship_Light_root_fbx_test.prefab","Ship_Light_root_fbx_test[0]/project-c_ship_light_base_SHIP_GameReady[13]/BOARDING_RAMP_RAIL_L[16]",true,"UnityEngine.Transform;UnityEngine.MeshFilter;UnityEngine.MeshRenderer","",0.010249999351799488
"Assets/_Project/Prefabs/Ships/Ship_Light_root_fbx_test.prefab","Ship_Light_root_fbx_test[0]/project-c_ship_light_base_SHIP_GameReady[13]/BOARDING_RAMP_RAIL_R[17]",true,"UnityEngine.Transform;UnityEngine.MeshFilter;UnityEngine.MeshRenderer","",0.010249999351799488
"Assets/_Project/Prefabs/Ships/Ship_Light_root_fbx_test.prefab","Ship_Light_root_fbx_test[0]/project-c_ship_light_base_SHIP_GameReady[13]/CABIN_ACCESS_DOOR[18]",true,"UnityEngine.Transform;UnityEngine.MeshFilter;UnityEngine.MeshRenderer","",0.0077499994076788425
"Assets/_Project/Prefabs/Ships/Ship_Light_root_fbx_test.prefab","Ship_Light_root_fbx_test[0]/project-c_ship_light_base_SHIP_GameReady[13]/CABIN_ANTENNA_BASE[19]",true,"UnityEngine.Transform;UnityEngine.MeshFilter;UnityEngine.MeshRenderer","",0.0018000000854954123
"Assets/_Project/Prefabs/Ships/Ship_Light_root_fbx_test.prefab","Ship_Light_root_fbx_test[0]/project-c_ship_light_base_SHIP_GameReady[13]/CABIN_ANTENNA_COLLAR[20]",true,"UnityEngine.Transform;UnityEngine.MeshFilter;UnityEngine.MeshRenderer","",0.0017500000540167093
"Assets/_Project/Prefabs/Ships/Ship_Light_root_fbx_test.prefab","Ship_Light_root_fbx_test[0]/project-c_ship_light_base_SHIP_GameReady[13]/CABIN_BASE[21]",true,"UnityEngine.Transform;UnityEngine.MeshFilter;UnityEngine.MeshRenderer","",0.020250000059604645
"Assets/_Project/Prefabs/Ships/Ship_Light_root_fbx_test.prefab","Ship_Light_root_fbx_test[0]/project-c_ship_light_base_SHIP_GameReady[13]/CABIN_BENCH_BACK[22]",true,"UnityEngine.Transform;UnityEngine.MeshFilter;UnityEngine.MeshRenderer","",0.011749999597668648
"Assets/_Project/Prefabs/Ships/Ship_Light_root_fbx_test.prefab","Ship_Light_root_fbx_test[0]/project-c_ship_light_base_SHIP_GameReady[13]/CABIN_BENCH_SEAT[23]",true,"UnityEngine.Transform;UnityEngine.MeshFilter;UnityEngine.MeshRenderer","",0.011749999597668648
"Assets/_Project/Prefabs/Ships/Ship_Light_root_fbx_test.prefab","Ship_Light_root_fbx_test[0]/project-c_ship_light_base_SHIP_GameReady[13]/CABIN_CONSOLE[24]",true,"UnityEngine.Transform;UnityEngine.MeshFilter;UnityEngine.MeshRenderer","",0.0044999998062849045
"Assets/_Project/Prefabs/Ships/Ship_Light_root_fbx_test.prefab","Ship_Light_root_fbx_test[0]/project-c_ship_light_base_SHIP_GameReady[13]/CABIN_CONTROL_LEVER_-0.49[25]",true,"UnityEngine.Transform;UnityEngine.MeshFilter;UnityEngine.MeshRenderer","",0.0012499999720603228
"Assets/_Project/Prefabs/Ships/Ship_Light_root_fbx_test.prefab","Ship_Light_root_fbx_test[0]/project-c_ship_light_base_SHIP_GameReady[13]/CABIN_CONTROL_LEVER_-0.72[26]",true,"UnityEngine.Transform;UnityEngine.MeshFilter;UnityEngine.MeshRenderer","",0.0012499999720603228
"Assets/_Project/Prefabs/Ships/Ship_Light_root_fbx_test.prefab","Ship_Light_root_fbx_test[0]/project-c_ship_light_base_SHIP_GameReady[13]/CABIN_CONTROL_LEVER_-0.95[27]",true,"UnityEngine.Transform;UnityEngine.MeshFilter;UnityEngine.MeshRenderer","",0.0012499999720603228
"Assets/_Project/Prefabs/Ships/Ship_Light_root_fbx_test.prefab","Ship_Light_root_fbx_test[0]/project-c_ship_light_base_SHIP_GameReady[13]/CABIN_CONTROL_PANEL[28]",true,"UnityEngine.Transform;UnityEngine.MeshFilter;UnityEngine.MeshRenderer","",0.0038999996613711119
"Assets/_Project/Prefabs/Ships/Ship_Light_root_fbx_test.prefab","Ship_Light_root_fbx_test[0]/project-c_ship_light_base_SHIP_GameReady[13]/CABIN_DETAIL_FRONT_MULLION_+0.42[29]",true,"UnityEngine.Transform;UnityEngine.MeshFilter;UnityEngine.MeshRenderer","",0.005249999463558197
"Assets/_Project/Prefabs/Ships/Ship_Light_root_fbx_test.prefab","Ship_Light_root_fbx_test[0]/project-c_ship_light_base_SHIP_GameReady[13]/CABIN_DETAIL_FRONT_MULLION_+1.25[30]",true,"UnityEngine.Transform;UnityEngine.MeshFilter;UnityEngine.MeshRenderer","",0.005249999463558197
"Assets/_Project/Prefabs/Ships/Ship_Light_root_fbx_test.prefab","Ship_Light_root_fbx_test[0]/project-c_ship_light_base_SHIP_GameReady[13]/CABIN_DETAIL_FRONT_MULLION_-0.42[31]",true,"UnityEngine.Transform;UnityEngine.MeshFilter;UnityEngine.MeshRenderer","",0.005249999463558197
"Assets/_Project/Prefabs/Ships/Ship_Light_root_fbx_test.prefab","Ship_Light_root_fbx_test[0]/project-c_ship_light_base_SHIP_GameReady[13]/CABIN_DETAIL_FRONT_MULLION_-1.25[32]",true,"UnityEngine.Transform;UnityEngine.MeshFilter;UnityEngine.MeshRenderer","",0.005249999463558197
"Assets/_Project/Prefabs/Ships/Ship_Light_root_fbx_test.prefab","Ship_Light_root_fbx_test[0]/project-c_ship_light_base_SHIP_GameReady[13]/CABIN_DETAIL_FRONT_WORKLIGHT_+1.45[33]",true,"UnityEngine.Transform;UnityEngine.MeshFilter;UnityEngine.MeshRenderer","",0.0011999999405816197
"Assets/_Project/Prefabs/Ships/Ship_Light_root_fbx_test.prefab","Ship_Light_root_fbx_test[0]/project-c_ship_light_base_SHIP_GameReady[13]/CABIN_DETAIL_FRONT_WORKLIGHT_-1.45[34]",true,"UnityEngine.Transform;UnityEngine.MeshFilter;UnityEngine.MeshRenderer","",0.0011999999405816197
"Assets/_Project/Prefabs/Ships/Ship_Light_root_fbx_test.prefab","Ship_Light_root_fbx_test[0]/project-c_ship_light_base_SHIP_GameReady[13]/CABIN_DETAIL_WINDOW_HEADER_L[35]",true,"UnityEngine.Transform;UnityEngine.MeshFilter;UnityEngine.MeshRenderer","",0.012299999594688416
"Assets/_Project/Prefabs/Ships/Ship_Light_root_fbx_test.prefab","Ship_Light_root_fbx_test[0]/project-c_ship_light_base_SHIP_GameReady[13]/CABIN_DETAIL_WINDOW_HEADER_R[36]",true,"UnityEngine.Transform;UnityEngine.MeshFilter;UnityEngine.MeshRenderer","",0.012299999594688416
"Assets/_Project/Prefabs/Ships/Ship_Light_root_fbx_test.prefab","Ship_Light_root_fbx_test[0]/project-c_ship_light_base_SHIP_GameReady[13]/CABIN_DETAIL_WINDOW_POST_L_1.48[37]",true,"UnityEngine.Transform;UnityEngine.MeshFilter;UnityEngine.MeshRenderer","",0.0054999999701976776
"Assets/_Project/Prefabs/Ships/Ship_Light_root_fbx_test.prefab","Ship_Light_root_fbx_test[0]/project-c_ship_light_base_SHIP_GameReady[13]/CABIN_DETAIL_WINDOW_POST_L_3.82[38]",true,"UnityEngine.Transform;UnityEngine.MeshFilter;UnityEngine.MeshRenderer","",0.0054999999701976776
"Assets/_Project/Prefabs/Ships/Ship_Light_root_fbx_test.prefab","Ship_Light_root_fbx_test[0]/project-c_ship_light_base_SHIP_GameReady[13]/CABIN_DETAIL_WINDOW_POST_R_1.48[39]",true,"UnityEngine.Transform;UnityEngine.MeshFilter;UnityEngine.MeshRenderer","",0.0054999999701976776
"Assets/_Project/Prefabs/Ships/Ship_Light_root_fbx_test.prefab","Ship_Light_root_fbx_test[0]/project-c_ship_light_base_SHIP_GameReady[13]/CABIN_DETAIL_WINDOW_POST_R_3.82[40]",true,"UnityEngine.Transform;UnityEngine.MeshFilter;UnityEngine.MeshRenderer","",0.0054999999701976776
"Assets/_Project/Prefabs/Ships/Ship_Light_root_fbx_test.prefab","Ship_Light_root_fbx_test[0]/project-c_ship_light_base_SHIP_GameReady[13]/CABIN_DETAIL_WINDOW_SILL_L[41]",true,"UnityEngine.Transform;UnityEngine.MeshFilter;UnityEngine.MeshRenderer","",0.012299999594688416
"Assets/_Project/Prefabs/Ships/Ship_Light_root_fbx_test.prefab","Ship_Light_root_fbx_test[0]/project-c_ship_light_base_SHIP_GameReady[13]/CABIN_DETAIL_WINDOW_SILL_R[42]",true,"UnityEngine.Transform;UnityEngine.MeshFilter;UnityEngine.MeshRenderer","",0.012299999594688416
"Assets/_Project/Prefabs/Ships/Ship_Light_root_fbx_test.prefab","Ship_Light_root_fbx_test[0]/project-c_ship_light_base_SHIP_GameReady[13]/CABIN_DOOR_HINGE_+0.50[43]",true,"UnityEngine.Transform;UnityEngine.MeshFilter;UnityEngine.MeshRenderer","",0.00090000004274770617
"Assets/_Project/Prefabs/Ships/Ship_Light_root_fbx_test.prefab","Ship_Light_root_fbx_test[0]/project-c_ship_light_base_SHIP_GameReady[13]/CABIN_DOOR_HINGE_-0.50[44]",true,"UnityEngine.Transform;UnityEngine.MeshFilter;UnityEngine.MeshRenderer","",0.00090000004274770617
"Assets/_Project/Prefabs/Ships/Ship_Light_root_fbx_test.prefab","Ship_Light_root_fbx_test[0]/project-c_ship_light_base_SHIP_GameReady[13]/CABIN_ENTRY_DOOR_HEADER[45]",true,"UnityEngine.Transform;UnityEngine.MeshFilter;UnityEngine.MeshRenderer","",0.0063000000081956387
"Assets/_Project/Prefabs/Ships/Ship_Light_root_fbx_test.prefab","Ship_Light_root_fbx_test[0]/project-c_ship_light_base_SHIP_GameReady[13]/CABIN_ENTRY_DOOR_JAMB_FRONT[46]",true,"UnityEngine.Transform;UnityEngine.MeshFilter;UnityEngine.MeshRenderer","",0.00800000037997961
"Assets/_Project/Prefabs/Ships/Ship_Light_root_fbx_test.prefab","Ship_Light_root_fbx_test[0]/project-c_ship_light_base_SHIP_GameReady[13]/CABIN_ENTRY_DOOR_JAMB_REAR[47]",true,"UnityEngine.Transform;UnityEngine.MeshFilter;UnityEngine.MeshRenderer","",0.00800000037997961
"Assets/_Project/Prefabs/Ships/Ship_Light_root_fbx_test.prefab","Ship_Light_root_fbx_test[0]/project-c_ship_light_base_SHIP_GameReady[13]/CABIN_ENTRY_DOOR_PIVOT[48]",true,"UnityEngine.Transform;UnityEngine.MeshCollider;ProjectC.Ship.DoorController","",
"Assets/_Project/Prefabs/Ships/Ship_Light_root_fbx_test.prefab","Ship_Light_root_fbx_test[0]/project-c_ship_light_base_SHIP_GameReady[13]/CABIN_ENTRY_DOOR_PIVOT[48]/CABIN_ENTRY_DOOR_LEAF[0]",true,"UnityEngine.Transform;UnityEngine.MeshFilter;UnityEngine.MeshRenderer","",0.00879999902099371
"Assets/_Project/Prefabs/Ships/Ship_Light_root_fbx_test.prefab","Ship_Light_root_fbx_test[0]/project-c_ship_light_base_SHIP_GameReady[13]/CABIN_ENTRY_DOOR_TRANSOM[49]",true,"UnityEngine.Transform;UnityEngine.MeshFilter;UnityEngine.MeshRenderer","",0.0050999997183680534
"Assets/_Project/Prefabs/Ships/Ship_Light_root_fbx_test.prefab","Ship_Light_root_fbx_test[0]/project-c_ship_light_base_SHIP_GameReady[13]/CABIN_ENTRY_SIDE_L_FRONT_PANEL[50]",true,"UnityEngine.Transform;UnityEngine.MeshFilter;UnityEngine.MeshRenderer","",0.0058499998413026333
"Assets/_Project/Prefabs/Ships/Ship_Light_root_fbx_test.prefab","Ship_Light_root_fbx_test[0]/project-c_ship_light_base_SHIP_GameReady[13]/CABIN_ENTRY_SIDE_L_FRONT_WINDOW[51]",true,"UnityEngine.Transform;UnityEngine.MeshFilter;UnityEngine.MeshRenderer","",0.0054999999701976776
"Assets/_Project/Prefabs/Ships/Ship_Light_root_fbx_test.prefab","Ship_Light_root_fbx_test[0]/project-c_ship_light_base_SHIP_GameReady[13]/CABIN_ENTRY_SIDE_L_REAR_PANEL[52]",true,"UnityEngine.Transform;UnityEngine.MeshFilter;UnityEngine.MeshRenderer","",0.0047499998472630978
"Assets/_Project/Prefabs/Ships/Ship_Light_root_fbx_test.prefab","Ship_Light_root_fbx_test[0]/project-c_ship_light_base_SHIP_GameReady[13]/CABIN_ENTRY_SIDE_L_REAR_WINDOW[53]",true,"UnityEngine.Transform;UnityEngine.MeshFilter;UnityEngine.MeshRenderer","",0.0054999999701976776
"Assets/_Project/Prefabs/Ships/Ship_Light_root_fbx_test.prefab","Ship_Light_root_fbx_test[0]/project-c_ship_light_base_SHIP_GameReady[13]/CABIN_ENTRY_THRESHOLD[54]",true,"UnityEngine.Transform;UnityEngine.MeshFilter;UnityEngine.MeshRenderer","",0.0057999999262392521
"Assets/_Project/Prefabs/Ships/Ship_Light_root_fbx_test.prefab","Ship_Light_root_fbx_test[0]/project-c_ship_light_base_SHIP_GameReady[13]/CABIN_FRAME_POST_+1.35_+1.78[55]",true,"UnityEngine.Transform;UnityEngine.MeshFilter;UnityEngine.MeshRenderer","",0.0097500002011656761
"Assets/_Project/Prefabs/Ships/Ship_Light_root_fbx_test.prefab","Ship_Light_root_fbx_test[0]/project-c_ship_light_base_SHIP_GameReady[13]/CABIN_FRAME_POST_+1.35_-1.78[56]",true,"UnityEngine.Transform;UnityEngine.MeshFilter;UnityEngine.MeshRenderer","",0.0097500002011656761
"Assets/_Project/Prefabs/Ships/Ship_Light_root_fbx_test.prefab","Ship_Light_root_fbx_test[0]/project-c_ship_light_base_SHIP_GameReady[13]/CABIN_FRAME_POST_+3.95_+1.78[57]",true,"UnityEngine.Transform;UnityEngine.MeshFilter;UnityEngine.MeshRenderer","",0.0097500002011656761
"Assets/_Project/Prefabs/Ships/Ship_Light_root_fbx_test.prefab","Ship_Light_root_fbx_test[0]/project-c_ship_light_base_SHIP_GameReady[13]/CABIN_FRAME_POST_+3.95_-1.78[58]",true,"UnityEngine.Transform;UnityEngine.MeshFilter;UnityEngine.MeshRenderer","",0.0097500002011656761
"Assets/_Project/Prefabs/Ships/Ship_Light_root_fbx_test.prefab","Ship_Light_root_fbx_test[0]/project-c_ship_light_base_SHIP_GameReady[13]/CABIN_FRONT_HEADER[59]",true,"UnityEngine.Transform;UnityEngine.MeshFilter;UnityEngine.MeshRenderer","",0.019749999046325684
"Assets/_Project/Prefabs/Ships/Ship_Light_root_fbx_test.prefab","Ship_Light_root_fbx_test[0]/project-c_ship_light_base_SHIP_GameReady[13]/CABIN_FRONT_LOWER[60]",true,"UnityEngine.Transform;UnityEngine.MeshFilter;UnityEngine.MeshRenderer","",0.01874999888241291
"Assets/_Project/Prefabs/Ships/Ship_Light_root_fbx_test.prefab","Ship_Light_root_fbx_test[0]/project-c_ship_light_base_SHIP_GameReady[13]/CABIN_FRONT_WINDSHIELD[61]",true,"UnityEngine.Transform;UnityEngine.MeshFilter;UnityEngine.MeshRenderer","",0.017249999567866325
"Assets/_Project/Prefabs/Ships/Ship_Light_root_fbx_test.prefab","Ship_Light_root_fbx_test[0]/project-c_ship_light_base_SHIP_GameReady[13]/CABIN_ID_PLATE[62]",true,"UnityEngine.Transform;UnityEngine.MeshFilter;UnityEngine.MeshRenderer","",0.00624999962747097
"Assets/_Project/Prefabs/Ships/Ship_Light_root_fbx_test.prefab","Ship_Light_root_fbx_test[0]/project-c_ship_light_base_SHIP_GameReady[13]/CABIN_REAR_WALL[63]",true,"UnityEngine.Transform;UnityEngine.MeshFilter;UnityEngine.MeshRenderer","",0.01874999888241291
"Assets/_Project/Prefabs/Ships/Ship_Light_root_fbx_test.prefab","Ship_Light_root_fbx_test[0]/project-c_ship_light_base_SHIP_GameReady[13]/CABIN_ROOF_BOLT_L_0[64]",true,"UnityEngine.Transform;UnityEngine.MeshFilter;UnityEngine.MeshRenderer","",0.00032000002101995051
"Assets/_Project/Prefabs/Ships/Ship_Light_root_fbx_test.prefab","Ship_Light_root_fbx_test[0]/project-c_ship_light_base_SHIP_GameReady[13]/CABIN_ROOF_BOLT_L_1[65]",true,"UnityEngine.Transform;UnityEngine.MeshFilter;UnityEngine.MeshRenderer","",0.00032000002101995051
"Assets/_Project/Prefabs/Ships/Ship_Light_root_fbx_test.prefab","Ship_Light_root_fbx_test[0]/project-c_ship_light_base_SHIP_GameReady[13]/CABIN_ROOF_BOLT_L_2[66]",true,"UnityEngine.Transform;UnityEngine.MeshFilter;UnityEngine.MeshRenderer","",0.00032000002101995051
"Assets/_Project/Prefabs/Ships/Ship_Light_root_fbx_test.prefab","Ship_Light_root_fbx_test[0]/project-c_ship_light_base_SHIP_GameReady[13]/CABIN_ROOF_BOLT_L_3[67]",true,"UnityEngine.Transform;UnityEngine.MeshFilter;UnityEngine.MeshRenderer","",0.00032000002101995051
"Assets/_Project/Prefabs/Ships/Ship_Light_root_fbx_test.prefab","Ship_Light_root_fbx_test[0]/project-c_ship_light_base_SHIP_GameReady[13]/CABIN_ROOF_BOLT_R_0[68]",true,"UnityEngine.Transform;UnityEngine.MeshFilter;UnityEngine.MeshRenderer","",0.00032000002101995051
"Assets/_Project/Prefabs/Ships/Ship_Light_root_fbx_test.prefab","Ship_Light_root_fbx_test[0]/project-c_ship_light_base_SHIP_GameReady[13]/CABIN_ROOF_BOLT_R_1[69]",true,"UnityEngine.Transform;UnityEngine.MeshFilter;UnityEngine.MeshRenderer","",0.00032000002101995051
"Assets/_Project/Prefabs/Ships/Ship_Light_root_fbx_test.prefab","Ship_Light_root_fbx_test[0]/project-c_ship_light_base_SHIP_GameReady[13]/CABIN_ROOF_BOLT_R_2[70]",true,"UnityEngine.Transform;UnityEngine.MeshFilter;UnityEngine.MeshRenderer","",0.00032000002101995051
"Assets/_Project/Prefabs/Ships/Ship_Light_root_fbx_test.prefab","Ship_Light_root_fbx_test[0]/project-c_ship_light_base_SHIP_GameReady[13]/CABIN_ROOF_BOLT_R_3[71]",true,"UnityEngine.Transform;UnityEngine.MeshFilter;UnityEngine.MeshRenderer","",0.00032000002101995051
"Assets/_Project/Prefabs/Ships/Ship_Light_root_fbx_test.prefab","Ship_Light_root_fbx_test[0]/project-c_ship_light_base_SHIP_GameReady[13]/CABIN_ROOF_EDGE_RAIL_L[72]",true,"UnityEngine.Transform;UnityEngine.MeshFilter;UnityEngine.MeshRenderer","",0.014249999076128006
"Assets/_Project/Prefabs/Ships/Ship_Light_root_fbx_test.prefab","Ship_Light_root_fbx_test[0]/project-c_ship_light_base_SHIP_GameReady[13]/CABIN_ROOF_EDGE_RAIL_R[73]",true,"UnityEngine.Transform;UnityEngine.MeshFilter;UnityEngine.MeshRenderer","",0.014249999076128006
"Assets/_Project/Prefabs/Ships/Ship_Light_root_fbx_test.prefab","Ship_Light_root_fbx_test[0]/project-c_ship_light_base_SHIP_GameReady[13]/CABIN_ROOF_FRAME[74]",true,"UnityEngine.Transform;UnityEngine.MeshFilter;UnityEngine.MeshRenderer","",0.020799998193979263
"Assets/_Project/Prefabs/Ships/Ship_Light_root_fbx_test.prefab","Ship_Light_root_fbx_test[0]/project-c_ship_light_base_SHIP_GameReady[13]/CABIN_ROOF_HATCH[75]",true,"UnityEngine.Transform;UnityEngine.MeshFilter;UnityEngine.MeshRenderer","",0.0036000001709908247
"Assets/_Project/Prefabs/Ships/Ship_Light_root_fbx_test.prefab","Ship_Light_root_fbx_test[0]/project-c_ship_light_base_SHIP_GameReady[13]/CABIN_ROOF_HATCH_BOLT_1.78_0.70[76]",true,"UnityEngine.Transform;UnityEngine.MeshFilter;UnityEngine.MeshRenderer","",0.00028000000747852027
"Assets/_Project/Prefabs/Ships/Ship_Light_root_fbx_test.prefab","Ship_Light_root_fbx_test[0]/project-c_ship_light_base_SHIP_GameReady[13]/CABIN_ROOF_HATCH_BOLT_1.78_1.20[77]",true,"UnityEngine.Transform;UnityEngine.MeshFilter;UnityEngine.MeshRenderer","",0.00028000000747852027
"Assets/_Project/Prefabs/Ships/Ship_Light_root_fbx_test.prefab","Ship_Light_root_fbx_test[0]/project-c_ship_light_base_SHIP_GameReady[13]/CABIN_ROOF_HATCH_BOLT_2.22_0.70[78]",true,"UnityEngine.Transform;UnityEngine.MeshFilter;UnityEngine.MeshRenderer","",0.00028000000747852027
"Assets/_Project/Prefabs/Ships/Ship_Light_root_fbx_test.prefab","Ship_Light_root_fbx_test[0]/project-c_ship_light_base_SHIP_GameReady[13]/CABIN_ROOF_HATCH_BOLT_2.22_1.20[79]",true,"UnityEngine.Transform;UnityEngine.MeshFilter;UnityEngine.MeshRenderer","",0.00028000000747852027
"Assets/_Project/Prefabs/Ships/Ship_Light_root_fbx_test.prefab","Ship_Light_root_fbx_test[0]/project-c_ship_light_base_SHIP_GameReady[13]/CABIN_ROOF_HATCH_HANDLE[80]",true,"UnityEngine.Transform;UnityEngine.MeshFilter;UnityEngine.MeshRenderer","",0.001299999887123704
"Assets/_Project/Prefabs/Ships/Ship_Light_root_fbx_test.prefab","Ship_Light_root_fbx_test[0]/project-c_ship_light_base_SHIP_GameReady[13]/CABIN_ROOF_PANEL[81]",true,"UnityEngine.Transform;UnityEngine.MeshFilter;UnityEngine.MeshRenderer","",0.020099999383091927
"Assets/_Project/Prefabs/Ships/Ship_Light_root_fbx_test.prefab","Ship_Light_root_fbx_test[0]/project-c_ship_light_base_SHIP_GameReady[13]/CABIN_ROOF_RIB_01[82]",true,"UnityEngine.Transform;UnityEngine.MeshFilter;UnityEngine.MeshRenderer","",0.020399998873472214
"Assets/_Project/Prefabs/Ships/Ship_Light_root_fbx_test.prefab","Ship_Light_root_fbx_test[0]/project-c_ship_light_base_SHIP_GameReady[13]/CABIN_ROOF_RIB_02[83]",true,"UnityEngine.Transform;UnityEngine.MeshFilter;UnityEngine.MeshRenderer","",0.020399998873472214
"Assets/_Project/Prefabs/Ships/Ship_Light_root_fbx_test.prefab","Ship_Light_root_fbx_test[0]/project-c_ship_light_base_SHIP_GameReady[13]/CABIN_ROOF_RIB_03[84]",true,"UnityEngine.Transform;UnityEngine.MeshFilter;UnityEngine.MeshRenderer","",0.020399998873472214
"Assets/_Project/Prefabs/Ships/Ship_Light_root_fbx_test.prefab","Ship_Light_root_fbx_test[0]/project-c_ship_light_base_SHIP_GameReady[13]/CABIN_SERVICE_DOOR_BOLT_1.82[85]",true,"UnityEngine.Transform;UnityEngine.MeshFilter;UnityEngine.MeshRenderer","",0.0003499999875202775
"Assets/_Project/Prefabs/Ships/Ship_Light_root_fbx_test.prefab","Ship_Light_root_fbx_test[0]/project-c_ship_light_base_SHIP_GameReady[13]/CABIN_SERVICE_DOOR_BOLT_2.90[86]",true,"UnityEngine.Transform;UnityEngine.MeshFilter;UnityEngine.MeshRenderer","",0.0003499999875202775
"Assets/_Project/Prefabs/Ships/Ship_Light_root_fbx_test.prefab","Ship_Light_root_fbx_test[0]/project-c_ship_light_base_SHIP_GameReady[13]/CABIN_SERVICE_GRAB_L_0[87]",true,"UnityEngine.Transform;UnityEngine.MeshFilter;UnityEngine.MeshRenderer","",0.00086023297626525164
"Assets/_Project/Prefabs/Ships/Ship_Light_root_fbx_test.prefab","Ship_Light_root_fbx_test[0]/project-c_ship_light_base_SHIP_GameReady[13]/CABIN_SERVICE_GRAB_L_1[88]",true,"UnityEngine.Transform;UnityEngine.MeshFilter;UnityEngine.MeshRenderer","",0.00086023268522694707
"Assets/_Project/Prefabs/Ships/Ship_Light_root_fbx_test.prefab","Ship_Light_root_fbx_test[0]/project-c_ship_light_base_SHIP_GameReady[13]/CABIN_SERVICE_GRAB_L_2[89]",true,"UnityEngine.Transform;UnityEngine.MeshFilter;UnityEngine.MeshRenderer","",0.000860233383718878
"Assets/_Project/Prefabs/Ships/Ship_Light_root_fbx_test.prefab","Ship_Light_root_fbx_test[0]/project-c_ship_light_base_SHIP_GameReady[13]/CABIN_SIDE_LOWER_R[90]",true,"UnityEngine.Transform;UnityEngine.MeshFilter;UnityEngine.MeshRenderer","",0.012749999761581421
"Assets/_Project/Prefabs/Ships/Ship_Light_root_fbx_test.prefab","Ship_Light_root_fbx_test[0]/project-c_ship_light_base_SHIP_GameReady[13]/CABIN_SIDE_UPPER_L[91]",true,"UnityEngine.Transform;UnityEngine.MeshFilter;UnityEngine.MeshRenderer","",0.013749999925494194
"Assets/_Project/Prefabs/Ships/Ship_Light_root_fbx_test.prefab","Ship_Light_root_fbx_test[0]/project-c_ship_light_base_SHIP_GameReady[13]/CABIN_SIDE_UPPER_R[92]",true,"UnityEngine.Transform;UnityEngine.MeshFilter;UnityEngine.MeshRenderer","",0.013749999925494194
"Assets/_Project/Prefabs/Ships/Ship_Light_root_fbx_test.prefab","Ship_Light_root_fbx_test[0]/project-c_ship_light_base_SHIP_GameReady[13]/CABIN_SIDE_WINDOW_R[93]",true,"UnityEngine.Transform;UnityEngine.MeshFilter;UnityEngine.MeshRenderer","",0.011749999597668648
"Assets/_Project/Prefabs/Ships/Ship_Light_root_fbx_test.prefab","Ship_Light_root_fbx_test[0]/project-c_ship_light_base_SHIP_GameReady[13]/CARGO_GUARD_BASE_L[94]",true,"UnityEngine.Transform;UnityEngine.MeshFilter;UnityEngine.MeshRenderer","",0.034499999135732651
"Assets/_Project/Prefabs/Ships/Ship_Light_root_fbx_test.prefab","Ship_Light_root_fbx_test[0]/project-c_ship_light_base_SHIP_GameReady[13]/CARGO_GUARD_BASE_R[95]",true,"UnityEngine.Transform;UnityEngine.MeshFilter;UnityEngine.MeshRenderer","",0.034499999135732651
"Assets/_Project/Prefabs/Ships/Ship_Light_root_fbx_test.prefab","Ship_Light_root_fbx_test[0]/project-c_ship_light_base_SHIP_GameReady[13]/CARGO_GUARD_POST_L_+1.0[96]",true,"UnityEngine.Transform;UnityEngine.MeshFilter;UnityEngine.MeshRenderer","",0.0030999998562037945
"Assets/_Project/Prefabs/Ships/Ship_Light_root_fbx_test.prefab","Ship_Light_root_fbx_test[0]/project-c_ship_light_base_SHIP_GameReady[13]/CARGO_GUARD_POST_L_-0.5[97]",true,"UnityEngine.Transform;UnityEngine.MeshFilter;UnityEngine.MeshRenderer","",0.0030999998562037945
"Assets/_Project/Prefabs/Ships/Ship_Light_root_fbx_test.prefab","Ship_Light_root_fbx_test[0]/project-c_ship_light_base_SHIP_GameReady[13]/CARGO_GUARD_POST_L_-2.0[98]",true,"UnityEngine.Transform;UnityEngine.MeshFilter;UnityEngine.MeshRenderer","",0.0030999998562037945
"Assets/_Project/Prefabs/Ships/Ship_Light_root_fbx_test.prefab","Ship_Light_root_fbx_test[0]/project-c_ship_light_base_SHIP_GameReady[13]/CARGO_GUARD_POST_L_-3.5[99]",true,"UnityEngine.Transform;UnityEngine.MeshFilter;UnityEngine.MeshRenderer","",0.0030999998562037945
"Assets/_Project/Prefabs/Ships/Ship_Light_root_fbx_test.prefab","Ship_Light_root_fbx_test[0]/project-c_ship_light_base_SHIP_GameReady[13]/CARGO_GUARD_POST_R_+1.0[100]",true,"UnityEngine.Transform;UnityEngine.MeshFilter;UnityEngine.MeshRenderer","",0.0030999998562037945
"Assets/_Project/Prefabs/Ships/Ship_Light_root_fbx_test.prefab","Ship_Light_root_fbx_test[0]/project-c_ship_light_base_SHIP_GameReady[13]/CARGO_GUARD_POST_R_-0.5[101]",true,"UnityEngine.Transform;UnityEngine.MeshFilter;UnityEngine.MeshRenderer","",0.0030999998562037945
"Assets/_Project/Prefabs/Ships/Ship_Light_root_fbx_test.prefab","Ship_Light_root_fbx_test[0]/project-c_ship_light_base_SHIP_GameReady[13]/CARGO_GUARD_POST_R_-2.0[102]",true,"UnityEngine.Transform;UnityEngine.MeshFilter;UnityEngine.MeshRenderer","",0.0030999998562037945
"Assets/_Project/Prefabs/Ships/Ship_Light_root_fbx_test.prefab","Ship_Light_root_fbx_test[0]/project-c_ship_light_base_SHIP_GameReady[13]/CARGO_GUARD_POST_R_-3.5[103]",true,"UnityEngine.Transform;UnityEngine.MeshFilter;UnityEngine.MeshRenderer","",0.0030999998562037945
"Assets/_Project/Prefabs/Ships/Ship_Light_root_fbx_test.prefab","Ship_Light_root_fbx_test[0]/project-c_ship_light_base_SHIP_GameReady[13]/CARGO_GUARD_TOP_L[104]",true,"UnityEngine.Transform;UnityEngine.MeshFilter;UnityEngine.MeshRenderer","",0.034499999135732651
"Assets/_Project/Prefabs/Ships/Ship_Light_root_fbx_test.prefab","Ship_Light_root_fbx_test[0]/project-c_ship_light_base_SHIP_GameReady[13]/CARGO_GUARD_TOP_R[105]",true,"UnityEngine.Transform;UnityEngine.MeshFilter;UnityEngine.MeshRenderer","",0.034499999135732651
"Assets/_Project/Prefabs/Ships/Ship_Light_root_fbx_test.prefab","Ship_Light_root_fbx_test[0]/project-c_ship_light_base_SHIP_GameReady[13]/CARGO_RESTRAINT_COLLAR_L_+0.7[106]",true,"UnityEngine.Transform;UnityEngine.MeshFilter;UnityEngine.MeshRenderer","",0.00092999998014420271
"Assets/_Project/Prefabs/Ships/Ship_Light_root_fbx_test.prefab","Ship_Light_root_fbx_test[0]/project-c_ship_light_base_SHIP_GameReady[13]/CARGO_RESTRAINT_COLLAR_L_-0.3[107]",true,"UnityEngine.Transform;UnityEngine.MeshFilter;UnityEngine.MeshRenderer","",0.00092999998014420271
"Assets/_Project/Prefabs/Ships/Ship_Light_root_fbx_test.prefab","Ship_Light_root_fbx_test[0]/project-c_ship_light_base_SHIP_GameReady[13]/CARGO_RESTRAINT_COLLAR_L_-1.3[108]",true,"UnityEngine.Transform;UnityEngine.MeshFilter;UnityEngine.MeshRenderer","",0.00092999998014420271
"Assets/_Project/Prefabs/Ships/Ship_Light_root_fbx_test.prefab","Ship_Light_root_fbx_test[0]/project-c_ship_light_base_SHIP_GameReady[13]/CARGO_RESTRAINT_COLLAR_L_-2.3[109]",true,"UnityEngine.Transform;UnityEngine.MeshFilter;UnityEngine.MeshRenderer","",0.00092999998014420271
"Assets/_Project/Prefabs/Ships/Ship_Light_root_fbx_test.prefab","Ship_Light_root_fbx_test[0]/project-c_ship_light_base_SHIP_GameReady[13]/CARGO_RESTRAINT_COLLAR_R_+0.7[110]",true,"UnityEngine.Transform;UnityEngine.MeshFilter;UnityEngine.MeshRenderer","",0.00092999998014420271
"Assets/_Project/Prefabs/Ships/Ship_Light_root_fbx_test.prefab","Ship_Light_root_fbx_test[0]/project-c_ship_light_base_SHIP_GameReady[13]/CARGO_RESTRAINT_COLLAR_R_-0.3[111]",true,"UnityEngine.Transform;UnityEngine.MeshFilter;UnityEngine.MeshRenderer","",0.00092999998014420271
"Assets/_Project/Prefabs/Ships/Ship_Light_root_fbx_test.prefab","Ship_Light_root_fbx_test[0]/project-c_ship_light_base_SHIP_GameReady[13]/CARGO_RESTRAINT_COLLAR_R_-1.3[112]",true,"UnityEngine.Transform;UnityEngine.MeshFilter;UnityEngine.MeshRenderer","",0.00092999998014420271
"Assets/_Project/Prefabs/Ships/Ship_Light_root_fbx_test.prefab","Ship_Light_root_fbx_test[0]/project-c_ship_light_base_SHIP_GameReady[13]/CARGO_RESTRAINT_COLLAR_R_-2.3[113]",true,"UnityEngine.Transform;UnityEngine.MeshFilter;UnityEngine.MeshRenderer","",0.00092999998014420271
"Assets/_Project/Prefabs/Ships/Ship_Light_root_fbx_test.prefab","Ship_Light_root_fbx_test[0]/project-c_ship_light_base_SHIP_GameReady[13]/CARGO_RESTRAINT_POST_L_+0.7[114]",true,"UnityEngine.Transform;UnityEngine.MeshFilter;UnityEngine.MeshRenderer","",0.0027499999850988388
"Assets/_Project/Prefabs/Ships/Ship_Light_root_fbx_test.prefab","Ship_Light_root_fbx_test[0]/project-c_ship_light_base_SHIP_GameReady[13]/CARGO_RESTRAINT_POST_L_-0.3[115]",true,"UnityEngine.Transform;UnityEngine.MeshFilter;UnityEngine.MeshRenderer","",0.0027499999850988388
"Assets/_Project/Prefabs/Ships/Ship_Light_root_fbx_test.prefab","Ship_Light_root_fbx_test[0]/project-c_ship_light_base_SHIP_GameReady[13]/CARGO_RESTRAINT_POST_L_-1.3[116]",true,"UnityEngine.Transform;UnityEngine.MeshFilter;UnityEngine.MeshRenderer","",0.0027499999850988388
"Assets/_Project/Prefabs/Ships/Ship_Light_root_fbx_test.prefab","Ship_Light_root_fbx_test[0]/project-c_ship_light_base_SHIP_GameReady[13]/CARGO_RESTRAINT_POST_L_-2.3[117]",true,"UnityEngine.Transform;UnityEngine.MeshFilter;UnityEngine.MeshRenderer","",0.0027499999850988388
"Assets/_Project/Prefabs/Ships/Ship_Light_root_fbx_test.prefab","Ship_Light_root_fbx_test[0]/project-c_ship_light_base_SHIP_GameReady[13]/CARGO_RESTRAINT_POST_R_+0.7[118]",true,"UnityEngine.Transform;UnityEngine.MeshFilter;UnityEngine.MeshRenderer","",0.0027499999850988388
"Assets/_Project/Prefabs/Ships/Ship_Light_root_fbx_test.prefab","Ship_Light_root_fbx_test[0]/project-c_ship_light_base_SHIP_GameReady[13]/CARGO_RESTRAINT_POST_R_-0.3[119]",true,"UnityEngine.Transform;UnityEngine.MeshFilter;UnityEngine.MeshRenderer","",0.0027499999850988388
"Assets/_Project/Prefabs/Ships/Ship_Light_root_fbx_test.prefab","Ship_Light_root_fbx_test[0]/project-c_ship_light_base_SHIP_GameReady[13]/CARGO_RESTRAINT_POST_R_-1.3[120]",true,"UnityEngine.Transform;UnityEngine.MeshFilter;UnityEngine.MeshRenderer","",0.0027499999850988388
"Assets/_Project/Prefabs/Ships/Ship_Light_root_fbx_test.prefab","Ship_Light_root_fbx_test[0]/project-c_ship_light_base_SHIP_GameReady[13]/CARGO_RESTRAINT_POST_R_-2.3[121]",true,"UnityEngine.Transform;UnityEngine.MeshFilter;UnityEngine.MeshRenderer","",0.0027499999850988388
"Assets/_Project/Prefabs/Ships/Ship_Light_root_fbx_test.prefab","Ship_Light_root_fbx_test[0]/project-c_ship_light_base_SHIP_GameReady[13]/CARGO_TIEDOWN_+0.0_+1.5[122]",true,"UnityEngine.Transform;UnityEngine.MeshFilter;UnityEngine.MeshRenderer","",0.00090000004274770617
"Assets/_Project/Prefabs/Ships/Ship_Light_root_fbx_test.prefab","Ship_Light_root_fbx_test[0]/project-c_ship_light_base_SHIP_GameReady[13]/CARGO_TIEDOWN_+0.0_-1.5[123]",true,"UnityEngine.Transform;UnityEngine.MeshFilter;UnityEngine.MeshRenderer","",0.00090000004274770617
"Assets/_Project/Prefabs/Ships/Ship_Light_root_fbx_test.prefab","Ship_Light_root_fbx_test[0]/project-c_ship_light_base_SHIP_GameReady[13]/CARGO_TIEDOWN_+1.5_+1.5[124]",true,"UnityEngine.Transform;UnityEngine.MeshFilter;UnityEngine.MeshRenderer","",0.00090000004274770617
"Assets/_Project/Prefabs/Ships/Ship_Light_root_fbx_test.prefab","Ship_Light_root_fbx_test[0]/project-c_ship_light_base_SHIP_GameReady[13]/CARGO_TIEDOWN_+1.5_-1.5[125]",true,"UnityEngine.Transform;UnityEngine.MeshFilter;UnityEngine.MeshRenderer","",0.00090000004274770617
"Assets/_Project/Prefabs/Ships/Ship_Light_root_fbx_test.prefab","Ship_Light_root_fbx_test[0]/project-c_ship_light_base_SHIP_GameReady[13]/CARGO_TIEDOWN_-1.5_+1.5[126]",true,"UnityEngine.Transform;UnityEngine.MeshFilter;UnityEngine.MeshRenderer","",0.00090000004274770617
"Assets/_Project/Prefabs/Ships/Ship_Light_root_fbx_test.prefab","Ship_Light_root_fbx_test[0]/project-c_ship_light_base_SHIP_GameReady[13]/CARGO_TIEDOWN_-1.5_-1.5[127]",true,"UnityEngine.Transform;UnityEngine.MeshFilter;UnityEngine.MeshRenderer","",0.00090000004274770617
"Assets/_Project/Prefabs/Ships/Ship_Light_root_fbx_test.prefab","Ship_Light_root_fbx_test[0]/project-c_ship_light_base_SHIP_GameReady[13]/CARGO_TIEDOWN_-3.0_+1.5[128]",true,"UnityEngine.Transform;UnityEngine.MeshFilter;UnityEngine.MeshRenderer","",0.00090000004274770617
"Assets/_Project/Prefabs/Ships/Ship_Light_root_fbx_test.prefab","Ship_Light_root_fbx_test[0]/project-c_ship_light_base_SHIP_GameReady[13]/CARGO_TIEDOWN_-3.0_-1.5[129]",true,"UnityEngine.Transform;UnityEngine.MeshFilter;UnityEngine.MeshRenderer","",0.00090000004274770617
"Assets/_Project/Prefabs/Ships/Ship_Light_root_fbx_test.prefab","Ship_Light_root_fbx_test[0]/project-c_ship_light_base_SHIP_GameReady[13]/CARGO_TIEDOWN_RING_00_L[130]",true,"UnityEngine.Transform;UnityEngine.MeshFilter;UnityEngine.MeshRenderer","",0.0013500000350177288
"Assets/_Project/Prefabs/Ships/Ship_Light_root_fbx_test.prefab","Ship_Light_root_fbx_test[0]/project-c_ship_light_base_SHIP_GameReady[13]/CARGO_TIEDOWN_RING_00_R[131]",true,"UnityEngine.Transform;UnityEngine.MeshFilter;UnityEngine.MeshRenderer","",0.0013500000350177288
"Assets/_Project/Prefabs/Ships/Ship_Light_root_fbx_test.prefab","Ship_Light_root_fbx_test[0]/project-c_ship_light_base_SHIP_GameReady[13]/CARGO_TIEDOWN_RING_01_L[132]",true,"UnityEngine.Transform;UnityEngine.MeshFilter;UnityEngine.MeshRenderer","",0.0013500000350177288
"Assets/_Project/Prefabs/Ships/Ship_Light_root_fbx_test.prefab","Ship_Light_root_fbx_test[0]/project-c_ship_light_base_SHIP_GameReady[13]/CARGO_TIEDOWN_RING_01_R[133]",true,"UnityEngine.Transform;UnityEngine.MeshFilter;UnityEngine.MeshRenderer","",0.0013500000350177288
"Assets/_Project/Prefabs/Ships/Ship_Light_root_fbx_test.prefab","Ship_Light_root_fbx_test[0]/project-c_ship_light_base_SHIP_GameReady[13]/CARGO_TIEDOWN_RING_02_L[134]",true,"UnityEngine.Transform;UnityEngine.MeshFilter;UnityEngine.MeshRenderer","",0.0013500000350177288
"Assets/_Project/Prefabs/Ships/Ship_Light_root_fbx_test.prefab","Ship_Light_root_fbx_test[0]/project-c_ship_light_base_SHIP_GameReady[13]/CARGO_TIEDOWN_RING_02_R[135]",true,"UnityEngine.Transform;UnityEngine.MeshFilter;UnityEngine.MeshRenderer","",0.0013500000350177288
"Assets/_Project/Prefabs/Ships/Ship_Light_root_fbx_test.prefab","Ship_Light_root_fbx_test[0]/project-c_ship_light_base_SHIP_GameReady[13]/CARGO_TIEDOWN_RING_03_L[136]",true,"UnityEngine.Transform;UnityEngine.MeshFilter;UnityEngine.MeshRenderer","",0.0013500000350177288
"Assets/_Project/Prefabs/Ships/Ship_Light_root_fbx_test.prefab","Ship_Light_root_fbx_test[0]/project-c_ship_light_base_SHIP_GameReady[13]/CARGO_TIEDOWN_RING_03_R[137]",true,"UnityEngine.Transform;UnityEngine.MeshFilter;UnityEngine.MeshRenderer","",0.0013500000350177288
"Assets/_Project/Prefabs/Ships/Ship_Light_root_fbx_test.prefab","Ship_Light_root_fbx_test[0]/project-c_ship_light_base_SHIP_GameReady[13]/DECK_MARKING_+1.0[138]",true,"UnityEngine.Transform;UnityEngine.MeshFilter;UnityEngine.MeshRenderer","",0.0032499998342245817
"Assets/_Project/Prefabs/Ships/Ship_Light_root_fbx_test.prefab","Ship_Light_root_fbx_test[0]/project-c_ship_light_base_SHIP_GameReady[13]/DECK_MARKING_-0.3[139]",true,"UnityEngine.Transform;UnityEngine.MeshFilter;UnityEngine.MeshRenderer","",0.0032499998342245817
"Assets/_Project/Prefabs/Ships/Ship_Light_root_fbx_test.prefab","Ship_Light_root_fbx_test[0]/project-c_ship_light_base_SHIP_GameReady[13]/DECK_MARKING_-1.6[140]",true,"UnityEngine.Transform;UnityEngine.MeshFilter;UnityEngine.MeshRenderer","",0.0032499998342245817
"Assets/_Project/Prefabs/Ships/Ship_Light_root_fbx_test.prefab","Ship_Light_root_fbx_test[0]/project-c_ship_light_base_SHIP_GameReady[13]/DECK_MARKING_-2.9[141]",true,"UnityEngine.Transform;UnityEngine.MeshFilter;UnityEngine.MeshRenderer","",0.0032499998342245817
"Assets/_Project/Prefabs/Ships/Ship_Light_root_fbx_test.prefab","Ship_Light_root_fbx_test[0]/project-c_ship_light_base_SHIP_GameReady[13]/DECK_POWER_BOX[142]",true,"UnityEngine.Transform;UnityEngine.MeshFilter;UnityEngine.MeshRenderer;ProjectC.Ship.Cargo.ShipCargoConsole","",0.0030999998562037945
"Assets/_Project/Prefabs/Ships/Ship_Light_root_fbx_test.prefab","Ship_Light_root_fbx_test[0]/project-c_ship_light_base_SHIP_GameReady[13]/DECK_POWER_LAMP_1.45[143]",true,"UnityEngine.Transform;UnityEngine.MeshFilter;UnityEngine.MeshRenderer","",0.0003499999875202775
"Assets/_Project/Prefabs/Ships/Ship_Light_root_fbx_test.prefab","Ship_Light_root_fbx_test[0]/project-c_ship_light_base_SHIP_GameReady[13]/DECK_POWER_LAMP_1.55[144]",true,"UnityEngine.Transform;UnityEngine.MeshFilter;UnityEngine.MeshRenderer","",0.0003499999875202775
"Assets/_Project/Prefabs/Ships/Ship_Light_root_fbx_test.prefab","Ship_Light_root_fbx_test[0]/project-c_ship_light_base_SHIP_GameReady[13]/DECK_POWER_LAMP_1.65[145]",true,"UnityEngine.Transform;UnityEngine.MeshFilter;UnityEngine.MeshRenderer","",0.0003499999875202775
"Assets/_Project/Prefabs/Ships/Ship_Light_root_fbx_test.prefab","Ship_Light_root_fbx_test[0]/project-c_ship_light_base_SHIP_GameReady[13]/DECK_POWER_PANEL[146]",true,"UnityEngine.Transform;UnityEngine.MeshFilter;UnityEngine.MeshRenderer","",0.0018999999156221747
"Assets/_Project/Prefabs/Ships/Ship_Light_root_fbx_test.prefab","Ship_Light_root_fbx_test[0]/project-c_ship_light_base_SHIP_GameReady[13]/DECK_TREAD_00_00[147]",true,"UnityEngine.Transform;UnityEngine.MeshFilter;UnityEngine.MeshRenderer","",0.0041000000201165676
"Assets/_Project/Prefabs/Ships/Ship_Light_root_fbx_test.prefab","Ship_Light_root_fbx_test[0]/project-c_ship_light_base_SHIP_GameReady[13]/DECK_TREAD_00_01[148]",true,"UnityEngine.Transform;UnityEngine.MeshFilter;UnityEngine.MeshRenderer","",0.0041000000201165676
"Assets/_Project/Prefabs/Ships/Ship_Light_root_fbx_test.prefab","Ship_Light_root_fbx_test[0]/project-c_ship_light_base_SHIP_GameReady[13]/DECK_TREAD_00_02[149]",true,"UnityEngine.Transform;UnityEngine.MeshFilter;UnityEngine.MeshRenderer","",0.0041000000201165676
"Assets/_Project/Prefabs/Ships/Ship_Light_root_fbx_test.prefab","Ship_Light_root_fbx_test[0]/project-c_ship_light_base_SHIP_GameReady[13]/DECK_TREAD_01_00[150]",true,"UnityEngine.Transform;UnityEngine.MeshFilter;UnityEngine.MeshRenderer","",0.0041000000201165676
"Assets/_Project/Prefabs/Ships/Ship_Light_root_fbx_test.prefab","Ship_Light_root_fbx_test[0]/project-c_ship_light_base_SHIP_GameReady[13]/DECK_TREAD_01_01[151]",true,"UnityEngine.Transform;UnityEngine.MeshFilter;UnityEngine.MeshRenderer","",0.0041000000201165676
"Assets/_Project/Prefabs/Ships/Ship_Light_root_fbx_test.prefab","Ship_Light_root_fbx_test[0]/project-c_ship_light_base_SHIP_GameReady[13]/DECK_TREAD_01_02[152]",true,"UnityEngine.Transform;UnityEngine.MeshFilter;UnityEngine.MeshRenderer","",0.0041000000201165676
"Assets/_Project/Prefabs/Ships/Ship_Light_root_fbx_test.prefab","Ship_Light_root_fbx_test[0]/project-c_ship_light_base_SHIP_GameReady[13]/DECK_TREAD_02_00[153]",true,"UnityEngine.Transform;UnityEngine.MeshFilter;UnityEngine.MeshRenderer","",0.0041000000201165676
"Assets/_Project/Prefabs/Ships/Ship_Light_root_fbx_test.prefab","Ship_Light_root_fbx_test[0]/project-c_ship_light_base_SHIP_GameReady[13]/DECK_TREAD_02_01[154]",true,"UnityEngine.Transform;UnityEngine.MeshFilter;UnityEngine.MeshRenderer","",0.0041000000201165676
"Assets/_Project/Prefabs/Ships/Ship_Light_root_fbx_test.prefab","Ship_Light_root_fbx_test[0]/project-c_ship_light_base_SHIP_GameReady[13]/DECK_TREAD_02_02[155]",true,"UnityEngine.Transform;UnityEngine.MeshFilter;UnityEngine.MeshRenderer","",0.0041000000201165676
"Assets/_Project/Prefabs/Ships/Ship_Light_root_fbx_test.prefab","Ship_Light_root_fbx_test[0]/project-c_ship_light_base_SHIP_GameReady[13]/DECK_TREAD_03_00[156]",true,"UnityEngine.Transform;UnityEngine.MeshFilter;UnityEngine.MeshRenderer","",0.0041000000201165676
"Assets/_Project/Prefabs/Ships/Ship_Light_root_fbx_test.prefab","Ship_Light_root_fbx_test[0]/project-c_ship_light_base_SHIP_GameReady[13]/DECK_TREAD_03_01[157]",true,"UnityEngine.Transform;UnityEngine.MeshFilter;UnityEngine.MeshRenderer","",0.0041000000201165676
"Assets/_Project/Prefabs/Ships/Ship_Light_root_fbx_test.prefab","Ship_Light_root_fbx_test[0]/project-c_ship_light_base_SHIP_GameReady[13]/DECK_TREAD_03_02[158]",true,"UnityEngine.Transform;UnityEngine.MeshFilter;UnityEngine.MeshRenderer","",0.0041000000201165676
"Assets/_Project/Prefabs/Ships/Ship_Light_root_fbx_test.prefab","Ship_Light_root_fbx_test[0]/project-c_ship_light_base_SHIP_GameReady[13]/DECK_TREAD_04_00[159]",true,"UnityEngine.Transform;UnityEngine.MeshFilter;UnityEngine.MeshRenderer","",0.0041000000201165676
"Assets/_Project/Prefabs/Ships/Ship_Light_root_fbx_test.prefab","Ship_Light_root_fbx_test[0]/project-c_ship_light_base_SHIP_GameReady[13]/DECK_TREAD_04_01[160]",true,"UnityEngine.Transform;UnityEngine.MeshFilter;UnityEngine.MeshRenderer","",0.0041000000201165676
"Assets/_Project/Prefabs/Ships/Ship_Light_root_fbx_test.prefab","Ship_Light_root_fbx_test[0]/project-c_ship_light_base_SHIP_GameReady[13]/DECK_TREAD_04_02[161]",true,"UnityEngine.Transform;UnityEngine.MeshFilter;UnityEngine.MeshRenderer","",0.0041000000201165676
"Assets/_Project/Prefabs/Ships/Ship_Light_root_fbx_test.prefab","Ship_Light_root_fbx_test[0]/project-c_ship_light_base_SHIP_GameReady[13]/DECK_TREAD_05_00[162]",true,"UnityEngine.Transform;UnityEngine.MeshFilter;UnityEngine.MeshRenderer","",0.0041000000201165676
"Assets/_Project/Prefabs/Ships/Ship_Light_root_fbx_test.prefab","Ship_Light_root_fbx_test[0]/project-c_ship_light_base_SHIP_GameReady[13]/DECK_TREAD_05_01[163]",true,"UnityEngine.Transform;UnityEngine.MeshFilter;UnityEngine.MeshRenderer","",0.0041000000201165676
"Assets/_Project/Prefabs/Ships/Ship_Light_root_fbx_test.prefab","Ship_Light_root_fbx_test[0]/project-c_ship_light_base_SHIP_GameReady[13]/DECK_TREAD_05_02[164]",true,"UnityEngine.Transform;UnityEngine.MeshFilter;UnityEngine.MeshRenderer","",0.0041000000201165676
"Assets/_Project/Prefabs/Ships/Ship_Light_root_fbx_test.prefab","Ship_Light_root_fbx_test[0]/project-c_ship_light_base_SHIP_GameReady[13]/GRAVITY_EMITTER_00_L_BODY[165]",true,"UnityEngine.Transform;UnityEngine.MeshFilter;UnityEngine.MeshRenderer","",0.0030000000260770321
"Assets/_Project/Prefabs/Ships/Ship_Light_root_fbx_test.prefab","Ship_Light_root_fbx_test[0]/project-c_ship_light_base_SHIP_GameReady[13]/GRAVITY_EMITTER_00_L_CAP[166]",true,"UnityEngine.Transform;UnityEngine.MeshFilter;UnityEngine.MeshRenderer","",0.0020000000949949026
"Assets/_Project/Prefabs/Ships/Ship_Light_root_fbx_test.prefab","Ship_Light_root_fbx_test[0]/project-c_ship_light_base_SHIP_GameReady[13]/GRAVITY_EMITTER_00_L_CORE[167]",true,"UnityEngine.Transform;UnityEngine.MeshFilter;UnityEngine.MeshRenderer","",0.0017000000225380063
"Assets/_Project/Prefabs/Ships/Ship_Light_root_fbx_test.prefab","Ship_Light_root_fbx_test[0]/project-c_ship_light_base_SHIP_GameReady[13]/GRAVITY_EMITTER_00_L_FIN_0.00[168]",true,"UnityEngine.Transform;UnityEngine.MeshFilter;UnityEngine.MeshRenderer","",0.00139999995008111
"Assets/_Project/Prefabs/Ships/Ship_Light_root_fbx_test.prefab","Ship_Light_root_fbx_test[0]/project-c_ship_light_base_SHIP_GameReady[13]/GRAVITY_EMITTER_00_L_FIN_1.57[169]",true,"UnityEngine.Transform;UnityEngine.MeshFilter;UnityEngine.MeshRenderer","",0.00139999995008111
"Assets/_Project/Prefabs/Ships/Ship_Light_root_fbx_test.prefab","Ship_Light_root_fbx_test[0]/project-c_ship_light_base_SHIP_GameReady[13]/GRAVITY_EMITTER_00_L_FIN_3.14[170]",true,"UnityEngine.Transform;UnityEngine.MeshFilter;UnityEngine.MeshRenderer","",0.00139999995008111
"Assets/_Project/Prefabs/Ships/Ship_Light_root_fbx_test.prefab","Ship_Light_root_fbx_test[0]/project-c_ship_light_base_SHIP_GameReady[13]/GRAVITY_EMITTER_00_L_FIN_4.71[171]",true,"UnityEngine.Transform;UnityEngine.MeshFilter;UnityEngine.MeshRenderer","",0.00139999995008111
"Assets/_Project/Prefabs/Ships/Ship_Light_root_fbx_test.prefab","Ship_Light_root_fbx_test[0]/project-c_ship_light_base_SHIP_GameReady[13]/GRAVITY_EMITTER_00_L_RING_UP[172]",true,"UnityEngine.Transform;UnityEngine.MeshFilter;UnityEngine.MeshRenderer","",0.0035500000230968
"Assets/_Project/Prefabs/Ships/Ship_Light_root_fbx_test.prefab","Ship_Light_root_fbx_test[0]/project-c_ship_light_base_SHIP_GameReady[13]/GRAVITY_EMITTER_00_R_BODY[173]",true,"UnityEngine.Transform;UnityEngine.MeshFilter;UnityEngine.MeshRenderer","",0.0030000000260770321
"Assets/_Project/Prefabs/Ships/Ship_Light_root_fbx_test.prefab","Ship_Light_root_fbx_test[0]/project-c_ship_light_base_SHIP_GameReady[13]/GRAVITY_EMITTER_00_R_CAP[174]",true,"UnityEngine.Transform;UnityEngine.MeshFilter;UnityEngine.MeshRenderer","",0.0020000000949949026
"Assets/_Project/Prefabs/Ships/Ship_Light_root_fbx_test.prefab","Ship_Light_root_fbx_test[0]/project-c_ship_light_base_SHIP_GameReady[13]/GRAVITY_EMITTER_00_R_CORE[175]",true,"UnityEngine.Transform;UnityEngine.MeshFilter;UnityEngine.MeshRenderer","",0.0017000000225380063
"Assets/_Project/Prefabs/Ships/Ship_Light_root_fbx_test.prefab","Ship_Light_root_fbx_test[0]/project-c_ship_light_base_SHIP_GameReady[13]/GRAVITY_EMITTER_00_R_FIN_0.00[176]",true,"UnityEngine.Transform;UnityEngine.MeshFilter;UnityEngine.MeshRenderer","",0.00139999995008111
"Assets/_Project/Prefabs/Ships/Ship_Light_root_fbx_test.prefab","Ship_Light_root_fbx_test[0]/project-c_ship_light_base_SHIP_GameReady[13]/GRAVITY_EMITTER_00_R_FIN_1.57[177]",true,"UnityEngine.Transform;UnityEngine.MeshFilter;UnityEngine.MeshRenderer","",0.00139999995008111
"Assets/_Project/Prefabs/Ships/Ship_Light_root_fbx_test.prefab","Ship_Light_root_fbx_test[0]/project-c_ship_light_base_SHIP_GameReady[13]/GRAVITY_EMITTER_00_R_FIN_3.14[178]",true,"UnityEngine.Transform;UnityEngine.MeshFilter;UnityEngine.MeshRenderer","",0.00139999995008111
"Assets/_Project/Prefabs/Ships/Ship_Light_root_fbx_test.prefab","Ship_Light_root_fbx_test[0]/project-c_ship_light_base_SHIP_GameReady[13]/GRAVITY_EMITTER_00_R_FIN_4.71[179]",true,"UnityEngine.Transform;UnityEngine.MeshFilter;UnityEngine.MeshRenderer","",0.00139999995008111
"Assets/_Project/Prefabs/Ships/Ship_Light_root_fbx_test.prefab","Ship_Light_root_fbx_test[0]/project-c_ship_light_base_SHIP_GameReady[13]/GRAVITY_EMITTER_00_R_RING_UP[180]",true,"UnityEngine.Transform;UnityEngine.MeshFilter;UnityEngine.MeshRenderer","",0.0035500000230968
"Assets/_Project/Prefabs/Ships/Ship_Light_root_fbx_test.prefab","Ship_Light_root_fbx_test[0]/project-c_ship_light_base_SHIP_GameReady[13]/GRAVITY_EMITTER_01_L_BODY[181]",true,"UnityEngine.Transform;UnityEngine.MeshFilter;UnityEngine.MeshRenderer","",0.0030000000260770321
"Assets/_Project/Prefabs/Ships/Ship_Light_root_fbx_test.prefab","Ship_Light_root_fbx_test[0]/project-c_ship_light_base_SHIP_GameReady[13]/GRAVITY_EMITTER_01_L_CAP[182]",true,"UnityEngine.Transform;UnityEngine.MeshFilter;UnityEngine.MeshRenderer","",0.0020000000949949026
"Assets/_Project/Prefabs/Ships/Ship_Light_root_fbx_test.prefab","Ship_Light_root_fbx_test[0]/project-c_ship_light_base_SHIP_GameReady[13]/GRAVITY_EMITTER_01_L_CORE[183]",true,"UnityEngine.Transform;UnityEngine.MeshFilter;UnityEngine.MeshRenderer","",0.0017000000225380063
"Assets/_Project/Prefabs/Ships/Ship_Light_root_fbx_test.prefab","Ship_Light_root_fbx_test[0]/project-c_ship_light_base_SHIP_GameReady[13]/GRAVITY_EMITTER_01_L_FIN_0.00[184]",true,"UnityEngine.Transform;UnityEngine.MeshFilter;UnityEngine.MeshRenderer","",0.00139999995008111
"Assets/_Project/Prefabs/Ships/Ship_Light_root_fbx_test.prefab","Ship_Light_root_fbx_test[0]/project-c_ship_light_base_SHIP_GameReady[13]/GRAVITY_EMITTER_01_L_FIN_1.57[185]",true,"UnityEngine.Transform;UnityEngine.MeshFilter;UnityEngine.MeshRenderer","",0.00139999995008111
"Assets/_Project/Prefabs/Ships/Ship_Light_root_fbx_test.prefab","Ship_Light_root_fbx_test[0]/project-c_ship_light_base_SHIP_GameReady[13]/GRAVITY_EMITTER_01_L_FIN_3.14[186]",true,"UnityEngine.Transform;UnityEngine.MeshFilter;UnityEngine.MeshRenderer","",0.00139999995008111
"Assets/_Project/Prefabs/Ships/Ship_Light_root_fbx_test.prefab","Ship_Light_root_fbx_test[0]/project-c_ship_light_base_SHIP_GameReady[13]/GRAVITY_EMITTER_01_L_FIN_4.71[187]",true,"UnityEngine.Transform;UnityEngine.MeshFilter;UnityEngine.MeshRenderer","",0.00139999995008111
"Assets/_Project/Prefabs/Ships/Ship_Light_root_fbx_test.prefab","Ship_Light_root_fbx_test[0]/project-c_ship_light_base_SHIP_GameReady[13]/GRAVITY_EMITTER_01_L_RING_UP[188]",true,"UnityEngine.Transform;UnityEngine.MeshFilter;UnityEngine.MeshRenderer","",0.0035500000230968
"Assets/_Project/Prefabs/Ships/Ship_Light_root_fbx_test.prefab","Ship_Light_root_fbx_test[0]/project-c_ship_light_base_SHIP_GameReady[13]/GRAVITY_EMITTER_01_R_BODY[189]",true,"UnityEngine.Transform;UnityEngine.MeshFilter;UnityEngine.MeshRenderer","",0.0030000000260770321
"Assets/_Project/Prefabs/Ships/Ship_Light_root_fbx_test.prefab","Ship_Light_root_fbx_test[0]/project-c_ship_light_base_SHIP_GameReady[13]/GRAVITY_EMITTER_01_R_CAP[190]",true,"UnityEngine.Transform;UnityEngine.MeshFilter;UnityEngine.MeshRenderer","",0.0020000000949949026
"Assets/_Project/Prefabs/Ships/Ship_Light_root_fbx_test.prefab","Ship_Light_root_fbx_test[0]/project-c_ship_light_base_SHIP_GameReady[13]/GRAVITY_EMITTER_01_R_CORE[191]",true,"UnityEngine.Transform;UnityEngine.MeshFilter;UnityEngine.MeshRenderer","",0.0017000000225380063
"Assets/_Project/Prefabs/Ships/Ship_Light_root_fbx_test.prefab","Ship_Light_root_fbx_test[0]/project-c_ship_light_base_SHIP_GameReady[13]/GRAVITY_EMITTER_01_R_FIN_0.00[192]",true,"UnityEngine.Transform;UnityEngine.MeshFilter;UnityEngine.MeshRenderer","",0.00139999995008111
"Assets/_Project/Prefabs/Ships/Ship_Light_root_fbx_test.prefab","Ship_Light_root_fbx_test[0]/project-c_ship_light_base_SHIP_GameReady[13]/GRAVITY_EMITTER_01_R_FIN_1.57[193]",true,"UnityEngine.Transform;UnityEngine.MeshFilter;UnityEngine.MeshRenderer","",0.00139999995008111
"Assets/_Project/Prefabs/Ships/Ship_Light_root_fbx_test.prefab","Ship_Light_root_fbx_test[0]/project-c_ship_light_base_SHIP_GameReady[13]/GRAVITY_EMITTER_01_R_FIN_3.14[194]",true,"UnityEngine.Transform;UnityEngine.MeshFilter;UnityEngine.MeshRenderer","",0.00139999995008111
"Assets/_Project/Prefabs/Ships/Ship_Light_root_fbx_test.prefab","Ship_Light_root_fbx_test[0]/project-c_ship_light_base_SHIP_GameReady[13]/GRAVITY_EMITTER_01_R_FIN_4.71[195]",true,"UnityEngine.Transform;UnityEngine.MeshFilter;UnityEngine.MeshRenderer","",0.00139999995008111
"Assets/_Project/Prefabs/Ships/Ship_Light_root_fbx_test.prefab","Ship_Light_root_fbx_test[0]/project-c_ship_light_base_SHIP_GameReady[13]/GRAVITY_EMITTER_01_R_RING_UP[196]",true,"UnityEngine.Transform;UnityEngine.MeshFilter;UnityEngine.MeshRenderer","",0.0035500000230968
"Assets/_Project/Prefabs/Ships/Ship_Light_root_fbx_test.prefab","Ship_Light_root_fbx_test[0]/project-c_ship_light_base_SHIP_GameReady[13]/GRAVITY_EMITTER_02_L_BODY[197]",true,"UnityEngine.Transform;UnityEngine.MeshFilter;UnityEngine.MeshRenderer","",0.0030000000260770321
"Assets/_Project/Prefabs/Ships/Ship_Light_root_fbx_test.prefab","Ship_Light_root_fbx_test[0]/project-c_ship_light_base_SHIP_GameReady[13]/GRAVITY_EMITTER_02_L_CAP[198]",true,"UnityEngine.Transform;UnityEngine.MeshFilter;UnityEngine.MeshRenderer","",0.0020000000949949026
"Assets/_Project/Prefabs/Ships/Ship_Light_root_fbx_test.prefab","Ship_Light_root_fbx_test[0]/project-c_ship_light_base_SHIP_GameReady[13]/GRAVITY_EMITTER_02_L_CORE[199]",true,"UnityEngine.Transform;UnityEngine.MeshFilter;UnityEngine.MeshRenderer","",0.0017000000225380063
"Assets/_Project/Prefabs/Ships/Ship_Light_root_fbx_test.prefab","Ship_Light_root_fbx_test[0]/project-c_ship_light_base_SHIP_GameReady[13]/GRAVITY_EMITTER_02_L_FIN_0.00[200]",true,"UnityEngine.Transform;UnityEngine.MeshFilter;UnityEngine.MeshRenderer","",0.00139999995008111
"Assets/_Project/Prefabs/Ships/Ship_Light_root_fbx_test.prefab","Ship_Light_root_fbx_test[0]/project-c_ship_light_base_SHIP_GameReady[13]/GRAVITY_EMITTER_02_L_FIN_1.57[201]",true,"UnityEngine.Transform;UnityEngine.MeshFilter;UnityEngine.MeshRenderer","",0.00139999995008111
"Assets/_Project/Prefabs/Ships/Ship_Light_root_fbx_test.prefab","Ship_Light_root_fbx_test[0]/project-c_ship_light_base_SHIP_GameReady[13]/GRAVITY_EMITTER_02_L_FIN_3.14[202]",true,"UnityEngine.Transform;UnityEngine.MeshFilter;UnityEngine.MeshRenderer","",0.00139999995008111
"Assets/_Project/Prefabs/Ships/Ship_Light_root_fbx_test.prefab","Ship_Light_root_fbx_test[0]/project-c_ship_light_base_SHIP_GameReady[13]/GRAVITY_EMITTER_02_L_FIN_4.71[203]",true,"UnityEngine.Transform;UnityEngine.MeshFilter;UnityEngine.MeshRenderer","",0.00139999995008111
"Assets/_Project/Prefabs/Ships/Ship_Light_root_fbx_test.prefab","Ship_Light_root_fbx_test[0]/project-c_ship_light_base_SHIP_GameReady[13]/GRAVITY_EMITTER_02_L_RING_UP[204]",true,"UnityEngine.Transform;UnityEngine.MeshFilter;UnityEngine.MeshRenderer","",0.0035500000230968
"Assets/_Project/Prefabs/Ships/Ship_Light_root_fbx_test.prefab","Ship_Light_root_fbx_test[0]/project-c_ship_light_base_SHIP_GameReady[13]/GRAVITY_EMITTER_02_R_BODY[205]",true,"UnityEngine.Transform;UnityEngine.MeshFilter;UnityEngine.MeshRenderer","",0.0030000000260770321
"Assets/_Project/Prefabs/Ships/Ship_Light_root_fbx_test.prefab","Ship_Light_root_fbx_test[0]/project-c_ship_light_base_SHIP_GameReady[13]/GRAVITY_EMITTER_02_R_CAP[206]",true,"UnityEngine.Transform;UnityEngine.MeshFilter;UnityEngine.MeshRenderer","",0.0020000000949949026
"Assets/_Project/Prefabs/Ships/Ship_Light_root_fbx_test.prefab","Ship_Light_root_fbx_test[0]/project-c_ship_light_base_SHIP_GameReady[13]/GRAVITY_EMITTER_02_R_CORE[207]",true,"UnityEngine.Transform;UnityEngine.MeshFilter;UnityEngine.MeshRenderer","",0.0017000000225380063
"Assets/_Project/Prefabs/Ships/Ship_Light_root_fbx_test.prefab","Ship_Light_root_fbx_test[0]/project-c_ship_light_base_SHIP_GameReady[13]/GRAVITY_EMITTER_02_R_FIN_0.00[208]",true,"UnityEngine.Transform;UnityEngine.MeshFilter;UnityEngine.MeshRenderer","",0.00139999995008111
"Assets/_Project/Prefabs/Ships/Ship_Light_root_fbx_test.prefab","Ship_Light_root_fbx_test[0]/project-c_ship_light_base_SHIP_GameReady[13]/GRAVITY_EMITTER_02_R_FIN_1.57[209]",true,"UnityEngine.Transform;UnityEngine.MeshFilter;UnityEngine.MeshRenderer","",0.00139999995008111
"Assets/_Project/Prefabs/Ships/Ship_Light_root_fbx_test.prefab","Ship_Light_root_fbx_test[0]/project-c_ship_light_base_SHIP_GameReady[13]/GRAVITY_EMITTER_02_R_FIN_3.14[210]",true,"UnityEngine.Transform;UnityEngine.MeshFilter;UnityEngine.MeshRenderer","",0.00139999995008111
"Assets/_Project/Prefabs/Ships/Ship_Light_root_fbx_test.prefab","Ship_Light_root_fbx_test[0]/project-c_ship_light_base_SHIP_GameReady[13]/GRAVITY_EMITTER_02_R_FIN_4.71[211]",true,"UnityEngine.Transform;UnityEngine.MeshFilter;UnityEngine.MeshRenderer","",0.00139999995008111
"Assets/_Project/Prefabs/Ships/Ship_Light_root_fbx_test.prefab","Ship_Light_root_fbx_test[0]/project-c_ship_light_base_SHIP_GameReady[13]/GRAVITY_EMITTER_02_R_RING_UP[212]",true,"UnityEngine.Transform;UnityEngine.MeshFilter;UnityEngine.MeshRenderer","",0.0035500000230968
"Assets/_Project/Prefabs/Ships/Ship_Light_root_fbx_test.prefab","Ship_Light_root_fbx_test[0]/project-c_ship_light_base_SHIP_GameReady[13]/GRAVITY_EMITTER_03_L_BODY[213]",true,"UnityEngine.Transform;UnityEngine.MeshFilter;UnityEngine.MeshRenderer","",0.0030000000260770321
"Assets/_Project/Prefabs/Ships/Ship_Light_root_fbx_test.prefab","Ship_Light_root_fbx_test[0]/project-c_ship_light_base_SHIP_GameReady[13]/GRAVITY_EMITTER_03_L_CAP[214]",true,"UnityEngine.Transform;UnityEngine.MeshFilter;UnityEngine.MeshRenderer","",0.0020000000949949026
"Assets/_Project/Prefabs/Ships/Ship_Light_root_fbx_test.prefab","Ship_Light_root_fbx_test[0]/project-c_ship_light_base_SHIP_GameReady[13]/GRAVITY_EMITTER_03_L_CORE[215]",true,"UnityEngine.Transform;UnityEngine.MeshFilter;UnityEngine.MeshRenderer","",0.0017000000225380063
"Assets/_Project/Prefabs/Ships/Ship_Light_root_fbx_test.prefab","Ship_Light_root_fbx_test[0]/project-c_ship_light_base_SHIP_GameReady[13]/GRAVITY_EMITTER_03_L_FIN_0.00[216]",true,"UnityEngine.Transform;UnityEngine.MeshFilter;UnityEngine.MeshRenderer","",0.00139999995008111
"Assets/_Project/Prefabs/Ships/Ship_Light_root_fbx_test.prefab","Ship_Light_root_fbx_test[0]/project-c_ship_light_base_SHIP_GameReady[13]/GRAVITY_EMITTER_03_L_FIN_1.57[217]",true,"UnityEngine.Transform;UnityEngine.MeshFilter;UnityEngine.MeshRenderer","",0.00139999995008111
"Assets/_Project/Prefabs/Ships/Ship_Light_root_fbx_test.prefab","Ship_Light_root_fbx_test[0]/project-c_ship_light_base_SHIP_GameReady[13]/GRAVITY_EMITTER_03_L_FIN_3.14[218]",true,"UnityEngine.Transform;UnityEngine.MeshFilter;UnityEngine.MeshRenderer","",0.00139999995008111
"Assets/_Project/Prefabs/Ships/Ship_Light_root_fbx_test.prefab","Ship_Light_root_fbx_test[0]/project-c_ship_light_base_SHIP_GameReady[13]/GRAVITY_EMITTER_03_L_FIN_4.71[219]",true,"UnityEngine.Transform;UnityEngine.MeshFilter;UnityEngine.MeshRenderer","",0.00139999995008111
"Assets/_Project/Prefabs/Ships/Ship_Light_root_fbx_test.prefab","Ship_Light_root_fbx_test[0]/project-c_ship_light_base_SHIP_GameReady[13]/GRAVITY_EMITTER_03_L_RING_UP[220]",true,"UnityEngine.Transform;UnityEngine.MeshFilter;UnityEngine.MeshRenderer","",0.0035500000230968
"Assets/_Project/Prefabs/Ships/Ship_Light_root_fbx_test.prefab","Ship_Light_root_fbx_test[0]/project-c_ship_light_base_SHIP_GameReady[13]/GRAVITY_EMITTER_03_R_BODY[221]",true,"UnityEngine.Transform;UnityEngine.MeshFilter;UnityEngine.MeshRenderer","",0.0030000000260770321
"Assets/_Project/Prefabs/Ships/Ship_Light_root_fbx_test.prefab","Ship_Light_root_fbx_test[0]/project-c_ship_light_base_SHIP_GameReady[13]/GRAVITY_EMITTER_03_R_CAP[222]",true,"UnityEngine.Transform;UnityEngine.MeshFilter;UnityEngine.MeshRenderer","",0.0020000000949949026
"Assets/_Project/Prefabs/Ships/Ship_Light_root_fbx_test.prefab","Ship_Light_root_fbx_test[0]/project-c_ship_light_base_SHIP_GameReady[13]/GRAVITY_EMITTER_03_R_CORE[223]",true,"UnityEngine.Transform;UnityEngine.MeshFilter;UnityEngine.MeshRenderer","",0.0017000000225380063
"Assets/_Project/Prefabs/Ships/Ship_Light_root_fbx_test.prefab","Ship_Light_root_fbx_test[0]/project-c_ship_light_base_SHIP_GameReady[13]/GRAVITY_EMITTER_03_R_FIN_0.00[224]",true,"UnityEngine.Transform;UnityEngine.MeshFilter;UnityEngine.MeshRenderer","",0.00139999995008111
"Assets/_Project/Prefabs/Ships/Ship_Light_root_fbx_test.prefab","Ship_Light_root_fbx_test[0]/project-c_ship_light_base_SHIP_GameReady[13]/GRAVITY_EMITTER_03_R_FIN_1.57[225]",true,"UnityEngine.Transform;UnityEngine.MeshFilter;UnityEngine.MeshRenderer","",0.00139999995008111
"Assets/_Project/Prefabs/Ships/Ship_Light_root_fbx_test.prefab","Ship_Light_root_fbx_test[0]/project-c_ship_light_base_SHIP_GameReady[13]/GRAVITY_EMITTER_03_R_FIN_3.14[226]",true,"UnityEngine.Transform;UnityEngine.MeshFilter;UnityEngine.MeshRenderer","",0.00139999995008111
"Assets/_Project/Prefabs/Ships/Ship_Light_root_fbx_test.prefab","Ship_Light_root_fbx_test[0]/project-c_ship_light_base_SHIP_GameReady[13]/GRAVITY_EMITTER_03_R_FIN_4.71[227]",true,"UnityEngine.Transform;UnityEngine.MeshFilter;UnityEngine.MeshRenderer","",0.00139999995008111
"Assets/_Project/Prefabs/Ships/Ship_Light_root_fbx_test.prefab","Ship_Light_root_fbx_test[0]/project-c_ship_light_base_SHIP_GameReady[13]/GRAVITY_EMITTER_03_R_RING_UP[228]",true,"UnityEngine.Transform;UnityEngine.MeshFilter;UnityEngine.MeshRenderer","",0.0035500000230968
"Assets/_Project/Prefabs/Ships/Ship_Light_root_fbx_test.prefab","Ship_Light_root_fbx_test[0]/project-c_ship_light_base_SHIP_GameReady[13]/GRAVITY_FEED_RAIL_+1.28[229]",true,"UnityEngine.Transform;UnityEngine.MeshFilter;UnityEngine.MeshRenderer","",0.029500000178813934
"Assets/_Project/Prefabs/Ships/Ship_Light_root_fbx_test.prefab","Ship_Light_root_fbx_test[0]/project-c_ship_light_base_SHIP_GameReady[13]/GRAVITY_FEED_RAIL_-1.28[230]",true,"UnityEngine.Transform;UnityEngine.MeshFilter;UnityEngine.MeshRenderer","",0.029500000178813934
"Assets/_Project/Prefabs/Ships/Ship_Light_root_fbx_test.prefab","Ship_Light_root_fbx_test[0]/project-c_ship_light_base_SHIP_GameReady[13]/GRAVITY_HOUSING_CENTER[231]",true,"UnityEngine.Transform;UnityEngine.MeshFilter;UnityEngine.MeshRenderer","",0.032249998301267624
"Assets/_Project/Prefabs/Ships/Ship_Light_root_fbx_test.prefab","Ship_Light_root_fbx_test[0]/project-c_ship_light_base_SHIP_GameReady[13]/GRAVITY_HOUSING_PANEL_+0.00[232]",true,"UnityEngine.Transform;UnityEngine.MeshFilter;UnityEngine.MeshRenderer","",0.0097500002011656761
"Assets/_Project/Prefabs/Ships/Ship_Light_root_fbx_test.prefab","Ship_Light_root_fbx_test[0]/project-c_ship_light_base_SHIP_GameReady[13]/GRAVITY_HOUSING_PANEL_+1.30[233]",true,"UnityEngine.Transform;UnityEngine.MeshFilter;UnityEngine.MeshRenderer","",0.0097500002011656761
"Assets/_Project/Prefabs/Ships/Ship_Light_root_fbx_test.prefab","Ship_Light_root_fbx_test[0]/project-c_ship_light_base_SHIP_GameReady[13]/GRAVITY_HOUSING_PANEL_+2.55[234]",true,"UnityEngine.Transform;UnityEngine.MeshFilter;UnityEngine.MeshRenderer","",0.0097500002011656761
"Assets/_Project/Prefabs/Ships/Ship_Light_root_fbx_test.prefab","Ship_Light_root_fbx_test[0]/project-c_ship_light_base_SHIP_GameReady[13]/GRAVITY_HOUSING_PANEL_-1.30[235]",true,"UnityEngine.Transform;UnityEngine.MeshFilter;UnityEngine.MeshRenderer","",0.0097500002011656761
"Assets/_Project/Prefabs/Ships/Ship_Light_root_fbx_test.prefab","Ship_Light_root_fbx_test[0]/project-c_ship_light_base_SHIP_GameReady[13]/GRAVITY_HOUSING_PANEL_-2.55[236]",true,"UnityEngine.Transform;UnityEngine.MeshFilter;UnityEngine.MeshRenderer","",0.0097500002011656761
"Assets/_Project/Prefabs/Ships/Ship_Light_root_fbx_test.prefab","Ship_Light_root_fbx_test[0]/project-c_ship_light_base_SHIP_GameReady[13]/GRAVITY_HOUSING_TOP_RIDGE[237]",true,"UnityEngine.Transform;UnityEngine.MeshFilter;UnityEngine.MeshRenderer","",0.029500000178813934
"Assets/_Project/Prefabs/Ships/Ship_Light_root_fbx_test.prefab","Ship_Light_root_fbx_test[0]/project-c_ship_light_base_SHIP_GameReady[13]/GRAVITY_PANEL_BOLT_+0.00_+0.75[238]",true,"UnityEngine.Transform;UnityEngine.MeshFilter;UnityEngine.MeshRenderer","",0.0003499999875202775
"Assets/_Project/Prefabs/Ships/Ship_Light_root_fbx_test.prefab","Ship_Light_root_fbx_test[0]/project-c_ship_light_base_SHIP_GameReady[13]/GRAVITY_PANEL_BOLT_+0.00_-0.75[239]",true,"UnityEngine.Transform;UnityEngine.MeshFilter;UnityEngine.MeshRenderer","",0.0003499999875202775
"Assets/_Project/Prefabs/Ships/Ship_Light_root_fbx_test.prefab","Ship_Light_root_fbx_test[0]/project-c_ship_light_base_SHIP_GameReady[13]/GRAVITY_PANEL_BOLT_+1.30_+0.75[240]",true,"UnityEngine.Transform;UnityEngine.MeshFilter;UnityEngine.MeshRenderer","",0.0003499999875202775
"Assets/_Project/Prefabs/Ships/Ship_Light_root_fbx_test.prefab","Ship_Light_root_fbx_test[0]/project-c_ship_light_base_SHIP_GameReady[13]/GRAVITY_PANEL_BOLT_+1.30_-0.75[241]",true,"UnityEngine.Transform;UnityEngine.MeshFilter;UnityEngine.MeshRenderer","",0.0003499999875202775
"Assets/_Project/Prefabs/Ships/Ship_Light_root_fbx_test.prefab","Ship_Light_root_fbx_test[0]/project-c_ship_light_base_SHIP_GameReady[13]/GRAVITY_PANEL_BOLT_+2.55_+0.75[242]",true,"UnityEngine.Transform;UnityEngine.MeshFilter;UnityEngine.MeshRenderer","",0.0003499999875202775
"Assets/_Project/Prefabs/Ships/Ship_Light_root_fbx_test.prefab","Ship_Light_root_fbx_test[0]/project-c_ship_light_base_SHIP_GameReady[13]/GRAVITY_PANEL_BOLT_+2.55_-0.75[243]",true,"UnityEngine.Transform;UnityEngine.MeshFilter;UnityEngine.MeshRenderer","",0.0003499999875202775
"Assets/_Project/Prefabs/Ships/Ship_Light_root_fbx_test.prefab","Ship_Light_root_fbx_test[0]/project-c_ship_light_base_SHIP_GameReady[13]/GRAVITY_PANEL_BOLT_-1.30_+0.75[244]",true,"UnityEngine.Transform;UnityEngine.MeshFilter;UnityEngine.MeshRenderer","",0.0003499999875202775
"Assets/_Project/Prefabs/Ships/Ship_Light_root_fbx_test.prefab","Ship_Light_root_fbx_test[0]/project-c_ship_light_base_SHIP_GameReady[13]/GRAVITY_PANEL_BOLT_-1.30_-0.75[245]",true,"UnityEngine.Transform;UnityEngine.MeshFilter;UnityEngine.MeshRenderer","",0.0003499999875202775
"Assets/_Project/Prefabs/Ships/Ship_Light_root_fbx_test.prefab","Ship_Light_root_fbx_test[0]/project-c_ship_light_base_SHIP_GameReady[13]/GRAVITY_PANEL_BOLT_-2.55_+0.75[246]",true,"UnityEngine.Transform;UnityEngine.MeshFilter;UnityEngine.MeshRenderer","",0.0003499999875202775
"Assets/_Project/Prefabs/Ships/Ship_Light_root_fbx_test.prefab","Ship_Light_root_fbx_test[0]/project-c_ship_light_base_SHIP_GameReady[13]/GRAVITY_PANEL_BOLT_-2.55_-0.75[247]",true,"UnityEngine.Transform;UnityEngine.MeshFilter;UnityEngine.MeshRenderer","",0.0003499999875202775
"Assets/_Project/Prefabs/Ships/Ship_Light_root_fbx_test.prefab","Ship_Light_root_fbx_test[0]/project-c_ship_light_base_SHIP_GameReady[13]/GRAVITY_STRUT_+0.85_+1.28[248]",true,"UnityEngine.Transform;UnityEngine.MeshFilter;UnityEngine.MeshRenderer","",0.0016548644052818418
"Assets/_Project/Prefabs/Ships/Ship_Light_root_fbx_test.prefab","Ship_Light_root_fbx_test[0]/project-c_ship_light_base_SHIP_GameReady[13]/GRAVITY_STRUT_+0.85_-1.28[249]",true,"UnityEngine.Transform;UnityEngine.MeshFilter;UnityEngine.MeshRenderer","",0.0016548644052818418
"Assets/_Project/Prefabs/Ships/Ship_Light_root_fbx_test.prefab","Ship_Light_root_fbx_test[0]/project-c_ship_light_base_SHIP_GameReady[13]/GRAVITY_STRUT_+2.55_+1.28[250]",true,"UnityEngine.Transform;UnityEngine.MeshFilter;UnityEngine.MeshRenderer","",0.0016548644052818418
"Assets/_Project/Prefabs/Ships/Ship_Light_root_fbx_test.prefab","Ship_Light_root_fbx_test[0]/project-c_ship_light_base_SHIP_GameReady[13]/GRAVITY_STRUT_+2.55_-1.28[251]",true,"UnityEngine.Transform;UnityEngine.MeshFilter;UnityEngine.MeshRenderer","",0.0016548644052818418
"Assets/_Project/Prefabs/Ships/Ship_Light_root_fbx_test.prefab","Ship_Light_root_fbx_test[0]/project-c_ship_light_base_SHIP_GameReady[13]/GRAVITY_STRUT_-0.85_+1.28[252]",true,"UnityEngine.Transform;UnityEngine.MeshFilter;UnityEngine.MeshRenderer","",0.0016548644052818418
"Assets/_Project/Prefabs/Ships/Ship_Light_root_fbx_test.prefab","Ship_Light_root_fbx_test[0]/project-c_ship_light_base_SHIP_GameReady[13]/GRAVITY_STRUT_-0.85_-1.28[253]",true,"UnityEngine.Transform;UnityEngine.MeshFilter;UnityEngine.MeshRenderer","",0.0016548644052818418
"Assets/_Project/Prefabs/Ships/Ship_Light_root_fbx_test.prefab","Ship_Light_root_fbx_test[0]/project-c_ship_light_base_SHIP_GameReady[13]/GRAVITY_STRUT_-2.55_+1.28[254]",true,"UnityEngine.Transform;UnityEngine.MeshFilter;UnityEngine.MeshRenderer","",0.0016548644052818418
"Assets/_Project/Prefabs/Ships/Ship_Light_root_fbx_test.prefab","Ship_Light_root_fbx_test[0]/project-c_ship_light_base_SHIP_GameReady[13]/GRAVITY_STRUT_-2.55_-1.28[255]",true,"UnityEngine.Transform;UnityEngine.MeshFilter;UnityEngine.MeshRenderer","",0.0016548644052818418
"Assets/_Project/Prefabs/Ships/Ship_Light_root_fbx_test.prefab","Ship_Light_root_fbx_test[0]/project-c_ship_light_base_SHIP_GameReady[13]/HULL_ARMOR_EDGE_L_00[256]",true,"UnityEngine.Transform;UnityEngine.MeshFilter;UnityEngine.MeshRenderer","",0.0038999996613711119
"Assets/_Project/Prefabs/Ships/Ship_Light_root_fbx_test.prefab","Ship_Light_root_fbx_test[0]/project-c_ship_light_base_SHIP_GameReady[13]/HULL_ARMOR_EDGE_L_01[257]",true,"UnityEngine.Transform;UnityEngine.MeshFilter;UnityEngine.MeshRenderer","",0.0038999996613711119
"Assets/_Project/Prefabs/Ships/Ship_Light_root_fbx_test.prefab","Ship_Light_root_fbx_test[0]/project-c_ship_light_base_SHIP_GameReady[13]/HULL_ARMOR_EDGE_L_02[258]",true,"UnityEngine.Transform;UnityEngine.MeshFilter;UnityEngine.MeshRenderer","",0.0038999996613711119
"Assets/_Project/Prefabs/Ships/Ship_Light_root_fbx_test.prefab","Ship_Light_root_fbx_test[0]/project-c_ship_light_base_SHIP_GameReady[13]/HULL_ARMOR_EDGE_L_03[259]",true,"UnityEngine.Transform;UnityEngine.MeshFilter;UnityEngine.MeshRenderer","",0.0038999996613711119
"Assets/_Project/Prefabs/Ships/Ship_Light_root_fbx_test.prefab","Ship_Light_root_fbx_test[0]/project-c_ship_light_base_SHIP_GameReady[13]/HULL_ARMOR_EDGE_L_04[260]",true,"UnityEngine.Transform;UnityEngine.MeshFilter;UnityEngine.MeshRenderer","",0.0038999996613711119
"Assets/_Project/Prefabs/Ships/Ship_Light_root_fbx_test.prefab","Ship_Light_root_fbx_test[0]/project-c_ship_light_base_SHIP_GameReady[13]/HULL_ARMOR_EDGE_R_00[261]",true,"UnityEngine.Transform;UnityEngine.MeshFilter;UnityEngine.MeshRenderer","",0.0038999996613711119
"Assets/_Project/Prefabs/Ships/Ship_Light_root_fbx_test.prefab","Ship_Light_root_fbx_test[0]/project-c_ship_light_base_SHIP_GameReady[13]/HULL_ARMOR_EDGE_R_01[262]",true,"UnityEngine.Transform;UnityEngine.MeshFilter;UnityEngine.MeshRenderer","",0.0038999996613711119
"Assets/_Project/Prefabs/Ships/Ship_Light_root_fbx_test.prefab","Ship_Light_root_fbx_test[0]/project-c_ship_light_base_SHIP_GameReady[13]/HULL_ARMOR_EDGE_R_02[263]",true,"UnityEngine.Transform;UnityEngine.MeshFilter;UnityEngine.MeshRenderer","",0.0038999996613711119
"Assets/_Project/Prefabs/Ships/Ship_Light_root_fbx_test.prefab","Ship_Light_root_fbx_test[0]/project-c_ship_light_base_SHIP_GameReady[13]/HULL_ARMOR_EDGE_R_03[264]",true,"UnityEngine.Transform;UnityEngine.MeshFilter;UnityEngine.MeshRenderer","",0.0038999996613711119
"Assets/_Project/Prefabs/Ships/Ship_Light_root_fbx_test.prefab","Ship_Light_root_fbx_test[0]/project-c_ship_light_base_SHIP_GameReady[13]/HULL_ARMOR_EDGE_R_04[265]",true,"UnityEngine.Transform;UnityEngine.MeshFilter;UnityEngine.MeshRenderer","",0.0038999996613711119
"Assets/_Project/Prefabs/Ships/Ship_Light_root_fbx_test.prefab","Ship_Light_root_fbx_test[0]/project-c_ship_light_base_SHIP_GameReady[13]/HULL_ARMOR_L_00[266]",true,"UnityEngine.Transform;UnityEngine.MeshFilter;UnityEngine.MeshRenderer","",0.0046000001020729542
"Assets/_Project/Prefabs/Ships/Ship_Light_root_fbx_test.prefab","Ship_Light_root_fbx_test[0]/project-c_ship_light_base_SHIP_GameReady[13]/HULL_ARMOR_L_01[267]",true,"UnityEngine.Transform;UnityEngine.MeshFilter;UnityEngine.MeshRenderer","",0.0046000001020729542
"Assets/_Project/Prefabs/Ships/Ship_Light_root_fbx_test.prefab","Ship_Light_root_fbx_test[0]/project-c_ship_light_base_SHIP_GameReady[13]/HULL_ARMOR_L_02[268]",true,"UnityEngine.Transform;UnityEngine.MeshFilter;UnityEngine.MeshRenderer","",0.0046000001020729542
"Assets/_Project/Prefabs/Ships/Ship_Light_root_fbx_test.prefab","Ship_Light_root_fbx_test[0]/project-c_ship_light_base_SHIP_GameReady[13]/HULL_ARMOR_L_03[269]",true,"UnityEngine.Transform;UnityEngine.MeshFilter;UnityEngine.MeshRenderer","",0.0046000001020729542
"Assets/_Project/Prefabs/Ships/Ship_Light_root_fbx_test.prefab","Ship_Light_root_fbx_test[0]/project-c_ship_light_base_SHIP_GameReady[13]/HULL_ARMOR_L_04[270]",true,"UnityEngine.Transform;UnityEngine.MeshFilter;UnityEngine.MeshRenderer","",0.0046000001020729542
"Assets/_Project/Prefabs/Ships/Ship_Light_root_fbx_test.prefab","Ship_Light_root_fbx_test[0]/project-c_ship_light_base_SHIP_GameReady[13]/HULL_ARMOR_R_00[271]",true,"UnityEngine.Transform;UnityEngine.MeshFilter;UnityEngine.MeshRenderer","",0.0046000001020729542
"Assets/_Project/Prefabs/Ships/Ship_Light_root_fbx_test.prefab","Ship_Light_root_fbx_test[0]/project-c_ship_light_base_SHIP_GameReady[13]/HULL_ARMOR_R_01[272]",true,"UnityEngine.Transform;UnityEngine.MeshFilter;UnityEngine.MeshRenderer","",0.0046000001020729542
"Assets/_Project/Prefabs/Ships/Ship_Light_root_fbx_test.prefab","Ship_Light_root_fbx_test[0]/project-c_ship_light_base_SHIP_GameReady[13]/HULL_ARMOR_R_02[273]",true,"UnityEngine.Transform;UnityEngine.MeshFilter;UnityEngine.MeshRenderer","",0.0046000001020729542
"Assets/_Project/Prefabs/Ships/Ship_Light_root_fbx_test.prefab","Ship_Light_root_fbx_test[0]/project-c_ship_light_base_SHIP_GameReady[13]/HULL_ARMOR_R_03[274]",true,"UnityEngine.Transform;UnityEngine.MeshFilter;UnityEngine.MeshRenderer","",0.0046000001020729542
"Assets/_Project/Prefabs/Ships/Ship_Light_root_fbx_test.prefab","Ship_Light_root_fbx_test[0]/project-c_ship_light_base_SHIP_GameReady[13]/HULL_ARMOR_R_04[275]",true,"UnityEngine.Transform;UnityEngine.MeshFilter;UnityEngine.MeshRenderer","",0.0046000001020729542
"Assets/_Project/Prefabs/Ships/Ship_Light_root_fbx_test.prefab","Ship_Light_root_fbx_test[0]/project-c_ship_light_base_SHIP_GameReady[13]/HULL_BOLT_L_-0.25[276]",true,"UnityEngine.Transform;UnityEngine.MeshFilter;UnityEngine.MeshRenderer","",0.00045000002137385309
"Assets/_Project/Prefabs/Ships/Ship_Light_root_fbx_test.prefab","Ship_Light_root_fbx_test[0]/project-c_ship_light_base_SHIP_GameReady[13]/HULL_BOLT_L_-1.35[277]",true,"UnityEngine.Transform;UnityEngine.MeshFilter;UnityEngine.MeshRenderer","",0.00045000002137385309
"Assets/_Project/Prefabs/Ships/Ship_Light_root_fbx_test.prefab","Ship_Light_root_fbx_test[0]/project-c_ship_light_base_SHIP_GameReady[13]/HULL_BOLT_L_-2.45[278]",true,"UnityEngine.Transform;UnityEngine.MeshFilter;UnityEngine.MeshRenderer","",0.00045000002137385309
"Assets/_Project/Prefabs/Ships/Ship_Light_root_fbx_test.prefab","Ship_Light_root_fbx_test[0]/project-c_ship_light_base_SHIP_GameReady[13]/HULL_BOLT_L_-3.55[279]",true,"UnityEngine.Transform;UnityEngine.MeshFilter;UnityEngine.MeshRenderer","",0.00045000002137385309
"Assets/_Project/Prefabs/Ships/Ship_Light_root_fbx_test.prefab","Ship_Light_root_fbx_test[0]/project-c_ship_light_base_SHIP_GameReady[13]/HULL_BOLT_L_0.85[280]",true,"UnityEngine.Transform;UnityEngine.MeshFilter;UnityEngine.MeshRenderer","",0.00045000002137385309
"Assets/_Project/Prefabs/Ships/Ship_Light_root_fbx_test.prefab","Ship_Light_root_fbx_test[0]/project-c_ship_light_base_SHIP_GameReady[13]/HULL_BOLT_L_1.95[281]",true,"UnityEngine.Transform;UnityEngine.MeshFilter;UnityEngine.MeshRenderer","",0.00045000002137385309
"Assets/_Project/Prefabs/Ships/Ship_Light_root_fbx_test.prefab","Ship_Light_root_fbx_test[0]/project-c_ship_light_base_SHIP_GameReady[13]/HULL_BOLT_R_-0.25[282]",true,"UnityEngine.Transform;UnityEngine.MeshFilter;UnityEngine.MeshRenderer","",0.00045000002137385309
"Assets/_Project/Prefabs/Ships/Ship_Light_root_fbx_test.prefab","Ship_Light_root_fbx_test[0]/project-c_ship_light_base_SHIP_GameReady[13]/HULL_BOLT_R_-1.35[283]",true,"UnityEngine.Transform;UnityEngine.MeshFilter;UnityEngine.MeshRenderer","",0.00045000002137385309
"Assets/_Project/Prefabs/Ships/Ship_Light_root_fbx_test.prefab","Ship_Light_root_fbx_test[0]/project-c_ship_light_base_SHIP_GameReady[13]/HULL_BOLT_R_-2.45[284]",true,"UnityEngine.Transform;UnityEngine.MeshFilter;UnityEngine.MeshRenderer","",0.00045000002137385309
"Assets/_Project/Prefabs/Ships/Ship_Light_root_fbx_test.prefab","Ship_Light_root_fbx_test[0]/project-c_ship_light_base_SHIP_GameReady[13]/HULL_BOLT_R_-3.55[285]",true,"UnityEngine.Transform;UnityEngine.MeshFilter;UnityEngine.MeshRenderer","",0.00045000002137385309
"Assets/_Project/Prefabs/Ships/Ship_Light_root_fbx_test.prefab","Ship_Light_root_fbx_test[0]/project-c_ship_light_base_SHIP_GameReady[13]/HULL_BOLT_R_0.85[286]",true,"UnityEngine.Transform;UnityEngine.MeshFilter;UnityEngine.MeshRenderer","",0.00045000002137385309
"Assets/_Project/Prefabs/Ships/Ship_Light_root_fbx_test.prefab","Ship_Light_root_fbx_test[0]/project-c_ship_light_base_SHIP_GameReady[13]/HULL_BOLT_R_1.95[287]",true,"UnityEngine.Transform;UnityEngine.MeshFilter;UnityEngine.MeshRenderer","",0.00045000002137385309
"Assets/_Project/Prefabs/Ships/Ship_Light_root_fbx_test.prefab","Ship_Light_root_fbx_test[0]/project-c_ship_light_base_SHIP_GameReady[13]/MOORING_BUMPER_L[288]",true,"UnityEngine.Transform;UnityEngine.MeshFilter;UnityEngine.MeshRenderer","",0.0022499999031424522
"Assets/_Project/Prefabs/Ships/Ship_Light_root_fbx_test.prefab","Ship_Light_root_fbx_test[0]/project-c_ship_light_base_SHIP_GameReady[13]/MOORING_BUMPER_R[289]",true,"UnityEngine.Transform;UnityEngine.MeshFilter;UnityEngine.MeshRenderer","",0.0022499999031424522
"Assets/_Project/Prefabs/Ships/Ship_Light_root_fbx_test.prefab","Ship_Light_root_fbx_test[0]/project-c_ship_light_base_SHIP_GameReady[13]/NAV_LIGHT_BOW_PORT[290]",true,"UnityEngine.Transform;UnityEngine.MeshFilter;UnityEngine.MeshRenderer","",0.00086379644926637411
"Assets/_Project/Prefabs/Ships/Ship_Light_root_fbx_test.prefab","Ship_Light_root_fbx_test[0]/project-c_ship_light_base_SHIP_GameReady[13]/NAV_LIGHT_BOW_STARBOARD[291]",true,"UnityEngine.Transform;UnityEngine.MeshFilter;UnityEngine.MeshRenderer","",0.00086379644926637411
"Assets/_Project/Prefabs/Ships/Ship_Light_root_fbx_test.prefab","Ship_Light_root_fbx_test[0]/project-c_ship_light_base_SHIP_GameReady[13]/NAV_LIGHT_STERN[292]",true,"UnityEngine.Transform;UnityEngine.MeshFilter;UnityEngine.MeshRenderer","",0.00086379644926637411
"Assets/_Project/Prefabs/Ships/Ship_Light_root_fbx_test.prefab","Ship_Light_root_fbx_test[0]/project-c_ship_light_base_SHIP_GameReady[13]/STERN_WARNING_PLATE[293]",true,"UnityEngine.Transform;UnityEngine.MeshFilter;UnityEngine.MeshRenderer","",0.0064999996684491634
"Assets/_Project/Prefabs/Ships/Ship_Light_root_fbx_test.prefab","Ship_Light_root_fbx_test[0]/project-c_ship_light_base_SHIP_GameReady[13]/UNDERBODY_BOLT_+0.00_+0.72[294]",true,"UnityEngine.Transform;UnityEngine.MeshFilter;UnityEngine.MeshRenderer","",0.0003499999875202775
"Assets/_Project/Prefabs/Ships/Ship_Light_root_fbx_test.prefab","Ship_Light_root_fbx_test[0]/project-c_ship_light_base_SHIP_GameReady[13]/UNDERBODY_BOLT_+0.00_-0.72[295]",true,"UnityEngine.Transform;UnityEngine.MeshFilter;UnityEngine.MeshRenderer","",0.0003499999875202775
"Assets/_Project/Prefabs/Ships/Ship_Light_root_fbx_test.prefab","Ship_Light_root_fbx_test[0]/project-c_ship_light_base_SHIP_GameReady[13]/UNDERBODY_BOLT_+1.30_+0.72[296]",true,"UnityEngine.Transform;UnityEngine.MeshFilter;UnityEngine.MeshRenderer","",0.0003499999875202775
"Assets/_Project/Prefabs/Ships/Ship_Light_root_fbx_test.prefab","Ship_Light_root_fbx_test[0]/project-c_ship_light_base_SHIP_GameReady[13]/UNDERBODY_BOLT_+1.30_-0.72[297]",true,"UnityEngine.Transform;UnityEngine.MeshFilter;UnityEngine.MeshRenderer","",0.0003499999875202775
"Assets/_Project/Prefabs/Ships/Ship_Light_root_fbx_test.prefab","Ship_Light_root_fbx_test[0]/project-c_ship_light_base_SHIP_GameReady[13]/UNDERBODY_BOLT_+2.60_+0.72[298]",true,"UnityEngine.Transform;UnityEngine.MeshFilter;UnityEngine.MeshRenderer","",0.0003499999875202775
"Assets/_Project/Prefabs/Ships/Ship_Light_root_fbx_test.prefab","Ship_Light_root_fbx_test[0]/project-c_ship_light_base_SHIP_GameReady[13]/UNDERBODY_BOLT_+2.60_-0.72[299]",true,"UnityEngine.Transform;UnityEngine.MeshFilter;UnityEngine.MeshRenderer","",0.0003499999875202775
"Assets/_Project/Prefabs/Ships/Ship_Light_root_fbx_test.prefab","Ship_Light_root_fbx_test[0]/project-c_ship_light_base_SHIP_GameReady[13]/UNDERBODY_BOLT_-1.30_+0.72[300]",true,"UnityEngine.Transform;UnityEngine.MeshFilter;UnityEngine.MeshRenderer","",0.0003499999875202775
"Assets/_Project/Prefabs/Ships/Ship_Light_root_fbx_test.prefab","Ship_Light_root_fbx_test[0]/project-c_ship_light_base_SHIP_GameReady[13]/UNDERBODY_BOLT_-1.30_-0.72[301]",true,"UnityEngine.Transform;UnityEngine.MeshFilter;UnityEngine.MeshRenderer","",0.0003499999875202775
"Assets/_Project/Prefabs/Ships/Ship_Light_root_fbx_test.prefab","Ship_Light_root_fbx_test[0]/project-c_ship_light_base_SHIP_GameReady[13]/UNDERBODY_BOLT_-2.60_+0.72[302]",true,"UnityEngine.Transform;UnityEngine.MeshFilter;UnityEngine.MeshRenderer","",0.0003499999875202775
"Assets/_Project/Prefabs/Ships/Ship_Light_root_fbx_test.prefab","Ship_Light_root_fbx_test[0]/project-c_ship_light_base_SHIP_GameReady[13]/UNDERBODY_BOLT_-2.60_-0.72[303]",true,"UnityEngine.Transform;UnityEngine.MeshFilter;UnityEngine.MeshRenderer","",0.0003499999875202775
"Assets/_Project/Prefabs/Ships/Ship_Light_root_fbx_test.prefab","Ship_Light_root_fbx_test[0]/project-c_ship_light_base_SHIP_GameReady[13]/UNDERBODY_SERVICE_PLATE_+0.00[304]",true,"UnityEngine.Transform;UnityEngine.MeshFilter;UnityEngine.MeshRenderer","",0.0094999996945261955
"Assets/_Project/Prefabs/Ships/Ship_Light_root_fbx_test.prefab","Ship_Light_root_fbx_test[0]/project-c_ship_light_base_SHIP_GameReady[13]/UNDERBODY_SERVICE_PLATE_+1.30[305]",true,"UnityEngine.Transform;UnityEngine.MeshFilter;UnityEngine.MeshRenderer","",0.0094999996945261955
"Assets/_Project/Prefabs/Ships/Ship_Light_root_fbx_test.prefab","Ship_Light_root_fbx_test[0]/project-c_ship_light_base_SHIP_GameReady[13]/UNDERBODY_SERVICE_PLATE_+2.60[306]",true,"UnityEngine.Transform;UnityEngine.MeshFilter;UnityEngine.MeshRenderer","",0.0094999996945261955
"Assets/_Project/Prefabs/Ships/Ship_Light_root_fbx_test.prefab","Ship_Light_root_fbx_test[0]/project-c_ship_light_base_SHIP_GameReady[13]/UNDERBODY_SERVICE_PLATE_-1.30[307]",true,"UnityEngine.Transform;UnityEngine.MeshFilter;UnityEngine.MeshRenderer","",0.0094999996945261955
"Assets/_Project/Prefabs/Ships/Ship_Light_root_fbx_test.prefab","Ship_Light_root_fbx_test[0]/project-c_ship_light_base_SHIP_GameReady[13]/UNDERBODY_SERVICE_PLATE_-2.60[308]",true,"UnityEngine.Transform;UnityEngine.MeshFilter;UnityEngine.MeshRenderer","",0.0094999996945261955
"Assets/_Project/Prefabs/Ships/Ship_Light_root_fbx_test.prefab","Ship_Light_root_fbx_test[0]/project-c_ship_light_base_SHIP_GameReady[13]/UNDERFRAME_GUSSET_+0.00_L[309]",true,"UnityEngine.Transform;UnityEngine.MeshFilter;UnityEngine.MeshRenderer","",0.0023000000510364771
"Assets/_Project/Prefabs/Ships/Ship_Light_root_fbx_test.prefab","Ship_Light_root_fbx_test[0]/project-c_ship_light_base_SHIP_GameReady[13]/UNDERFRAME_GUSSET_+0.00_R[310]",true,"UnityEngine.Transform;UnityEngine.MeshFilter;UnityEngine.MeshRenderer","",0.0023000000510364771
"Assets/_Project/Prefabs/Ships/Ship_Light_root_fbx_test.prefab","Ship_Light_root_fbx_test[0]/project-c_ship_light_base_SHIP_GameReady[13]/UNDERFRAME_GUSSET_+1.55_L[311]",true,"UnityEngine.Transform;UnityEngine.MeshFilter;UnityEngine.MeshRenderer","",0.0023000000510364771
"Assets/_Project/Prefabs/Ships/Ship_Light_root_fbx_test.prefab","Ship_Light_root_fbx_test[0]/project-c_ship_light_base_SHIP_GameReady[13]/UNDERFRAME_GUSSET_+1.55_R[312]",true,"UnityEngine.Transform;UnityEngine.MeshFilter;UnityEngine.MeshRenderer","",0.0023000000510364771
"Assets/_Project/Prefabs/Ships/Ship_Light_root_fbx_test.prefab","Ship_Light_root_fbx_test[0]/project-c_ship_light_base_SHIP_GameReady[13]/UNDERFRAME_GUSSET_+3.10_L[313]",true,"UnityEngine.Transform;UnityEngine.MeshFilter;UnityEngine.MeshRenderer","",0.0023000000510364771
"Assets/_Project/Prefabs/Ships/Ship_Light_root_fbx_test.prefab","Ship_Light_root_fbx_test[0]/project-c_ship_light_base_SHIP_GameReady[13]/UNDERFRAME_GUSSET_+3.10_R[314]",true,"UnityEngine.Transform;UnityEngine.MeshFilter;UnityEngine.MeshRenderer","",0.0023000000510364771
"Assets/_Project/Prefabs/Ships/Ship_Light_root_fbx_test.prefab","Ship_Light_root_fbx_test[0]/project-c_ship_light_base_SHIP_GameReady[13]/UNDERFRAME_GUSSET_-1.55_L[315]",true,"UnityEngine.Transform;UnityEngine.MeshFilter;UnityEngine.MeshRenderer","",0.0023000000510364771
"Assets/_Project/Prefabs/Ships/Ship_Light_root_fbx_test.prefab","Ship_Light_root_fbx_test[0]/project-c_ship_light_base_SHIP_GameReady[13]/UNDERFRAME_GUSSET_-1.55_R[316]",true,"UnityEngine.Transform;UnityEngine.MeshFilter;UnityEngine.MeshRenderer","",0.0023000000510364771
"Assets/_Project/Prefabs/Ships/Ship_Light_root_fbx_test.prefab","Ship_Light_root_fbx_test[0]/project-c_ship_light_base_SHIP_GameReady[13]/UNDERFRAME_GUSSET_-3.10_L[317]",true,"UnityEngine.Transform;UnityEngine.MeshFilter;UnityEngine.MeshRenderer","",0.0023000000510364771
"Assets/_Project/Prefabs/Ships/Ship_Light_root_fbx_test.prefab","Ship_Light_root_fbx_test[0]/project-c_ship_light_base_SHIP_GameReady[13]/UNDERFRAME_GUSSET_-3.10_R[318]",true,"UnityEngine.Transform;UnityEngine.MeshFilter;UnityEngine.MeshRenderer","",0.0023000000510364771
"Assets/_Project/Prefabs/Ships/Ship_Light_root_fbx_test.prefab","Ship_Light_root_fbx_test[0]/project-c_ship_light_base_SHIP_GameReady[13]/UNDERFRAME_SIDE_RAIL_+1.45[319]",true,"UnityEngine.Transform;UnityEngine.MeshFilter;UnityEngine.MeshRenderer","",0.036749999970197678
"Assets/_Project/Prefabs/Ships/Ship_Light_root_fbx_test.prefab","Ship_Light_root_fbx_test[0]/project-c_ship_light_base_SHIP_GameReady[13]/UNDERFRAME_SIDE_RAIL_-1.45[320]",true,"UnityEngine.Transform;UnityEngine.MeshFilter;UnityEngine.MeshRenderer","",0.036749999970197678
"Assets/_Project/Prefabs/Ships/Ship_Light_root_fbx_test.prefab","Ship_Light_root_fbx_test[0]/project-c_ship_light_base_SHIP_GameReady[13]/UPG_CABLE_ANTENNA_L[321]",true,"UnityEngine.Transform;UnityEngine.MeshFilter;UnityEngine.MeshRenderer","",0.044084802269935608
"Assets/_Project/Prefabs/Ships/Ship_Light_root_fbx_test.prefab","Ship_Light_root_fbx_test[0]/project-c_ship_light_base_SHIP_GameReady[13]/UPG_CABLE_ANTENNA_R[322]",true,"UnityEngine.Transform;UnityEngine.MeshFilter;UnityEngine.MeshRenderer","",0.044084310531616211
"Assets/_Project/Prefabs/Ships/Ship_Light_root_fbx_test.prefab","Ship_Light_root_fbx_test[0]/project-c_ship_light_base_SHIP_GameReady[13]/UPG_CABLE_DECK_L[323]",true,"UnityEngine.Transform;UnityEngine.MeshFilter;UnityEngine.MeshRenderer","",0.021074609830975533
"Assets/_Project/Prefabs/Ships/Ship_Light_root_fbx_test.prefab","Ship_Light_root_fbx_test[0]/project-c_ship_light_base_SHIP_GameReady[13]/UPG_CABLE_DECK_R[324]",true,"UnityEngine.Transform;UnityEngine.MeshFilter;UnityEngine.MeshRenderer","",0.021074609830975533
"Assets/_Project/Prefabs/Ships/Ship_Light_root_fbx_test.prefab","Ship_Light_root_fbx_test[0]/project-c_ship_light_base_SHIP_GameReady[13]/UPG_CABLE_GRAVITY_L[325]",true,"UnityEngine.Transform;UnityEngine.MeshFilter;UnityEngine.MeshRenderer","",0.026101218536496162
"Assets/_Project/Prefabs/Ships/Ship_Light_root_fbx_test.prefab","Ship_Light_root_fbx_test[0]/project-c_ship_light_base_SHIP_GameReady[13]/UPG_CABLE_GRAVITY_R[326]",true,"UnityEngine.Transform;UnityEngine.MeshFilter;UnityEngine.MeshRenderer","",0.026101218536496162
"Assets/_Project/Prefabs/Ships/Ship_Light_root_fbx_test.prefab","Ship_Light_root_fbx_test[0]/project-c_ship_light_base_SHIP_GameReady[13]/UPG_CABLE_JUNCTION_BOLT_L_1.43[327]",true,"UnityEngine.Transform;UnityEngine.MeshFilter;UnityEngine.MeshRenderer","",0.00025000001187436283
"Assets/_Project/Prefabs/Ships/Ship_Light_root_fbx_test.prefab","Ship_Light_root_fbx_test[0]/project-c_ship_light_base_SHIP_GameReady[13]/UPG_CABLE_JUNCTION_BOLT_L_1.53[328]",true,"UnityEngine.Transform;UnityEngine.MeshFilter;UnityEngine.MeshRenderer","",0.00025000001187436283
"Assets/_Project/Prefabs/Ships/Ship_Light_root_fbx_test.prefab","Ship_Light_root_fbx_test[0]/project-c_ship_light_base_SHIP_GameReady[13]/UPG_CABLE_JUNCTION_BOLT_R_1.43[329]",true,"UnityEngine.Transform;UnityEngine.MeshFilter;UnityEngine.MeshRenderer","",0.00025000001187436283
"Assets/_Project/Prefabs/Ships/Ship_Light_root_fbx_test.prefab","Ship_Light_root_fbx_test[0]/project-c_ship_light_base_SHIP_GameReady[13]/UPG_CABLE_JUNCTION_BOLT_R_1.53[330]",true,"UnityEngine.Transform;UnityEngine.MeshFilter;UnityEngine.MeshRenderer","",0.00025000001187436283
"Assets/_Project/Prefabs/Ships/Ship_Light_root_fbx_test.prefab","Ship_Light_root_fbx_test[0]/project-c_ship_light_base_SHIP_GameReady[13]/UPG_CABLE_JUNCTION_L[331]",true,"UnityEngine.Transform;UnityEngine.MeshFilter;UnityEngine.MeshRenderer","",0.0017000000225380063
"Assets/_Project/Prefabs/Ships/Ship_Light_root_fbx_test.prefab","Ship_Light_root_fbx_test[0]/project-c_ship_light_base_SHIP_GameReady[13]/UPG_CABLE_JUNCTION_R[332]",true,"UnityEngine.Transform;UnityEngine.MeshFilter;UnityEngine.MeshRenderer","",0.0017000000225380063
"Assets/_Project/Prefabs/Ships/Ship_Light_root_fbx_test.prefab","Ship_Light_root_fbx_test[0]/project-c_ship_light_base_SHIP_GameReady[13]/UPG_CABLE_POWER_BLUE[333]",true,"UnityEngine.Transform;UnityEngine.MeshFilter;UnityEngine.MeshRenderer","",0.037069275975227356
"Assets/_Project/Prefabs/Ships/Ship_Light_root_fbx_test.prefab","Ship_Light_root_fbx_test[0]/project-c_ship_light_base_SHIP_GameReady[13]/UPG_CABLE_POWER_RED[334]",true,"UnityEngine.Transform;UnityEngine.MeshFilter;UnityEngine.MeshRenderer","",0.037069275975227356
"Assets/_Project/Prefabs/Ships/Ship_Light_root_fbx_test.prefab","Ship_Light_root_fbx_test[0]/project-c_ship_light_base_SHIP_GameReady[13]/UPG_CLAMP_00[335]",true,"UnityEngine.Transform;UnityEngine.MeshFilter;UnityEngine.MeshRenderer","",0.00057000003289431334
"Assets/_Project/Prefabs/Ships/Ship_Light_root_fbx_test.prefab","Ship_Light_root_fbx_test[0]/project-c_ship_light_base_SHIP_GameReady[13]/UPG_CLAMP_01[336]",true,"UnityEngine.Transform;UnityEngine.MeshFilter;UnityEngine.MeshRenderer","",0.00057000003289431334
"Assets/_Project/Prefabs/Ships/Ship_Light_root_fbx_test.prefab","Ship_Light_root_fbx_test[0]/project-c_ship_light_base_SHIP_GameReady[13]/UPG_CLAMP_02[337]",true,"UnityEngine.Transform;UnityEngine.MeshFilter;UnityEngine.MeshRenderer","",0.00057000003289431334
"Assets/_Project/Prefabs/Ships/Ship_Light_root_fbx_test.prefab","Ship_Light_root_fbx_test[0]/project-c_ship_light_base_SHIP_GameReady[13]/UPG_CLAMP_03[338]",true,"UnityEngine.Transform;UnityEngine.MeshFilter;UnityEngine.MeshRenderer","",0.00057000003289431334
"Assets/_Project/Prefabs/Ships/Ship_Light_root_fbx_test.prefab","Ship_Light_root_fbx_test[0]/project-c_ship_light_base_SHIP_GameReady[13]/UPG_CLAMP_04[339]",true,"UnityEngine.Transform;UnityEngine.MeshFilter;UnityEngine.MeshRenderer","",0.00057000003289431334
"Assets/_Project/Prefabs/Ships/Ship_Light_root_fbx_test.prefab","Ship_Light_root_fbx_test[0]/project-c_ship_light_base_SHIP_GameReady[13]/UPG_CLAMP_05[340]",true,"UnityEngine.Transform;UnityEngine.MeshFilter;UnityEngine.MeshRenderer","",0.00057000003289431334
"Assets/_Project/Prefabs/Ships/Ship_Light_root_fbx_test.prefab","Ship_Light_root_fbx_test[0]/project-c_ship_light_base_SHIP_GameReady[13]/UPG_CLAMP_06[341]",true,"UnityEngine.Transform;UnityEngine.MeshFilter;UnityEngine.MeshRenderer","",0.00057000003289431334
"Assets/_Project/Prefabs/Ships/Ship_Light_root_fbx_test.prefab","Ship_Light_root_fbx_test[0]/project-c_ship_light_base_SHIP_GameReady[13]/UPG_CLAMP_07[342]",true,"UnityEngine.Transform;UnityEngine.MeshFilter;UnityEngine.MeshRenderer","",0.00057000003289431334
"Assets/_Project/Prefabs/Ships/Ship_Light_root_fbx_test.prefab","Ship_Light_root_fbx_test[0]/project-c_ship_light_base_SHIP_GameReady[13]/UPG_CLAMP_08[343]",true,"UnityEngine.Transform;UnityEngine.MeshFilter;UnityEngine.MeshRenderer","",0.00057000003289431334
"Assets/_Project/Prefabs/Ships/Ship_Light_root_fbx_test.prefab","Ship_Light_root_fbx_test[0]/project-c_ship_light_base_SHIP_GameReady[13]/UPG_CLAMP_09[344]",true,"UnityEngine.Transform;UnityEngine.MeshFilter;UnityEngine.MeshRenderer","",0.00057000003289431334
"Assets/_Project/Prefabs/Ships/Альбатрос.prefab","Альбатрос[0]",true,"UnityEngine.Transform;UnityEngine.Rigidbody;Unity.Netcode.NetworkObject;ProjectC.Player.ShipController;Unity.Netcode.Components.NetworkTransform;ProjectC.Ship.ShipFuelSystem;ProjectC.Ship.ShipModuleManager;ProjectC.Ship.MeziyModuleActivator;ProjectC.Ship.Combat.ShipHull;ProjectC.Ship.ShipModuleVisualApplier;ProjectC.Ship.Key.ShipOwnershipRequirement;ProjectC.Player.ShipInputReader;ProjectC.Ship.ShipRootReference;ProjectC.PeacefulShip.Stations.NpcShipController;ProjectC.PeacefulShip.Stations.NpcProximityZone;ProjectC.AI.NpcSpawner;ProjectC.Ship.ShipDeckNav;ProjectC.Ship.ShipModuleServer;ProjectC.PeacefulShip.Crew.ShipCrewSpawner","authority=Owner;local=False;interpolate=True;half=False",
"Assets/_Project/Prefabs/Ships/Альбатрос.prefab","Альбатрос[0]/Platform[0]",true,"UnityEngine.Transform;UnityEngine.MeshFilter;UnityEngine.BoxCollider;UnityEngine.MeshRenderer;ProjectC.Ship.ShipRootReference","",0.5
"Assets/_Project/Prefabs/Ships/Альбатрос.prefab","Альбатрос[0]/PilotSeat[1]",true,"UnityEngine.Transform;UnityEngine.MeshFilter;UnityEngine.BoxCollider;UnityEngine.MeshRenderer;ProjectC.Ship.PilotSeatController;ProjectC.Ship.ShipRootReference","",0.5
"Assets/_Project/Prefabs/Ships/Альбатрос.prefab","Альбатрос[0]/Door[2]",true,"UnityEngine.Transform;UnityEngine.MeshFilter;UnityEngine.BoxCollider;UnityEngine.MeshRenderer;ProjectC.Ship.DoorController;ProjectC.Ship.ShipRootReference;ProjectC.Ship.ShipPartShake","",0.5
"Assets/_Project/Prefabs/Ships/Альбатрос.prefab","Альбатрос[0]/DeckNavSurface[3]",true,"UnityEngine.Transform;Unity.AI.Navigation.NavMeshSurface","",
"Assets/_Project/Prefabs/Ships/Альбатрос.prefab","Альбатрос[0]/ShipCargoVisual[4]",true,"UnityEngine.Transform;UnityEngine.BoxCollider;ProjectC.Ship.Cargo.ShipCargoVisual;ProjectC.Ship.ShipRootReference","",
"Assets/_Project/Prefabs/Ships/Альбатрос.prefab","Альбатрос[0]/Exchanger[5]",true,"UnityEngine.Transform;UnityEngine.MeshFilter;UnityEngine.MeshRenderer;UnityEngine.SphereCollider;ProjectC.Ship.ShipRootReference;ProjectC.Ship.Cargo.ShipCargoConsole","",1.0000004768371582
"Assets/_Project/Prefabs/Ships/Альбатрос.prefab","Альбатрос[0]/Slot_Engine[6]",true,"UnityEngine.Transform;ProjectC.Ship.ModuleSlot;ProjectC.Ship.Engine.EngineThrusterVisual;ProjectC.Ship.ShipPartShake","",
"Assets/_Project/Prefabs/Ships/Альбатрос.prefab","Альбатрос[0]/Slot_Engine[6]/EngineVisuals[1]/Cylinder[0]",true,"UnityEngine.Transform;UnityEngine.MeshFilter;UnityEngine.MeshRenderer;UnityEngine.CapsuleCollider","",0.5
"Assets/_Project/Prefabs/Ships/Альбатрос.prefab","Альбатрос[0]/Slot_Engine[6]/EngineVisuals[1]/Cube[1]",true,"UnityEngine.Transform;UnityEngine.MeshFilter;UnityEngine.BoxCollider;UnityEngine.MeshRenderer","",0.5
"Assets/_Project/Prefabs/Ships/Альбатрос.prefab","Альбатрос[0]/Slot_MODULE_LIFT_ENH[7]",true,"UnityEngine.Transform;ProjectC.Ship.ModuleSlot","",
"Assets/_Project/Prefabs/Ships/Альбатрос.prefab","Альбатрос[0]/Slot_MODULE_MEZIY_PITCH[8]",true,"UnityEngine.Transform;ProjectC.Ship.ModuleSlot","",
"Assets/_Project/Prefabs/Ships/Альбатрос.prefab","Альбатрос[0]/Slot_MODULE_MEZIY_ROLL[9]",true,"UnityEngine.Transform;ProjectC.Ship.ModuleSlot","",
"Assets/_Project/Prefabs/Ships/Альбатрос.prefab","Альбатрос[0]/Slot_MODULE_MEZIY_THRUST[10]",true,"UnityEngine.Transform;ProjectC.Ship.ModuleSlot","",
"Assets/_Project/Prefabs/Ships/Альбатрос.prefab","Альбатрос[0]/Slot_MODULE_MEZIY_YAW[11]",true,"UnityEngine.Transform;ProjectC.Ship.ModuleSlot","",
"Assets/_Project/Prefabs/Ships/Альбатрос.prefab","Альбатрос[0]/Slot_MODULE_PITCH_ENH[12]",true,"UnityEngine.Transform;ProjectC.Ship.ModuleSlot","",
"Assets/_Project/Prefabs/Ships/Альбатрос.prefab","Альбатрос[0]/Slot_MODULE_ROLL[13]",true,"UnityEngine.Transform;ProjectC.Ship.ModuleSlot","",
"Assets/_Project/Prefabs/Ships/Альбатрос.prefab","Альбатрос[0]/Slot_MODULE_YAW_ENH[14]",true,"UnityEngine.Transform;ProjectC.Ship.ModuleSlot","",
"Assets/_Project/Prefabs/Ships/Альбатрос.prefab","Альбатрос[0]/Slot_cargo[15]",true,"UnityEngine.Transform;ProjectC.Ship.ModuleSlot","",
"Assets/_Project/Prefabs/Ships/Берег.prefab","Берег[0]",true,"UnityEngine.Transform;UnityEngine.Rigidbody;Unity.Netcode.NetworkObject;ProjectC.Player.ShipController;Unity.Netcode.Components.NetworkTransform;ProjectC.Ship.ShipFuelSystem;ProjectC.Ship.ShipModuleManager;ProjectC.Ship.MeziyModuleActivator;ProjectC.Ship.Combat.ShipHull;ProjectC.Ship.ShipModuleVisualApplier;ProjectC.Ship.Key.ShipOwnershipRequirement;ProjectC.Player.ShipInputReader;ProjectC.Ship.ShipRootReference;ProjectC.PeacefulShip.Stations.NpcShipController;ProjectC.PeacefulShip.Stations.NpcProximityZone;ProjectC.AI.NpcSpawner;ProjectC.Ship.ShipDeckNav;ProjectC.Ship.ShipModuleServer;ProjectC.PeacefulShip.Crew.ShipCrewSpawner","authority=Owner;local=False;interpolate=True;half=False",
"Assets/_Project/Prefabs/Ships/Берег.prefab","Берег[0]/Platform[0]",true,"UnityEngine.Transform;UnityEngine.MeshFilter;UnityEngine.BoxCollider;UnityEngine.MeshRenderer;ProjectC.Ship.ShipRootReference","",0.5
"Assets/_Project/Prefabs/Ships/Берег.prefab","Берег[0]/PilotSeat[1]",true,"UnityEngine.Transform;UnityEngine.MeshFilter;UnityEngine.BoxCollider;UnityEngine.MeshRenderer;ProjectC.Ship.PilotSeatController;ProjectC.Ship.ShipRootReference","",0.5
"Assets/_Project/Prefabs/Ships/Берег.prefab","Берег[0]/Door[2]",true,"UnityEngine.Transform;UnityEngine.MeshFilter;UnityEngine.BoxCollider;UnityEngine.MeshRenderer;ProjectC.Ship.DoorController;ProjectC.Ship.ShipRootReference;ProjectC.Ship.ShipPartShake","",0.5
"Assets/_Project/Prefabs/Ships/Берег.prefab","Берег[0]/DeckNavSurface[3]",true,"UnityEngine.Transform;Unity.AI.Navigation.NavMeshSurface","",
"Assets/_Project/Prefabs/Ships/Берег.prefab","Берег[0]/ShipCargoVisual[4]",true,"UnityEngine.Transform;UnityEngine.BoxCollider;ProjectC.Ship.Cargo.ShipCargoVisual;ProjectC.Ship.ShipRootReference","",
"Assets/_Project/Prefabs/Ships/Берег.prefab","Берег[0]/Exchanger[5]",true,"UnityEngine.Transform;UnityEngine.MeshFilter;UnityEngine.MeshRenderer;UnityEngine.SphereCollider;ProjectC.Ship.ShipRootReference;ProjectC.Ship.Cargo.ShipCargoConsole","",1.0000004768371582
"Assets/_Project/Prefabs/Ships/Берег.prefab","Берег[0]/Slot_Engine[6]",true,"UnityEngine.Transform;ProjectC.Ship.ModuleSlot;ProjectC.Ship.Engine.EngineThrusterVisual;ProjectC.Ship.ShipPartShake","",
"Assets/_Project/Prefabs/Ships/Берег.prefab","Берег[0]/Slot_Engine[6]/EngineVisuals[1]/Cylinder[0]",true,"UnityEngine.Transform;UnityEngine.MeshFilter;UnityEngine.MeshRenderer;UnityEngine.CapsuleCollider","",0.5
"Assets/_Project/Prefabs/Ships/Берег.prefab","Берег[0]/Slot_Engine[6]/EngineVisuals[1]/Cube[1]",true,"UnityEngine.Transform;UnityEngine.MeshFilter;UnityEngine.BoxCollider;UnityEngine.MeshRenderer","",0.5
"Assets/_Project/Prefabs/Ships/Берег.prefab","Берег[0]/Slot_MODULE_LIFT_ENH[7]",true,"UnityEngine.Transform;ProjectC.Ship.ModuleSlot","",
"Assets/_Project/Prefabs/Ships/Берег.prefab","Берег[0]/Slot_MODULE_MEZIY_PITCH[8]",true,"UnityEngine.Transform;ProjectC.Ship.ModuleSlot","",
"Assets/_Project/Prefabs/Ships/Берег.prefab","Берег[0]/Slot_MODULE_MEZIY_ROLL[9]",true,"UnityEngine.Transform;ProjectC.Ship.ModuleSlot","",
"Assets/_Project/Prefabs/Ships/Берег.prefab","Берег[0]/Slot_MODULE_MEZIY_THRUST[10]",true,"UnityEngine.Transform;ProjectC.Ship.ModuleSlot","",
"Assets/_Project/Prefabs/Ships/Берег.prefab","Берег[0]/Slot_MODULE_MEZIY_YAW[11]",true,"UnityEngine.Transform;ProjectC.Ship.ModuleSlot","",
"Assets/_Project/Prefabs/Ships/Берег.prefab","Берег[0]/Slot_MODULE_PITCH_ENH[12]",true,"UnityEngine.Transform;ProjectC.Ship.ModuleSlot","",
"Assets/_Project/Prefabs/Ships/Берег.prefab","Берег[0]/Slot_MODULE_ROLL[13]",true,"UnityEngine.Transform;ProjectC.Ship.ModuleSlot","",
"Assets/_Project/Prefabs/Ships/Берег.prefab","Берег[0]/Slot_MODULE_YAW_ENH[14]",true,"UnityEngine.Transform;ProjectC.Ship.ModuleSlot","",
"Assets/_Project/Prefabs/Ships/Берег.prefab","Берег[0]/Slot_cargo[15]",true,"UnityEngine.Transform;ProjectC.Ship.ModuleSlot","",
"Assets/_Project/Prefabs/Ships/Вавилон.prefab","Вавилон[0]",true,"UnityEngine.Transform;UnityEngine.Rigidbody;Unity.Netcode.NetworkObject;ProjectC.Player.ShipController;Unity.Netcode.Components.NetworkTransform;ProjectC.Ship.ShipFuelSystem;ProjectC.Ship.ShipModuleManager;ProjectC.Ship.MeziyModuleActivator;ProjectC.Ship.Combat.ShipHull;ProjectC.Ship.ShipModuleVisualApplier;ProjectC.Ship.Key.ShipOwnershipRequirement;ProjectC.Player.ShipInputReader;ProjectC.Ship.ShipRootReference;ProjectC.PeacefulShip.Stations.NpcShipController;ProjectC.PeacefulShip.Stations.NpcProximityZone;ProjectC.AI.NpcSpawner;ProjectC.Ship.ShipDeckNav;ProjectC.Ship.ShipModuleServer;ProjectC.PeacefulShip.Crew.ShipCrewSpawner","authority=Owner;local=False;interpolate=True;half=False",
"Assets/_Project/Prefabs/Ships/Вавилон.prefab","Вавилон[0]/Platform[0]",true,"UnityEngine.Transform;UnityEngine.MeshFilter;UnityEngine.BoxCollider;UnityEngine.MeshRenderer;ProjectC.Ship.ShipRootReference","",0.5
"Assets/_Project/Prefabs/Ships/Вавилон.prefab","Вавилон[0]/PilotSeat[1]",true,"UnityEngine.Transform;UnityEngine.MeshFilter;UnityEngine.BoxCollider;UnityEngine.MeshRenderer;ProjectC.Ship.PilotSeatController;ProjectC.Ship.ShipRootReference","",0.5
"Assets/_Project/Prefabs/Ships/Вавилон.prefab","Вавилон[0]/Door[2]",true,"UnityEngine.Transform;UnityEngine.MeshFilter;UnityEngine.BoxCollider;UnityEngine.MeshRenderer;ProjectC.Ship.DoorController;ProjectC.Ship.ShipRootReference;ProjectC.Ship.ShipPartShake","",0.5
"Assets/_Project/Prefabs/Ships/Вавилон.prefab","Вавилон[0]/DeckNavSurface[3]",true,"UnityEngine.Transform;Unity.AI.Navigation.NavMeshSurface","",
"Assets/_Project/Prefabs/Ships/Вавилон.prefab","Вавилон[0]/ShipCargoVisual[4]",true,"UnityEngine.Transform;UnityEngine.BoxCollider;ProjectC.Ship.Cargo.ShipCargoVisual;ProjectC.Ship.ShipRootReference","",
"Assets/_Project/Prefabs/Ships/Вавилон.prefab","Вавилон[0]/Exchanger[5]",true,"UnityEngine.Transform;UnityEngine.MeshFilter;UnityEngine.MeshRenderer;UnityEngine.SphereCollider;ProjectC.Ship.ShipRootReference;ProjectC.Ship.Cargo.ShipCargoConsole","",1.0000004768371582
"Assets/_Project/Prefabs/Ships/Вавилон.prefab","Вавилон[0]/Slot_Engine[6]",true,"UnityEngine.Transform;ProjectC.Ship.ModuleSlot;ProjectC.Ship.Engine.EngineThrusterVisual;ProjectC.Ship.ShipPartShake","",
"Assets/_Project/Prefabs/Ships/Вавилон.prefab","Вавилон[0]/Slot_Engine[6]/EngineVisuals[1]/Cylinder[0]",true,"UnityEngine.Transform;UnityEngine.MeshFilter;UnityEngine.MeshRenderer;UnityEngine.CapsuleCollider","",0.5
"Assets/_Project/Prefabs/Ships/Вавилон.prefab","Вавилон[0]/Slot_Engine[6]/EngineVisuals[1]/Cube[1]",true,"UnityEngine.Transform;UnityEngine.MeshFilter;UnityEngine.BoxCollider;UnityEngine.MeshRenderer","",0.5
"Assets/_Project/Prefabs/Ships/Вавилон.prefab","Вавилон[0]/Slot_MODULE_LIFT_ENH[7]",true,"UnityEngine.Transform;ProjectC.Ship.ModuleSlot","",
"Assets/_Project/Prefabs/Ships/Вавилон.prefab","Вавилон[0]/Slot_MODULE_MEZIY_PITCH[8]",true,"UnityEngine.Transform;ProjectC.Ship.ModuleSlot","",
"Assets/_Project/Prefabs/Ships/Вавилон.prefab","Вавилон[0]/Slot_MODULE_MEZIY_ROLL[9]",true,"UnityEngine.Transform;ProjectC.Ship.ModuleSlot","",
"Assets/_Project/Prefabs/Ships/Вавилон.prefab","Вавилон[0]/Slot_MODULE_MEZIY_THRUST[10]",true,"UnityEngine.Transform;ProjectC.Ship.ModuleSlot","",
"Assets/_Project/Prefabs/Ships/Вавилон.prefab","Вавилон[0]/Slot_MODULE_MEZIY_YAW[11]",true,"UnityEngine.Transform;ProjectC.Ship.ModuleSlot","",
"Assets/_Project/Prefabs/Ships/Вавилон.prefab","Вавилон[0]/Slot_MODULE_PITCH_ENH[12]",true,"UnityEngine.Transform;ProjectC.Ship.ModuleSlot","",
"Assets/_Project/Prefabs/Ships/Вавилон.prefab","Вавилон[0]/Slot_MODULE_ROLL[13]",true,"UnityEngine.Transform;ProjectC.Ship.ModuleSlot","",
"Assets/_Project/Prefabs/Ships/Вавилон.prefab","Вавилон[0]/Slot_MODULE_YAW_ENH[14]",true,"UnityEngine.Transform;ProjectC.Ship.ModuleSlot","",
"Assets/_Project/Prefabs/Ships/Вавилон.prefab","Вавилон[0]/Slot_cargo[15]",true,"UnityEngine.Transform;ProjectC.Ship.ModuleSlot","",
"Assets/_Project/Prefabs/Ships/Ветроворот.prefab","Ветроворот[0]",true,"UnityEngine.Transform;UnityEngine.Rigidbody;Unity.Netcode.NetworkObject;ProjectC.Player.ShipController;Unity.Netcode.Components.NetworkTransform;ProjectC.Ship.ShipFuelSystem;ProjectC.Ship.ShipModuleManager;ProjectC.Ship.MeziyModuleActivator;ProjectC.Ship.Combat.ShipHull;ProjectC.Ship.ShipModuleVisualApplier;ProjectC.Ship.Key.ShipOwnershipRequirement;ProjectC.Player.ShipInputReader;ProjectC.Ship.ShipRootReference;ProjectC.PeacefulShip.Stations.NpcShipController;ProjectC.PeacefulShip.Stations.NpcProximityZone;ProjectC.AI.NpcSpawner;ProjectC.Ship.ShipDeckNav;ProjectC.Ship.ShipModuleServer;ProjectC.PeacefulShip.Crew.ShipCrewSpawner","authority=Owner;local=False;interpolate=True;half=False",
"Assets/_Project/Prefabs/Ships/Ветроворот.prefab","Ветроворот[0]/Platform[0]",true,"UnityEngine.Transform;UnityEngine.MeshFilter;UnityEngine.BoxCollider;UnityEngine.MeshRenderer;ProjectC.Ship.ShipRootReference","",0.5
"Assets/_Project/Prefabs/Ships/Ветроворот.prefab","Ветроворот[0]/PilotSeat[1]",true,"UnityEngine.Transform;UnityEngine.MeshFilter;UnityEngine.BoxCollider;UnityEngine.MeshRenderer;ProjectC.Ship.PilotSeatController;ProjectC.Ship.ShipRootReference","",0.5
"Assets/_Project/Prefabs/Ships/Ветроворот.prefab","Ветроворот[0]/Door[2]",true,"UnityEngine.Transform;UnityEngine.MeshFilter;UnityEngine.BoxCollider;UnityEngine.MeshRenderer;ProjectC.Ship.DoorController;ProjectC.Ship.ShipRootReference;ProjectC.Ship.ShipPartShake","",0.5
"Assets/_Project/Prefabs/Ships/Ветроворот.prefab","Ветроворот[0]/DeckNavSurface[3]",true,"UnityEngine.Transform;Unity.AI.Navigation.NavMeshSurface","",
"Assets/_Project/Prefabs/Ships/Ветроворот.prefab","Ветроворот[0]/ShipCargoVisual[4]",true,"UnityEngine.Transform;UnityEngine.BoxCollider;ProjectC.Ship.Cargo.ShipCargoVisual;ProjectC.Ship.ShipRootReference","",
"Assets/_Project/Prefabs/Ships/Ветроворот.prefab","Ветроворот[0]/Exchanger[5]",true,"UnityEngine.Transform;UnityEngine.MeshFilter;UnityEngine.MeshRenderer;UnityEngine.SphereCollider;ProjectC.Ship.ShipRootReference;ProjectC.Ship.Cargo.ShipCargoConsole","",1.0000004768371582
"Assets/_Project/Prefabs/Ships/Ветроворот.prefab","Ветроворот[0]/Slot_Engine[6]",true,"UnityEngine.Transform;ProjectC.Ship.ModuleSlot;ProjectC.Ship.Engine.EngineThrusterVisual;ProjectC.Ship.ShipPartShake","",
"Assets/_Project/Prefabs/Ships/Ветроворот.prefab","Ветроворот[0]/Slot_Engine[6]/EngineVisuals[1]/Cylinder[0]",true,"UnityEngine.Transform;UnityEngine.MeshFilter;UnityEngine.MeshRenderer;UnityEngine.CapsuleCollider","",0.5
"Assets/_Project/Prefabs/Ships/Ветроворот.prefab","Ветроворот[0]/Slot_Engine[6]/EngineVisuals[1]/Cube[1]",true,"UnityEngine.Transform;UnityEngine.MeshFilter;UnityEngine.BoxCollider;UnityEngine.MeshRenderer","",0.5
"Assets/_Project/Prefabs/Ships/Ветроворот.prefab","Ветроворот[0]/Slot_MODULE_LIFT_ENH[7]",true,"UnityEngine.Transform;ProjectC.Ship.ModuleSlot","",
"Assets/_Project/Prefabs/Ships/Ветроворот.prefab","Ветроворот[0]/Slot_MODULE_MEZIY_PITCH[8]",true,"UnityEngine.Transform;ProjectC.Ship.ModuleSlot","",
"Assets/_Project/Prefabs/Ships/Ветроворот.prefab","Ветроворот[0]/Slot_MODULE_MEZIY_ROLL[9]",true,"UnityEngine.Transform;ProjectC.Ship.ModuleSlot","",
"Assets/_Project/Prefabs/Ships/Ветроворот.prefab","Ветроворот[0]/Slot_MODULE_MEZIY_THRUST[10]",true,"UnityEngine.Transform;ProjectC.Ship.ModuleSlot","",
"Assets/_Project/Prefabs/Ships/Ветроворот.prefab","Ветроворот[0]/Slot_MODULE_MEZIY_YAW[11]",true,"UnityEngine.Transform;ProjectC.Ship.ModuleSlot","",
"Assets/_Project/Prefabs/Ships/Ветроворот.prefab","Ветроворот[0]/Slot_MODULE_PITCH_ENH[12]",true,"UnityEngine.Transform;ProjectC.Ship.ModuleSlot","",
"Assets/_Project/Prefabs/Ships/Ветроворот.prefab","Ветроворот[0]/Slot_MODULE_ROLL[13]",true,"UnityEngine.Transform;ProjectC.Ship.ModuleSlot","",
"Assets/_Project/Prefabs/Ships/Ветроворот.prefab","Ветроворот[0]/Slot_MODULE_YAW_ENH[14]",true,"UnityEngine.Transform;ProjectC.Ship.ModuleSlot","",
"Assets/_Project/Prefabs/Ships/Ветроворот.prefab","Ветроворот[0]/Slot_cargo[15]",true,"UnityEngine.Transform;ProjectC.Ship.ModuleSlot","",
"Assets/_Project/Prefabs/Ships/Гигант.prefab","Гигант[0]",true,"UnityEngine.Transform;UnityEngine.Rigidbody;Unity.Netcode.NetworkObject;ProjectC.Player.ShipController;Unity.Netcode.Components.NetworkTransform;ProjectC.Ship.ShipFuelSystem;ProjectC.Ship.ShipModuleManager;ProjectC.Ship.MeziyModuleActivator;ProjectC.Ship.Combat.ShipHull;ProjectC.Ship.ShipModuleVisualApplier;ProjectC.Ship.Key.ShipOwnershipRequirement;ProjectC.Player.ShipInputReader;ProjectC.PeacefulShip.Stations.NpcShipController;ProjectC.PeacefulShip.Stations.NpcProximityZone;ProjectC.AI.NpcSpawner;ProjectC.Ship.ShipDeckNav;ProjectC.Ship.ShipRootReference;ProjectC.Ship.ShipModuleServer;ProjectC.PeacefulShip.Crew.ShipCrewSpawner","authority=Owner;local=False;interpolate=True;half=False",
"Assets/_Project/Prefabs/Ships/Гигант.prefab","Гигант[0]/Platform[0]",true,"UnityEngine.Transform;UnityEngine.MeshFilter;UnityEngine.BoxCollider;UnityEngine.MeshRenderer;ProjectC.Ship.ShipRootReference","",0.5
"Assets/_Project/Prefabs/Ships/Гигант.prefab","Гигант[0]/PilotSeat[1]",true,"UnityEngine.Transform;UnityEngine.MeshFilter;UnityEngine.BoxCollider;UnityEngine.MeshRenderer;ProjectC.Ship.PilotSeatController;ProjectC.Ship.ShipRootReference","",0.5
"Assets/_Project/Prefabs/Ships/Гигант.prefab","Гигант[0]/Door[2]",true,"UnityEngine.Transform;UnityEngine.MeshFilter;UnityEngine.BoxCollider;UnityEngine.MeshRenderer;ProjectC.Ship.DoorController;ProjectC.Ship.ShipRootReference;ProjectC.Ship.ShipPartShake","",0.5
"Assets/_Project/Prefabs/Ships/Гигант.prefab","Гигант[0]/DeckNavSurface[3]",true,"UnityEngine.Transform;Unity.AI.Navigation.NavMeshSurface","",
"Assets/_Project/Prefabs/Ships/Гигант.prefab","Гигант[0]/ShipCargoVisual[4]",true,"UnityEngine.Transform;UnityEngine.BoxCollider;ProjectC.Ship.Cargo.ShipCargoVisual;ProjectC.Ship.ShipRootReference","",
"Assets/_Project/Prefabs/Ships/Гигант.prefab","Гигант[0]/Exchanger[5]",true,"UnityEngine.Transform;UnityEngine.MeshFilter;UnityEngine.MeshRenderer;UnityEngine.SphereCollider;ProjectC.Ship.ShipRootReference;ProjectC.Ship.Cargo.ShipCargoConsole","",1.0000004768371582
"Assets/_Project/Prefabs/Ships/Гигант.prefab","Гигант[0]/Slot_Engine[6]",true,"UnityEngine.Transform;ProjectC.Ship.ModuleSlot;ProjectC.Ship.Engine.EngineThrusterVisual;ProjectC.Ship.ShipPartShake;ProjectC.Ship.ShipRootReference","",
"Assets/_Project/Prefabs/Ships/Гигант.prefab","Гигант[0]/Slot_Engine[6]/EngineVisuals[1]/Cylinder[0]",true,"UnityEngine.Transform;UnityEngine.MeshFilter;UnityEngine.MeshRenderer;UnityEngine.CapsuleCollider","",0.5
"Assets/_Project/Prefabs/Ships/Гигант.prefab","Гигант[0]/Slot_Engine[6]/EngineVisuals[1]/Cube[1]",true,"UnityEngine.Transform;UnityEngine.MeshFilter;UnityEngine.BoxCollider;UnityEngine.MeshRenderer","",0.5
"Assets/_Project/Prefabs/Ships/Гигант.prefab","Гигант[0]/Slot_MODULE_LIFT_ENH[7]",true,"UnityEngine.Transform;ProjectC.Ship.ModuleSlot","",
"Assets/_Project/Prefabs/Ships/Гигант.prefab","Гигант[0]/Slot_MODULE_MEZIY_PITCH[8]",true,"UnityEngine.Transform;ProjectC.Ship.ModuleSlot","",
"Assets/_Project/Prefabs/Ships/Гигант.prefab","Гигант[0]/Slot_MODULE_MEZIY_ROLL[9]",true,"UnityEngine.Transform;ProjectC.Ship.ModuleSlot","",
"Assets/_Project/Prefabs/Ships/Гигант.prefab","Гигант[0]/Slot_MODULE_MEZIY_THRUST[10]",true,"UnityEngine.Transform;ProjectC.Ship.ModuleSlot","",
"Assets/_Project/Prefabs/Ships/Гигант.prefab","Гигант[0]/Slot_MODULE_MEZIY_YAW[11]",true,"UnityEngine.Transform;ProjectC.Ship.ModuleSlot","",
"Assets/_Project/Prefabs/Ships/Гигант.prefab","Гигант[0]/Slot_MODULE_PITCH_ENH[12]",true,"UnityEngine.Transform;ProjectC.Ship.ModuleSlot","",
"Assets/_Project/Prefabs/Ships/Гигант.prefab","Гигант[0]/Slot_MODULE_ROLL[13]",true,"UnityEngine.Transform;ProjectC.Ship.ModuleSlot","",
"Assets/_Project/Prefabs/Ships/Гигант.prefab","Гигант[0]/Slot_MODULE_YAW_ENH[14]",true,"UnityEngine.Transform;ProjectC.Ship.ModuleSlot","",
"Assets/_Project/Prefabs/Ships/Гигант.prefab","Гигант[0]/Slot_cargo[15]",true,"UnityEngine.Transform;ProjectC.Ship.ModuleSlot","",
"Assets/_Project/Prefabs/Ships/Горгона.prefab","Горгона[0]",true,"UnityEngine.Transform;UnityEngine.Rigidbody;Unity.Netcode.NetworkObject;ProjectC.Player.ShipController;Unity.Netcode.Components.NetworkTransform;ProjectC.Ship.ShipFuelSystem;ProjectC.Ship.ShipModuleManager;ProjectC.Ship.MeziyModuleActivator;ProjectC.Ship.Combat.ShipHull;ProjectC.Ship.ShipModuleVisualApplier;ProjectC.Ship.Key.ShipOwnershipRequirement;ProjectC.Player.ShipInputReader;ProjectC.Ship.ShipRootReference;ProjectC.PeacefulShip.Stations.NpcShipController;ProjectC.PeacefulShip.Stations.NpcProximityZone;ProjectC.AI.NpcSpawner;ProjectC.Ship.ShipDeckNav;ProjectC.Ship.ShipModuleServer;ProjectC.PeacefulShip.Crew.ShipCrewSpawner","authority=Owner;local=False;interpolate=True;half=False",
"Assets/_Project/Prefabs/Ships/Горгона.prefab","Горгона[0]/Platform[0]",true,"UnityEngine.Transform;UnityEngine.MeshFilter;UnityEngine.BoxCollider;UnityEngine.MeshRenderer;ProjectC.Ship.ShipRootReference","",0.5
"Assets/_Project/Prefabs/Ships/Горгона.prefab","Горгона[0]/PilotSeat[1]",true,"UnityEngine.Transform;UnityEngine.MeshFilter;UnityEngine.BoxCollider;UnityEngine.MeshRenderer;ProjectC.Ship.PilotSeatController;ProjectC.Ship.ShipRootReference","",0.5
"Assets/_Project/Prefabs/Ships/Горгона.prefab","Горгона[0]/Door[2]",true,"UnityEngine.Transform;UnityEngine.MeshFilter;UnityEngine.BoxCollider;UnityEngine.MeshRenderer;ProjectC.Ship.DoorController;ProjectC.Ship.ShipRootReference;ProjectC.Ship.ShipPartShake","",0.5
"Assets/_Project/Prefabs/Ships/Горгона.prefab","Горгона[0]/DeckNavSurface[3]",true,"UnityEngine.Transform;Unity.AI.Navigation.NavMeshSurface","",
"Assets/_Project/Prefabs/Ships/Горгона.prefab","Горгона[0]/ShipCargoVisual[4]",true,"UnityEngine.Transform;UnityEngine.BoxCollider;ProjectC.Ship.Cargo.ShipCargoVisual;ProjectC.Ship.ShipRootReference","",
"Assets/_Project/Prefabs/Ships/Горгона.prefab","Горгона[0]/Exchanger[5]",true,"UnityEngine.Transform;UnityEngine.MeshFilter;UnityEngine.MeshRenderer;UnityEngine.SphereCollider;ProjectC.Ship.ShipRootReference;ProjectC.Ship.Cargo.ShipCargoConsole","",1.0000004768371582
"Assets/_Project/Prefabs/Ships/Горгона.prefab","Горгона[0]/Slot_Engine[6]",true,"UnityEngine.Transform;ProjectC.Ship.ModuleSlot;ProjectC.Ship.Engine.EngineThrusterVisual;ProjectC.Ship.ShipPartShake","",
"Assets/_Project/Prefabs/Ships/Горгона.prefab","Горгона[0]/Slot_Engine[6]/EngineVisuals[1]/Cylinder[0]",true,"UnityEngine.Transform;UnityEngine.MeshFilter;UnityEngine.MeshRenderer;UnityEngine.CapsuleCollider","",0.5
"Assets/_Project/Prefabs/Ships/Горгона.prefab","Горгона[0]/Slot_Engine[6]/EngineVisuals[1]/Cube[1]",true,"UnityEngine.Transform;UnityEngine.MeshFilter;UnityEngine.BoxCollider;UnityEngine.MeshRenderer","",0.5
"Assets/_Project/Prefabs/Ships/Горгона.prefab","Горгона[0]/Slot_MODULE_LIFT_ENH[7]",true,"UnityEngine.Transform;ProjectC.Ship.ModuleSlot","",
"Assets/_Project/Prefabs/Ships/Горгона.prefab","Горгона[0]/Slot_MODULE_MEZIY_PITCH[8]",true,"UnityEngine.Transform;ProjectC.Ship.ModuleSlot","",
"Assets/_Project/Prefabs/Ships/Горгона.prefab","Горгона[0]/Slot_MODULE_MEZIY_ROLL[9]",true,"UnityEngine.Transform;ProjectC.Ship.ModuleSlot","",
"Assets/_Project/Prefabs/Ships/Горгона.prefab","Горгона[0]/Slot_MODULE_MEZIY_THRUST[10]",true,"UnityEngine.Transform;ProjectC.Ship.ModuleSlot","",
"Assets/_Project/Prefabs/Ships/Горгона.prefab","Горгона[0]/Slot_MODULE_MEZIY_YAW[11]",true,"UnityEngine.Transform;ProjectC.Ship.ModuleSlot","",
"Assets/_Project/Prefabs/Ships/Горгона.prefab","Горгона[0]/Slot_MODULE_PITCH_ENH[12]",true,"UnityEngine.Transform;ProjectC.Ship.ModuleSlot","",
"Assets/_Project/Prefabs/Ships/Горгона.prefab","Горгона[0]/Slot_MODULE_ROLL[13]",true,"UnityEngine.Transform;ProjectC.Ship.ModuleSlot","",
"Assets/_Project/Prefabs/Ships/Горгона.prefab","Горгона[0]/Slot_MODULE_YAW_ENH[14]",true,"UnityEngine.Transform;ProjectC.Ship.ModuleSlot","",
"Assets/_Project/Prefabs/Ships/Горгона.prefab","Горгона[0]/Slot_cargo[15]",true,"UnityEngine.Transform;ProjectC.Ship.ModuleSlot","",
"Assets/_Project/Prefabs/Ships/Жук.prefab","Жук[0]",true,"UnityEngine.Transform;UnityEngine.Rigidbody;Unity.Netcode.NetworkObject;ProjectC.Player.ShipController;Unity.Netcode.Components.NetworkTransform;ProjectC.Ship.ShipFuelSystem;ProjectC.Ship.ShipModuleManager;ProjectC.Ship.MeziyModuleActivator;ProjectC.Ship.Combat.ShipHull;ProjectC.Ship.ShipModuleVisualApplier;ProjectC.Ship.Key.ShipOwnershipRequirement;ProjectC.Player.ShipInputReader;ProjectC.Ship.ShipRootReference;ProjectC.PeacefulShip.Stations.NpcShipController;ProjectC.PeacefulShip.Stations.NpcProximityZone;ProjectC.AI.NpcSpawner;ProjectC.Ship.ShipDeckNav;ProjectC.Ship.ShipModuleServer;ProjectC.PeacefulShip.Crew.ShipCrewSpawner","authority=Owner;local=False;interpolate=True;half=False",
"Assets/_Project/Prefabs/Ships/Жук.prefab","Жук[0]/Platform[0]",true,"UnityEngine.Transform;UnityEngine.MeshFilter;UnityEngine.BoxCollider;UnityEngine.MeshRenderer;ProjectC.Ship.ShipRootReference","",0.5
"Assets/_Project/Prefabs/Ships/Жук.prefab","Жук[0]/PilotSeat[1]",true,"UnityEngine.Transform;UnityEngine.MeshFilter;UnityEngine.BoxCollider;UnityEngine.MeshRenderer;ProjectC.Ship.PilotSeatController;ProjectC.Ship.ShipRootReference","",0.5
"Assets/_Project/Prefabs/Ships/Жук.prefab","Жук[0]/Door[2]",true,"UnityEngine.Transform;UnityEngine.MeshFilter;UnityEngine.BoxCollider;UnityEngine.MeshRenderer;ProjectC.Ship.DoorController;ProjectC.Ship.ShipRootReference;ProjectC.Ship.ShipPartShake","",0.5
"Assets/_Project/Prefabs/Ships/Жук.prefab","Жук[0]/DeckNavSurface[3]",true,"UnityEngine.Transform;Unity.AI.Navigation.NavMeshSurface","",
"Assets/_Project/Prefabs/Ships/Жук.prefab","Жук[0]/ShipCargoVisual[4]",true,"UnityEngine.Transform;UnityEngine.BoxCollider;ProjectC.Ship.Cargo.ShipCargoVisual;ProjectC.Ship.ShipRootReference","",
"Assets/_Project/Prefabs/Ships/Жук.prefab","Жук[0]/Exchanger[5]",true,"UnityEngine.Transform;UnityEngine.MeshFilter;UnityEngine.MeshRenderer;UnityEngine.SphereCollider;ProjectC.Ship.ShipRootReference;ProjectC.Ship.Cargo.ShipCargoConsole","",1.0000004768371582
"Assets/_Project/Prefabs/Ships/Жук.prefab","Жук[0]/Slot_Engine[6]",true,"UnityEngine.Transform;ProjectC.Ship.ModuleSlot;ProjectC.Ship.Engine.EngineThrusterVisual;ProjectC.Ship.ShipPartShake","",
"Assets/_Project/Prefabs/Ships/Жук.prefab","Жук[0]/Slot_Engine[6]/EngineVisuals[1]/Cylinder[0]",true,"UnityEngine.Transform;UnityEngine.MeshFilter;UnityEngine.MeshRenderer;UnityEngine.CapsuleCollider","",0.5
"Assets/_Project/Prefabs/Ships/Жук.prefab","Жук[0]/Slot_Engine[6]/EngineVisuals[1]/Cube[1]",true,"UnityEngine.Transform;UnityEngine.MeshFilter;UnityEngine.BoxCollider;UnityEngine.MeshRenderer","",0.5
"Assets/_Project/Prefabs/Ships/Жук.prefab","Жук[0]/Slot_MODULE_LIFT_ENH[7]",true,"UnityEngine.Transform;ProjectC.Ship.ModuleSlot","",
"Assets/_Project/Prefabs/Ships/Жук.prefab","Жук[0]/Slot_MODULE_MEZIY_PITCH[8]",true,"UnityEngine.Transform;ProjectC.Ship.ModuleSlot","",
"Assets/_Project/Prefabs/Ships/Жук.prefab","Жук[0]/Slot_MODULE_MEZIY_ROLL[9]",true,"UnityEngine.Transform;ProjectC.Ship.ModuleSlot","",
"Assets/_Project/Prefabs/Ships/Жук.prefab","Жук[0]/Slot_MODULE_MEZIY_THRUST[10]",true,"UnityEngine.Transform;ProjectC.Ship.ModuleSlot","",
"Assets/_Project/Prefabs/Ships/Жук.prefab","Жук[0]/Slot_MODULE_MEZIY_YAW[11]",true,"UnityEngine.Transform;ProjectC.Ship.ModuleSlot","",
"Assets/_Project/Prefabs/Ships/Жук.prefab","Жук[0]/Slot_MODULE_PITCH_ENH[12]",true,"UnityEngine.Transform;ProjectC.Ship.ModuleSlot","",
"Assets/_Project/Prefabs/Ships/Жук.prefab","Жук[0]/Slot_MODULE_ROLL[13]",true,"UnityEngine.Transform;ProjectC.Ship.ModuleSlot","",
"Assets/_Project/Prefabs/Ships/Жук.prefab","Жук[0]/Slot_MODULE_YAW_ENH[14]",true,"UnityEngine.Transform;ProjectC.Ship.ModuleSlot","",
"Assets/_Project/Prefabs/Ships/Жук.prefab","Жук[0]/Slot_cargo[15]",true,"UnityEngine.Transform;ProjectC.Ship.ModuleSlot","",
"Assets/_Project/Prefabs/Ships/Летучий.prefab","Летучий[0]",true,"UnityEngine.Transform;UnityEngine.Rigidbody;Unity.Netcode.NetworkObject;ProjectC.Player.ShipController;Unity.Netcode.Components.NetworkTransform;ProjectC.Ship.ShipFuelSystem;ProjectC.Ship.ShipModuleManager;ProjectC.Ship.MeziyModuleActivator;ProjectC.Ship.Combat.ShipHull;ProjectC.Ship.ShipModuleVisualApplier;ProjectC.Ship.Key.ShipOwnershipRequirement;ProjectC.Player.ShipInputReader;ProjectC.Ship.ShipRootReference;ProjectC.PeacefulShip.Stations.NpcShipController;ProjectC.PeacefulShip.Stations.NpcProximityZone;ProjectC.AI.NpcSpawner;ProjectC.Ship.ShipDeckNav;ProjectC.Ship.ShipModuleServer;ProjectC.PeacefulShip.Crew.ShipCrewSpawner","authority=Owner;local=False;interpolate=True;half=False",
"Assets/_Project/Prefabs/Ships/Летучий.prefab","Летучий[0]/Platform[0]",true,"UnityEngine.Transform;UnityEngine.MeshFilter;UnityEngine.BoxCollider;UnityEngine.MeshRenderer;ProjectC.Ship.ShipRootReference","",0.5
"Assets/_Project/Prefabs/Ships/Летучий.prefab","Летучий[0]/PilotSeat[1]",true,"UnityEngine.Transform;UnityEngine.MeshFilter;UnityEngine.BoxCollider;UnityEngine.MeshRenderer;ProjectC.Ship.PilotSeatController;ProjectC.Ship.ShipRootReference","",0.5
"Assets/_Project/Prefabs/Ships/Летучий.prefab","Летучий[0]/Door[2]",true,"UnityEngine.Transform;UnityEngine.MeshFilter;UnityEngine.BoxCollider;UnityEngine.MeshRenderer;ProjectC.Ship.DoorController;ProjectC.Ship.ShipRootReference;ProjectC.Ship.ShipPartShake","",0.5
"Assets/_Project/Prefabs/Ships/Летучий.prefab","Летучий[0]/DeckNavSurface[3]",true,"UnityEngine.Transform;Unity.AI.Navigation.NavMeshSurface","",
"Assets/_Project/Prefabs/Ships/Летучий.prefab","Летучий[0]/ShipCargoVisual[4]",true,"UnityEngine.Transform;UnityEngine.BoxCollider;ProjectC.Ship.Cargo.ShipCargoVisual;ProjectC.Ship.ShipRootReference","",
"Assets/_Project/Prefabs/Ships/Летучий.prefab","Летучий[0]/Exchanger[5]",true,"UnityEngine.Transform;UnityEngine.MeshFilter;UnityEngine.MeshRenderer;UnityEngine.SphereCollider;ProjectC.Ship.ShipRootReference;ProjectC.Ship.Cargo.ShipCargoConsole","",1.0000004768371582
"Assets/_Project/Prefabs/Ships/Летучий.prefab","Летучий[0]/Slot_Engine[6]",true,"UnityEngine.Transform;ProjectC.Ship.ModuleSlot;ProjectC.Ship.Engine.EngineThrusterVisual;ProjectC.Ship.ShipPartShake","",
"Assets/_Project/Prefabs/Ships/Летучий.prefab","Летучий[0]/Slot_Engine[6]/EngineVisuals[1]/Cylinder[0]",true,"UnityEngine.Transform;UnityEngine.MeshFilter;UnityEngine.MeshRenderer;UnityEngine.CapsuleCollider","",0.5
"Assets/_Project/Prefabs/Ships/Летучий.prefab","Летучий[0]/Slot_Engine[6]/EngineVisuals[1]/Cube[1]",true,"UnityEngine.Transform;UnityEngine.MeshFilter;UnityEngine.BoxCollider;UnityEngine.MeshRenderer","",0.5
"Assets/_Project/Prefabs/Ships/Летучий.prefab","Летучий[0]/Slot_MODULE_LIFT_ENH[7]",true,"UnityEngine.Transform;ProjectC.Ship.ModuleSlot","",
"Assets/_Project/Prefabs/Ships/Летучий.prefab","Летучий[0]/Slot_MODULE_MEZIY_PITCH[8]",true,"UnityEngine.Transform;ProjectC.Ship.ModuleSlot","",
"Assets/_Project/Prefabs/Ships/Летучий.prefab","Летучий[0]/Slot_MODULE_MEZIY_ROLL[9]",true,"UnityEngine.Transform;ProjectC.Ship.ModuleSlot","",
"Assets/_Project/Prefabs/Ships/Летучий.prefab","Летучий[0]/Slot_MODULE_MEZIY_THRUST[10]",true,"UnityEngine.Transform;ProjectC.Ship.ModuleSlot","",
"Assets/_Project/Prefabs/Ships/Летучий.prefab","Летучий[0]/Slot_MODULE_MEZIY_YAW[11]",true,"UnityEngine.Transform;ProjectC.Ship.ModuleSlot","",
"Assets/_Project/Prefabs/Ships/Летучий.prefab","Летучий[0]/Slot_MODULE_PITCH_ENH[12]",true,"UnityEngine.Transform;ProjectC.Ship.ModuleSlot","",
"Assets/_Project/Prefabs/Ships/Летучий.prefab","Летучий[0]/Slot_MODULE_ROLL[13]",true,"UnityEngine.Transform;ProjectC.Ship.ModuleSlot","",
"Assets/_Project/Prefabs/Ships/Летучий.prefab","Летучий[0]/Slot_MODULE_YAW_ENH[14]",true,"UnityEngine.Transform;ProjectC.Ship.ModuleSlot","",
"Assets/_Project/Prefabs/Ships/Летучий.prefab","Летучий[0]/Slot_cargo[15]",true,"UnityEngine.Transform;ProjectC.Ship.ModuleSlot","",
"Assets/_Project/Prefabs/Ships/Лорейн.prefab","Лорейн[0]",true,"UnityEngine.Transform;UnityEngine.Rigidbody;Unity.Netcode.NetworkObject;ProjectC.Player.ShipController;Unity.Netcode.Components.NetworkTransform;ProjectC.Ship.ShipFuelSystem;ProjectC.Ship.ShipModuleManager;ProjectC.Ship.MeziyModuleActivator;ProjectC.Ship.Combat.ShipHull;ProjectC.Ship.ShipModuleVisualApplier;ProjectC.Ship.Key.ShipOwnershipRequirement;ProjectC.Player.ShipInputReader;ProjectC.Ship.ShipRootReference;ProjectC.PeacefulShip.Stations.NpcShipController;ProjectC.PeacefulShip.Stations.NpcProximityZone;ProjectC.AI.NpcSpawner;ProjectC.Ship.ShipDeckNav;ProjectC.Ship.ShipModuleServer;ProjectC.PeacefulShip.Crew.ShipCrewSpawner","authority=Owner;local=False;interpolate=True;half=False",
"Assets/_Project/Prefabs/Ships/Лорейн.prefab","Лорейн[0]/Platform[0]",true,"UnityEngine.Transform;UnityEngine.MeshFilter;UnityEngine.BoxCollider;UnityEngine.MeshRenderer;ProjectC.Ship.ShipRootReference","",0.5
"Assets/_Project/Prefabs/Ships/Лорейн.prefab","Лорейн[0]/PilotSeat[1]",true,"UnityEngine.Transform;UnityEngine.MeshFilter;UnityEngine.BoxCollider;UnityEngine.MeshRenderer;ProjectC.Ship.PilotSeatController;ProjectC.Ship.ShipRootReference","",0.5
"Assets/_Project/Prefabs/Ships/Лорейн.prefab","Лорейн[0]/Door[2]",true,"UnityEngine.Transform;UnityEngine.MeshFilter;UnityEngine.BoxCollider;UnityEngine.MeshRenderer;ProjectC.Ship.DoorController;ProjectC.Ship.ShipRootReference;ProjectC.Ship.ShipPartShake","",0.5
"Assets/_Project/Prefabs/Ships/Лорейн.prefab","Лорейн[0]/DeckNavSurface[3]",true,"UnityEngine.Transform;Unity.AI.Navigation.NavMeshSurface","",
"Assets/_Project/Prefabs/Ships/Лорейн.prefab","Лорейн[0]/ShipCargoVisual[4]",true,"UnityEngine.Transform;UnityEngine.BoxCollider;ProjectC.Ship.Cargo.ShipCargoVisual;ProjectC.Ship.ShipRootReference","",
"Assets/_Project/Prefabs/Ships/Лорейн.prefab","Лорейн[0]/Exchanger[5]",true,"UnityEngine.Transform;UnityEngine.MeshFilter;UnityEngine.MeshRenderer;UnityEngine.SphereCollider;ProjectC.Ship.ShipRootReference;ProjectC.Ship.Cargo.ShipCargoConsole","",1.0000004768371582
"Assets/_Project/Prefabs/Ships/Лорейн.prefab","Лорейн[0]/Slot_Engine[6]",true,"UnityEngine.Transform;ProjectC.Ship.ModuleSlot;ProjectC.Ship.Engine.EngineThrusterVisual;ProjectC.Ship.ShipPartShake","",
"Assets/_Project/Prefabs/Ships/Лорейн.prefab","Лорейн[0]/Slot_Engine[6]/EngineVisuals[1]/Cylinder[0]",true,"UnityEngine.Transform;UnityEngine.MeshFilter;UnityEngine.MeshRenderer;UnityEngine.CapsuleCollider","",0.5
"Assets/_Project/Prefabs/Ships/Лорейн.prefab","Лорейн[0]/Slot_Engine[6]/EngineVisuals[1]/Cube[1]",true,"UnityEngine.Transform;UnityEngine.MeshFilter;UnityEngine.BoxCollider;UnityEngine.MeshRenderer","",0.5
"Assets/_Project/Prefabs/Ships/Лорейн.prefab","Лорейн[0]/Slot_MODULE_LIFT_ENH[7]",true,"UnityEngine.Transform;ProjectC.Ship.ModuleSlot","",
"Assets/_Project/Prefabs/Ships/Лорейн.prefab","Лорейн[0]/Slot_MODULE_MEZIY_PITCH[8]",true,"UnityEngine.Transform;ProjectC.Ship.ModuleSlot","",
"Assets/_Project/Prefabs/Ships/Лорейн.prefab","Лорейн[0]/Slot_MODULE_MEZIY_ROLL[9]",true,"UnityEngine.Transform;ProjectC.Ship.ModuleSlot","",
"Assets/_Project/Prefabs/Ships/Лорейн.prefab","Лорейн[0]/Slot_MODULE_MEZIY_THRUST[10]",true,"UnityEngine.Transform;ProjectC.Ship.ModuleSlot","",
"Assets/_Project/Prefabs/Ships/Лорейн.prefab","Лорейн[0]/Slot_MODULE_MEZIY_YAW[11]",true,"UnityEngine.Transform;ProjectC.Ship.ModuleSlot","",
"Assets/_Project/Prefabs/Ships/Лорейн.prefab","Лорейн[0]/Slot_MODULE_PITCH_ENH[12]",true,"UnityEngine.Transform;ProjectC.Ship.ModuleSlot","",
"Assets/_Project/Prefabs/Ships/Лорейн.prefab","Лорейн[0]/Slot_MODULE_ROLL[13]",true,"UnityEngine.Transform;ProjectC.Ship.ModuleSlot","",
"Assets/_Project/Prefabs/Ships/Лорейн.prefab","Лорейн[0]/Slot_MODULE_YAW_ENH[14]",true,"UnityEngine.Transform;ProjectC.Ship.ModuleSlot","",
"Assets/_Project/Prefabs/Ships/Лорейн.prefab","Лорейн[0]/Slot_cargo[15]",true,"UnityEngine.Transform;ProjectC.Ship.ModuleSlot","",
"Assets/_Project/Prefabs/Ships/Мастодонт.prefab","Мастодонт[0]",true,"UnityEngine.Transform;UnityEngine.Rigidbody;Unity.Netcode.NetworkObject;ProjectC.Player.ShipController;Unity.Netcode.Components.NetworkTransform;ProjectC.Ship.ShipFuelSystem;ProjectC.Ship.ShipModuleManager;ProjectC.Ship.MeziyModuleActivator;ProjectC.Ship.Combat.ShipHull;ProjectC.Ship.ShipModuleVisualApplier;ProjectC.Ship.Key.ShipOwnershipRequirement;ProjectC.Player.ShipInputReader;ProjectC.Ship.ShipRootReference;ProjectC.PeacefulShip.Stations.NpcShipController;ProjectC.PeacefulShip.Stations.NpcProximityZone;ProjectC.AI.NpcSpawner;ProjectC.Ship.ShipDeckNav;ProjectC.Ship.ShipModuleServer;ProjectC.PeacefulShip.Crew.ShipCrewSpawner","authority=Owner;local=False;interpolate=True;half=False",
"Assets/_Project/Prefabs/Ships/Мастодонт.prefab","Мастодонт[0]/Platform[0]",true,"UnityEngine.Transform;UnityEngine.MeshFilter;UnityEngine.BoxCollider;UnityEngine.MeshRenderer;ProjectC.Ship.ShipRootReference","",0.5
"Assets/_Project/Prefabs/Ships/Мастодонт.prefab","Мастодонт[0]/PilotSeat[1]",true,"UnityEngine.Transform;UnityEngine.MeshFilter;UnityEngine.BoxCollider;UnityEngine.MeshRenderer;ProjectC.Ship.PilotSeatController;ProjectC.Ship.ShipRootReference","",0.5
"Assets/_Project/Prefabs/Ships/Мастодонт.prefab","Мастодонт[0]/Door[2]",true,"UnityEngine.Transform;UnityEngine.MeshFilter;UnityEngine.BoxCollider;UnityEngine.MeshRenderer;ProjectC.Ship.DoorController;ProjectC.Ship.ShipRootReference;ProjectC.Ship.ShipPartShake","",0.5
"Assets/_Project/Prefabs/Ships/Мастодонт.prefab","Мастодонт[0]/DeckNavSurface[3]",true,"UnityEngine.Transform;Unity.AI.Navigation.NavMeshSurface","",
"Assets/_Project/Prefabs/Ships/Мастодонт.prefab","Мастодонт[0]/ShipCargoVisual[4]",true,"UnityEngine.Transform;UnityEngine.BoxCollider;ProjectC.Ship.Cargo.ShipCargoVisual;ProjectC.Ship.ShipRootReference","",
"Assets/_Project/Prefabs/Ships/Мастодонт.prefab","Мастодонт[0]/Exchanger[5]",true,"UnityEngine.Transform;UnityEngine.MeshFilter;UnityEngine.MeshRenderer;UnityEngine.SphereCollider;ProjectC.Ship.ShipRootReference;ProjectC.Ship.Cargo.ShipCargoConsole","",1.0000004768371582
"Assets/_Project/Prefabs/Ships/Мастодонт.prefab","Мастодонт[0]/Slot_Engine[6]",true,"UnityEngine.Transform;ProjectC.Ship.ModuleSlot;ProjectC.Ship.Engine.EngineThrusterVisual;ProjectC.Ship.ShipPartShake","",
"Assets/_Project/Prefabs/Ships/Мастодонт.prefab","Мастодонт[0]/Slot_Engine[6]/EngineVisuals[1]/Cylinder[0]",true,"UnityEngine.Transform;UnityEngine.MeshFilter;UnityEngine.MeshRenderer;UnityEngine.CapsuleCollider","",0.5
"Assets/_Project/Prefabs/Ships/Мастодонт.prefab","Мастодонт[0]/Slot_Engine[6]/EngineVisuals[1]/Cube[1]",true,"UnityEngine.Transform;UnityEngine.MeshFilter;UnityEngine.BoxCollider;UnityEngine.MeshRenderer","",0.5
"Assets/_Project/Prefabs/Ships/Мастодонт.prefab","Мастодонт[0]/Slot_MODULE_LIFT_ENH[7]",true,"UnityEngine.Transform;ProjectC.Ship.ModuleSlot","",
"Assets/_Project/Prefabs/Ships/Мастодонт.prefab","Мастодонт[0]/Slot_MODULE_MEZIY_PITCH[8]",true,"UnityEngine.Transform;ProjectC.Ship.ModuleSlot","",
"Assets/_Project/Prefabs/Ships/Мастодонт.prefab","Мастодонт[0]/Slot_MODULE_MEZIY_ROLL[9]",true,"UnityEngine.Transform;ProjectC.Ship.ModuleSlot","",
"Assets/_Project/Prefabs/Ships/Мастодонт.prefab","Мастодонт[0]/Slot_MODULE_MEZIY_THRUST[10]",true,"UnityEngine.Transform;ProjectC.Ship.ModuleSlot","",
"Assets/_Project/Prefabs/Ships/Мастодонт.prefab","Мастодонт[0]/Slot_MODULE_MEZIY_YAW[11]",true,"UnityEngine.Transform;ProjectC.Ship.ModuleSlot","",
"Assets/_Project/Prefabs/Ships/Мастодонт.prefab","Мастодонт[0]/Slot_MODULE_PITCH_ENH[12]",true,"UnityEngine.Transform;ProjectC.Ship.ModuleSlot","",
"Assets/_Project/Prefabs/Ships/Мастодонт.prefab","Мастодонт[0]/Slot_MODULE_ROLL[13]",true,"UnityEngine.Transform;ProjectC.Ship.ModuleSlot","",
"Assets/_Project/Prefabs/Ships/Мастодонт.prefab","Мастодонт[0]/Slot_MODULE_YAW_ENH[14]",true,"UnityEngine.Transform;ProjectC.Ship.ModuleSlot","",
"Assets/_Project/Prefabs/Ships/Мастодонт.prefab","Мастодонт[0]/Slot_cargo[15]",true,"UnityEngine.Transform;ProjectC.Ship.ModuleSlot","",
"Assets/_Project/Prefabs/Ships/Олимп.prefab","Олимп[0]",true,"UnityEngine.Transform;UnityEngine.Rigidbody;Unity.Netcode.NetworkObject;ProjectC.Player.ShipController;Unity.Netcode.Components.NetworkTransform;ProjectC.Ship.ShipFuelSystem;ProjectC.Ship.ShipModuleManager;ProjectC.Ship.MeziyModuleActivator;ProjectC.Ship.Combat.ShipHull;ProjectC.Ship.ShipModuleVisualApplier;ProjectC.Ship.Key.ShipOwnershipRequirement;ProjectC.Player.ShipInputReader;ProjectC.Ship.ShipRootReference;ProjectC.PeacefulShip.Stations.NpcShipController;ProjectC.PeacefulShip.Stations.NpcProximityZone;ProjectC.AI.NpcSpawner;ProjectC.Ship.ShipDeckNav;ProjectC.Ship.ShipModuleServer;ProjectC.PeacefulShip.Crew.ShipCrewSpawner","authority=Owner;local=False;interpolate=True;half=False",
"Assets/_Project/Prefabs/Ships/Олимп.prefab","Олимп[0]/Platform[0]",true,"UnityEngine.Transform;UnityEngine.MeshFilter;UnityEngine.BoxCollider;UnityEngine.MeshRenderer;ProjectC.Ship.ShipRootReference","",0.5
"Assets/_Project/Prefabs/Ships/Олимп.prefab","Олимп[0]/PilotSeat[1]",true,"UnityEngine.Transform;UnityEngine.MeshFilter;UnityEngine.BoxCollider;UnityEngine.MeshRenderer;ProjectC.Ship.PilotSeatController;ProjectC.Ship.ShipRootReference","",0.5
"Assets/_Project/Prefabs/Ships/Олимп.prefab","Олимп[0]/Door[2]",true,"UnityEngine.Transform;UnityEngine.MeshFilter;UnityEngine.BoxCollider;UnityEngine.MeshRenderer;ProjectC.Ship.DoorController;ProjectC.Ship.ShipRootReference;ProjectC.Ship.ShipPartShake","",0.5
"Assets/_Project/Prefabs/Ships/Олимп.prefab","Олимп[0]/DeckNavSurface[3]",true,"UnityEngine.Transform;Unity.AI.Navigation.NavMeshSurface","",
"Assets/_Project/Prefabs/Ships/Олимп.prefab","Олимп[0]/ShipCargoVisual[4]",true,"UnityEngine.Transform;UnityEngine.BoxCollider;ProjectC.Ship.Cargo.ShipCargoVisual;ProjectC.Ship.ShipRootReference","",
"Assets/_Project/Prefabs/Ships/Олимп.prefab","Олимп[0]/Exchanger[5]",true,"UnityEngine.Transform;UnityEngine.MeshFilter;UnityEngine.MeshRenderer;UnityEngine.SphereCollider;ProjectC.Ship.ShipRootReference;ProjectC.Ship.Cargo.ShipCargoConsole","",1.0000004768371582
"Assets/_Project/Prefabs/Ships/Олимп.prefab","Олимп[0]/Slot_Engine[6]",true,"UnityEngine.Transform;ProjectC.Ship.ModuleSlot;ProjectC.Ship.Engine.EngineThrusterVisual;ProjectC.Ship.ShipPartShake","",
"Assets/_Project/Prefabs/Ships/Олимп.prefab","Олимп[0]/Slot_Engine[6]/EngineVisuals[1]/Cylinder[0]",true,"UnityEngine.Transform;UnityEngine.MeshFilter;UnityEngine.MeshRenderer;UnityEngine.CapsuleCollider","",0.5
"Assets/_Project/Prefabs/Ships/Олимп.prefab","Олимп[0]/Slot_Engine[6]/EngineVisuals[1]/Cube[1]",true,"UnityEngine.Transform;UnityEngine.MeshFilter;UnityEngine.BoxCollider;UnityEngine.MeshRenderer","",0.5
"Assets/_Project/Prefabs/Ships/Олимп.prefab","Олимп[0]/Slot_MODULE_LIFT_ENH[7]",true,"UnityEngine.Transform;ProjectC.Ship.ModuleSlot","",
"Assets/_Project/Prefabs/Ships/Олимп.prefab","Олимп[0]/Slot_MODULE_MEZIY_PITCH[8]",true,"UnityEngine.Transform;ProjectC.Ship.ModuleSlot","",
"Assets/_Project/Prefabs/Ships/Олимп.prefab","Олимп[0]/Slot_MODULE_MEZIY_ROLL[9]",true,"UnityEngine.Transform;ProjectC.Ship.ModuleSlot","",
"Assets/_Project/Prefabs/Ships/Олимп.prefab","Олимп[0]/Slot_MODULE_MEZIY_THRUST[10]",true,"UnityEngine.Transform;ProjectC.Ship.ModuleSlot","",
"Assets/_Project/Prefabs/Ships/Олимп.prefab","Олимп[0]/Slot_MODULE_MEZIY_YAW[11]",true,"UnityEngine.Transform;ProjectC.Ship.ModuleSlot","",
"Assets/_Project/Prefabs/Ships/Олимп.prefab","Олимп[0]/Slot_MODULE_PITCH_ENH[12]",true,"UnityEngine.Transform;ProjectC.Ship.ModuleSlot","",
"Assets/_Project/Prefabs/Ships/Олимп.prefab","Олимп[0]/Slot_MODULE_ROLL[13]",true,"UnityEngine.Transform;ProjectC.Ship.ModuleSlot","",
"Assets/_Project/Prefabs/Ships/Олимп.prefab","Олимп[0]/Slot_MODULE_YAW_ENH[14]",true,"UnityEngine.Transform;ProjectC.Ship.ModuleSlot","",
"Assets/_Project/Prefabs/Ships/Олимп.prefab","Олимп[0]/Slot_cargo[15]",true,"UnityEngine.Transform;ProjectC.Ship.ModuleSlot","",
"Assets/_Project/Prefabs/Ships/Пещера.prefab","Пещера[0]",true,"UnityEngine.Transform;UnityEngine.Rigidbody;Unity.Netcode.NetworkObject;ProjectC.Player.ShipController;Unity.Netcode.Components.NetworkTransform;ProjectC.Ship.ShipFuelSystem;ProjectC.Ship.ShipModuleManager;ProjectC.Ship.MeziyModuleActivator;ProjectC.Ship.Combat.ShipHull;ProjectC.Ship.ShipModuleVisualApplier;ProjectC.Ship.Key.ShipOwnershipRequirement;ProjectC.Player.ShipInputReader;ProjectC.Ship.ShipRootReference;ProjectC.PeacefulShip.Stations.NpcShipController;ProjectC.PeacefulShip.Stations.NpcProximityZone;ProjectC.AI.NpcSpawner;ProjectC.Ship.ShipDeckNav;ProjectC.Ship.ShipModuleServer;ProjectC.PeacefulShip.Crew.ShipCrewSpawner","authority=Owner;local=False;interpolate=True;half=False",
"Assets/_Project/Prefabs/Ships/Пещера.prefab","Пещера[0]/Platform[0]",true,"UnityEngine.Transform;UnityEngine.MeshFilter;UnityEngine.BoxCollider;UnityEngine.MeshRenderer;ProjectC.Ship.ShipRootReference","",0.5
"Assets/_Project/Prefabs/Ships/Пещера.prefab","Пещера[0]/PilotSeat[1]",true,"UnityEngine.Transform;UnityEngine.MeshFilter;UnityEngine.BoxCollider;UnityEngine.MeshRenderer;ProjectC.Ship.PilotSeatController;ProjectC.Ship.ShipRootReference","",0.5
"Assets/_Project/Prefabs/Ships/Пещера.prefab","Пещера[0]/Door[2]",true,"UnityEngine.Transform;UnityEngine.MeshFilter;UnityEngine.BoxCollider;UnityEngine.MeshRenderer;ProjectC.Ship.DoorController;ProjectC.Ship.ShipRootReference;ProjectC.Ship.ShipPartShake","",0.5
"Assets/_Project/Prefabs/Ships/Пещера.prefab","Пещера[0]/DeckNavSurface[3]",true,"UnityEngine.Transform;Unity.AI.Navigation.NavMeshSurface","",
"Assets/_Project/Prefabs/Ships/Пещера.prefab","Пещера[0]/ShipCargoVisual[4]",true,"UnityEngine.Transform;UnityEngine.BoxCollider;ProjectC.Ship.Cargo.ShipCargoVisual;ProjectC.Ship.ShipRootReference","",
"Assets/_Project/Prefabs/Ships/Пещера.prefab","Пещера[0]/Exchanger[5]",true,"UnityEngine.Transform;UnityEngine.MeshFilter;UnityEngine.MeshRenderer;UnityEngine.SphereCollider;ProjectC.Ship.ShipRootReference;ProjectC.Ship.Cargo.ShipCargoConsole","",1.0000004768371582
"Assets/_Project/Prefabs/Ships/Пещера.prefab","Пещера[0]/Slot_Engine[6]",true,"UnityEngine.Transform;ProjectC.Ship.ModuleSlot;ProjectC.Ship.Engine.EngineThrusterVisual;ProjectC.Ship.ShipPartShake","",
"Assets/_Project/Prefabs/Ships/Пещера.prefab","Пещера[0]/Slot_Engine[6]/EngineVisuals[1]/Cylinder[0]",true,"UnityEngine.Transform;UnityEngine.MeshFilter;UnityEngine.MeshRenderer;UnityEngine.CapsuleCollider","",0.5
"Assets/_Project/Prefabs/Ships/Пещера.prefab","Пещера[0]/Slot_Engine[6]/EngineVisuals[1]/Cube[1]",true,"UnityEngine.Transform;UnityEngine.MeshFilter;UnityEngine.BoxCollider;UnityEngine.MeshRenderer","",0.5
"Assets/_Project/Prefabs/Ships/Пещера.prefab","Пещера[0]/Slot_MODULE_LIFT_ENH[7]",true,"UnityEngine.Transform;ProjectC.Ship.ModuleSlot","",
"Assets/_Project/Prefabs/Ships/Пещера.prefab","Пещера[0]/Slot_MODULE_MEZIY_PITCH[8]",true,"UnityEngine.Transform;ProjectC.Ship.ModuleSlot","",
"Assets/_Project/Prefabs/Ships/Пещера.prefab","Пещера[0]/Slot_MODULE_MEZIY_ROLL[9]",true,"UnityEngine.Transform;ProjectC.Ship.ModuleSlot","",
"Assets/_Project/Prefabs/Ships/Пещера.prefab","Пещера[0]/Slot_MODULE_MEZIY_THRUST[10]",true,"UnityEngine.Transform;ProjectC.Ship.ModuleSlot","",
"Assets/_Project/Prefabs/Ships/Пещера.prefab","Пещера[0]/Slot_MODULE_MEZIY_YAW[11]",true,"UnityEngine.Transform;ProjectC.Ship.ModuleSlot","",
"Assets/_Project/Prefabs/Ships/Пещера.prefab","Пещера[0]/Slot_MODULE_PITCH_ENH[12]",true,"UnityEngine.Transform;ProjectC.Ship.ModuleSlot","",
"Assets/_Project/Prefabs/Ships/Пещера.prefab","Пещера[0]/Slot_MODULE_ROLL[13]",true,"UnityEngine.Transform;ProjectC.Ship.ModuleSlot","",
"Assets/_Project/Prefabs/Ships/Пещера.prefab","Пещера[0]/Slot_MODULE_YAW_ENH[14]",true,"UnityEngine.Transform;ProjectC.Ship.ModuleSlot","",
"Assets/_Project/Prefabs/Ships/Пещера.prefab","Пещера[0]/Slot_cargo[15]",true,"UnityEngine.Transform;ProjectC.Ship.ModuleSlot","",
"Assets/_Project/Prefabs/Ships/Река.prefab","Река[0]",true,"UnityEngine.Transform;UnityEngine.Rigidbody;Unity.Netcode.NetworkObject;ProjectC.Player.ShipController;Unity.Netcode.Components.NetworkTransform;ProjectC.Ship.ShipFuelSystem;ProjectC.Ship.ShipModuleManager;ProjectC.Ship.MeziyModuleActivator;ProjectC.Ship.Combat.ShipHull;ProjectC.Ship.ShipModuleVisualApplier;ProjectC.Ship.Key.ShipOwnershipRequirement;ProjectC.Player.ShipInputReader;ProjectC.Ship.ShipRootReference;ProjectC.PeacefulShip.Stations.NpcShipController;ProjectC.PeacefulShip.Stations.NpcProximityZone;ProjectC.AI.NpcSpawner;ProjectC.Ship.ShipDeckNav;ProjectC.Ship.ShipModuleServer;ProjectC.PeacefulShip.Crew.ShipCrewSpawner","authority=Owner;local=False;interpolate=True;half=False",
"Assets/_Project/Prefabs/Ships/Река.prefab","Река[0]/Platform[0]",true,"UnityEngine.Transform;UnityEngine.MeshFilter;UnityEngine.BoxCollider;UnityEngine.MeshRenderer;ProjectC.Ship.ShipRootReference","",0.5
"Assets/_Project/Prefabs/Ships/Река.prefab","Река[0]/PilotSeat[1]",true,"UnityEngine.Transform;UnityEngine.MeshFilter;UnityEngine.BoxCollider;UnityEngine.MeshRenderer;ProjectC.Ship.PilotSeatController;ProjectC.Ship.ShipRootReference","",0.5
"Assets/_Project/Prefabs/Ships/Река.prefab","Река[0]/Door[2]",true,"UnityEngine.Transform;UnityEngine.MeshFilter;UnityEngine.BoxCollider;UnityEngine.MeshRenderer;ProjectC.Ship.DoorController;ProjectC.Ship.ShipRootReference;ProjectC.Ship.ShipPartShake","",0.5
"Assets/_Project/Prefabs/Ships/Река.prefab","Река[0]/DeckNavSurface[3]",true,"UnityEngine.Transform;Unity.AI.Navigation.NavMeshSurface","",
"Assets/_Project/Prefabs/Ships/Река.prefab","Река[0]/ShipCargoVisual[4]",true,"UnityEngine.Transform;UnityEngine.BoxCollider;ProjectC.Ship.Cargo.ShipCargoVisual;ProjectC.Ship.ShipRootReference","",
"Assets/_Project/Prefabs/Ships/Река.prefab","Река[0]/Exchanger[5]",true,"UnityEngine.Transform;UnityEngine.MeshFilter;UnityEngine.MeshRenderer;UnityEngine.SphereCollider;ProjectC.Ship.ShipRootReference;ProjectC.Ship.Cargo.ShipCargoConsole","",1.0000004768371582
"Assets/_Project/Prefabs/Ships/Река.prefab","Река[0]/Slot_Engine[6]",true,"UnityEngine.Transform;ProjectC.Ship.ModuleSlot;ProjectC.Ship.Engine.EngineThrusterVisual;ProjectC.Ship.ShipPartShake","",
"Assets/_Project/Prefabs/Ships/Река.prefab","Река[0]/Slot_Engine[6]/EngineVisuals[1]/Cylinder[0]",true,"UnityEngine.Transform;UnityEngine.MeshFilter;UnityEngine.MeshRenderer;UnityEngine.CapsuleCollider","",0.5
"Assets/_Project/Prefabs/Ships/Река.prefab","Река[0]/Slot_Engine[6]/EngineVisuals[1]/Cube[1]",true,"UnityEngine.Transform;UnityEngine.MeshFilter;UnityEngine.BoxCollider;UnityEngine.MeshRenderer","",0.5
"Assets/_Project/Prefabs/Ships/Река.prefab","Река[0]/Slot_MODULE_LIFT_ENH[7]",true,"UnityEngine.Transform;ProjectC.Ship.ModuleSlot","",
"Assets/_Project/Prefabs/Ships/Река.prefab","Река[0]/Slot_MODULE_MEZIY_PITCH[8]",true,"UnityEngine.Transform;ProjectC.Ship.ModuleSlot","",
"Assets/_Project/Prefabs/Ships/Река.prefab","Река[0]/Slot_MODULE_MEZIY_ROLL[9]",true,"UnityEngine.Transform;ProjectC.Ship.ModuleSlot","",
"Assets/_Project/Prefabs/Ships/Река.prefab","Река[0]/Slot_MODULE_MEZIY_THRUST[10]",true,"UnityEngine.Transform;ProjectC.Ship.ModuleSlot","",
"Assets/_Project/Prefabs/Ships/Река.prefab","Река[0]/Slot_MODULE_MEZIY_YAW[11]",true,"UnityEngine.Transform;ProjectC.Ship.ModuleSlot","",
"Assets/_Project/Prefabs/Ships/Река.prefab","Река[0]/Slot_MODULE_PITCH_ENH[12]",true,"UnityEngine.Transform;ProjectC.Ship.ModuleSlot","",
"Assets/_Project/Prefabs/Ships/Река.prefab","Река[0]/Slot_MODULE_ROLL[13]",true,"UnityEngine.Transform;ProjectC.Ship.ModuleSlot","",
"Assets/_Project/Prefabs/Ships/Река.prefab","Река[0]/Slot_MODULE_YAW_ENH[14]",true,"UnityEngine.Transform;ProjectC.Ship.ModuleSlot","",
"Assets/_Project/Prefabs/Ships/Река.prefab","Река[0]/Slot_cargo[15]",true,"UnityEngine.Transform;ProjectC.Ship.ModuleSlot","",
"Assets/_Project/Prefabs/Ships/Сильфида.prefab","Сильфида[0]",true,"UnityEngine.Transform;UnityEngine.Rigidbody;Unity.Netcode.NetworkObject;ProjectC.Player.ShipController;Unity.Netcode.Components.NetworkTransform;ProjectC.Ship.ShipFuelSystem;ProjectC.Ship.ShipModuleManager;ProjectC.Ship.MeziyModuleActivator;ProjectC.Ship.Combat.ShipHull;ProjectC.Ship.ShipModuleVisualApplier;ProjectC.Ship.Key.ShipOwnershipRequirement;ProjectC.Player.ShipInputReader;ProjectC.Ship.ShipRootReference;ProjectC.PeacefulShip.Stations.NpcShipController;ProjectC.PeacefulShip.Stations.NpcProximityZone;ProjectC.AI.NpcSpawner;ProjectC.Ship.ShipDeckNav;ProjectC.Ship.ShipModuleServer;ProjectC.PeacefulShip.Crew.ShipCrewSpawner","authority=Owner;local=False;interpolate=True;half=False",
"Assets/_Project/Prefabs/Ships/Сильфида.prefab","Сильфида[0]/Platform[0]",true,"UnityEngine.Transform;UnityEngine.MeshFilter;UnityEngine.BoxCollider;UnityEngine.MeshRenderer;ProjectC.Ship.ShipRootReference","",0.5
"Assets/_Project/Prefabs/Ships/Сильфида.prefab","Сильфида[0]/PilotSeat[1]",true,"UnityEngine.Transform;UnityEngine.MeshFilter;UnityEngine.BoxCollider;UnityEngine.MeshRenderer;ProjectC.Ship.PilotSeatController;ProjectC.Ship.ShipRootReference","",0.5
"Assets/_Project/Prefabs/Ships/Сильфида.prefab","Сильфида[0]/Door[2]",true,"UnityEngine.Transform;UnityEngine.MeshFilter;UnityEngine.BoxCollider;UnityEngine.MeshRenderer;ProjectC.Ship.DoorController;ProjectC.Ship.ShipRootReference;ProjectC.Ship.ShipPartShake","",0.5
"Assets/_Project/Prefabs/Ships/Сильфида.prefab","Сильфида[0]/DeckNavSurface[3]",true,"UnityEngine.Transform;Unity.AI.Navigation.NavMeshSurface","",
"Assets/_Project/Prefabs/Ships/Сильфида.prefab","Сильфида[0]/ShipCargoVisual[4]",true,"UnityEngine.Transform;UnityEngine.BoxCollider;ProjectC.Ship.Cargo.ShipCargoVisual;ProjectC.Ship.ShipRootReference","",
"Assets/_Project/Prefabs/Ships/Сильфида.prefab","Сильфида[0]/Exchanger[5]",true,"UnityEngine.Transform;UnityEngine.MeshFilter;UnityEngine.MeshRenderer;UnityEngine.SphereCollider;ProjectC.Ship.ShipRootReference;ProjectC.Ship.Cargo.ShipCargoConsole","",1.0000004768371582
"Assets/_Project/Prefabs/Ships/Сильфида.prefab","Сильфида[0]/Slot_Engine[6]",true,"UnityEngine.Transform;ProjectC.Ship.ModuleSlot;ProjectC.Ship.Engine.EngineThrusterVisual;ProjectC.Ship.ShipPartShake","",
"Assets/_Project/Prefabs/Ships/Сильфида.prefab","Сильфида[0]/Slot_Engine[6]/EngineVisuals[1]/Cylinder[0]",true,"UnityEngine.Transform;UnityEngine.MeshFilter;UnityEngine.MeshRenderer;UnityEngine.CapsuleCollider","",0.5
"Assets/_Project/Prefabs/Ships/Сильфида.prefab","Сильфида[0]/Slot_Engine[6]/EngineVisuals[1]/Cube[1]",true,"UnityEngine.Transform;UnityEngine.MeshFilter;UnityEngine.BoxCollider;UnityEngine.MeshRenderer","",0.5
"Assets/_Project/Prefabs/Ships/Сильфида.prefab","Сильфида[0]/Slot_MODULE_LIFT_ENH[7]",true,"UnityEngine.Transform;ProjectC.Ship.ModuleSlot","",
"Assets/_Project/Prefabs/Ships/Сильфида.prefab","Сильфида[0]/Slot_MODULE_MEZIY_PITCH[8]",true,"UnityEngine.Transform;ProjectC.Ship.ModuleSlot","",
"Assets/_Project/Prefabs/Ships/Сильфида.prefab","Сильфида[0]/Slot_MODULE_MEZIY_ROLL[9]",true,"UnityEngine.Transform;ProjectC.Ship.ModuleSlot","",
"Assets/_Project/Prefabs/Ships/Сильфида.prefab","Сильфида[0]/Slot_MODULE_MEZIY_THRUST[10]",true,"UnityEngine.Transform;ProjectC.Ship.ModuleSlot","",
"Assets/_Project/Prefabs/Ships/Сильфида.prefab","Сильфида[0]/Slot_MODULE_MEZIY_YAW[11]",true,"UnityEngine.Transform;ProjectC.Ship.ModuleSlot","",
"Assets/_Project/Prefabs/Ships/Сильфида.prefab","Сильфида[0]/Slot_MODULE_PITCH_ENH[12]",true,"UnityEngine.Transform;ProjectC.Ship.ModuleSlot","",
"Assets/_Project/Prefabs/Ships/Сильфида.prefab","Сильфида[0]/Slot_MODULE_ROLL[13]",true,"UnityEngine.Transform;ProjectC.Ship.ModuleSlot","",
"Assets/_Project/Prefabs/Ships/Сильфида.prefab","Сильфида[0]/Slot_MODULE_YAW_ENH[14]",true,"UnityEngine.Transform;ProjectC.Ship.ModuleSlot","",
"Assets/_Project/Prefabs/Ships/Сильфида.prefab","Сильфида[0]/Slot_cargo[15]",true,"UnityEngine.Transform;ProjectC.Ship.ModuleSlot","",
"Assets/_Project/Prefabs/Ships/Скат.prefab","Скат[0]",true,"UnityEngine.Transform;UnityEngine.Rigidbody;Unity.Netcode.NetworkObject;ProjectC.Player.ShipController;Unity.Netcode.Components.NetworkTransform;ProjectC.Ship.ShipFuelSystem;ProjectC.Ship.ShipModuleManager;ProjectC.Ship.MeziyModuleActivator;ProjectC.Ship.Combat.ShipHull;ProjectC.Ship.ShipModuleVisualApplier;ProjectC.Ship.Key.ShipOwnershipRequirement;ProjectC.Player.ShipInputReader;ProjectC.Ship.ShipRootReference;ProjectC.PeacefulShip.Stations.NpcShipController;ProjectC.PeacefulShip.Stations.NpcProximityZone;ProjectC.AI.NpcSpawner;ProjectC.Ship.ShipDeckNav;ProjectC.Ship.ShipModuleServer;ProjectC.PeacefulShip.Crew.ShipCrewSpawner","authority=Owner;local=False;interpolate=True;half=False",
"Assets/_Project/Prefabs/Ships/Скат.prefab","Скат[0]/Platform[0]",true,"UnityEngine.Transform;UnityEngine.MeshFilter;UnityEngine.BoxCollider;UnityEngine.MeshRenderer;ProjectC.Ship.ShipRootReference","",0.5
"Assets/_Project/Prefabs/Ships/Скат.prefab","Скат[0]/PilotSeat[1]",true,"UnityEngine.Transform;UnityEngine.MeshFilter;UnityEngine.BoxCollider;UnityEngine.MeshRenderer;ProjectC.Ship.PilotSeatController;ProjectC.Ship.ShipRootReference","",0.5
"Assets/_Project/Prefabs/Ships/Скат.prefab","Скат[0]/Door[2]",true,"UnityEngine.Transform;UnityEngine.MeshFilter;UnityEngine.BoxCollider;UnityEngine.MeshRenderer;ProjectC.Ship.DoorController;ProjectC.Ship.ShipRootReference;ProjectC.Ship.ShipPartShake","",0.5
"Assets/_Project/Prefabs/Ships/Скат.prefab","Скат[0]/DeckNavSurface[3]",true,"UnityEngine.Transform;Unity.AI.Navigation.NavMeshSurface","",
"Assets/_Project/Prefabs/Ships/Скат.prefab","Скат[0]/ShipCargoVisual[4]",true,"UnityEngine.Transform;UnityEngine.BoxCollider;ProjectC.Ship.Cargo.ShipCargoVisual;ProjectC.Ship.ShipRootReference","",
"Assets/_Project/Prefabs/Ships/Скат.prefab","Скат[0]/Exchanger[5]",true,"UnityEngine.Transform;UnityEngine.MeshFilter;UnityEngine.MeshRenderer;UnityEngine.SphereCollider;ProjectC.Ship.ShipRootReference;ProjectC.Ship.Cargo.ShipCargoConsole","",1.0000004768371582
"Assets/_Project/Prefabs/Ships/Скат.prefab","Скат[0]/Slot_Engine[6]",true,"UnityEngine.Transform;ProjectC.Ship.ModuleSlot;ProjectC.Ship.Engine.EngineThrusterVisual;ProjectC.Ship.ShipPartShake","",
"Assets/_Project/Prefabs/Ships/Скат.prefab","Скат[0]/Slot_Engine[6]/EngineVisuals[1]/Cylinder[0]",true,"UnityEngine.Transform;UnityEngine.MeshFilter;UnityEngine.MeshRenderer;UnityEngine.CapsuleCollider","",0.5
"Assets/_Project/Prefabs/Ships/Скат.prefab","Скат[0]/Slot_Engine[6]/EngineVisuals[1]/Cube[1]",true,"UnityEngine.Transform;UnityEngine.MeshFilter;UnityEngine.BoxCollider;UnityEngine.MeshRenderer","",0.5
"Assets/_Project/Prefabs/Ships/Скат.prefab","Скат[0]/Slot_MODULE_LIFT_ENH[7]",true,"UnityEngine.Transform;ProjectC.Ship.ModuleSlot","",
"Assets/_Project/Prefabs/Ships/Скат.prefab","Скат[0]/Slot_MODULE_MEZIY_PITCH[8]",true,"UnityEngine.Transform;ProjectC.Ship.ModuleSlot","",
"Assets/_Project/Prefabs/Ships/Скат.prefab","Скат[0]/Slot_MODULE_MEZIY_ROLL[9]",true,"UnityEngine.Transform;ProjectC.Ship.ModuleSlot","",
"Assets/_Project/Prefabs/Ships/Скат.prefab","Скат[0]/Slot_MODULE_MEZIY_THRUST[10]",true,"UnityEngine.Transform;ProjectC.Ship.ModuleSlot","",
"Assets/_Project/Prefabs/Ships/Скат.prefab","Скат[0]/Slot_MODULE_MEZIY_YAW[11]",true,"UnityEngine.Transform;ProjectC.Ship.ModuleSlot","",
"Assets/_Project/Prefabs/Ships/Скат.prefab","Скат[0]/Slot_MODULE_PITCH_ENH[12]",true,"UnityEngine.Transform;ProjectC.Ship.ModuleSlot","",
"Assets/_Project/Prefabs/Ships/Скат.prefab","Скат[0]/Slot_MODULE_ROLL[13]",true,"UnityEngine.Transform;ProjectC.Ship.ModuleSlot","",
"Assets/_Project/Prefabs/Ships/Скат.prefab","Скат[0]/Slot_MODULE_YAW_ENH[14]",true,"UnityEngine.Transform;ProjectC.Ship.ModuleSlot","",
"Assets/_Project/Prefabs/Ships/Скат.prefab","Скат[0]/Slot_cargo[15]",true,"UnityEngine.Transform;ProjectC.Ship.ModuleSlot","",
"Assets/_Project/Prefabs/Ships/Странник.prefab","Странник[0]",true,"UnityEngine.Transform;UnityEngine.Rigidbody;Unity.Netcode.NetworkObject;ProjectC.Player.ShipController;Unity.Netcode.Components.NetworkTransform;ProjectC.Ship.ShipFuelSystem;ProjectC.Ship.ShipModuleManager;ProjectC.Ship.MeziyModuleActivator;ProjectC.Ship.Combat.ShipHull;ProjectC.Ship.ShipModuleVisualApplier;ProjectC.Ship.Key.ShipOwnershipRequirement;ProjectC.Player.ShipInputReader;ProjectC.Ship.ShipRootReference;ProjectC.PeacefulShip.Stations.NpcShipController;ProjectC.PeacefulShip.Stations.NpcProximityZone;ProjectC.AI.NpcSpawner;ProjectC.Ship.ShipDeckNav;ProjectC.Ship.ShipModuleServer;ProjectC.PeacefulShip.Crew.ShipCrewSpawner","authority=Owner;local=False;interpolate=True;half=False",
"Assets/_Project/Prefabs/Ships/Странник.prefab","Странник[0]/Platform[0]",true,"UnityEngine.Transform;UnityEngine.MeshFilter;UnityEngine.BoxCollider;UnityEngine.MeshRenderer;ProjectC.Ship.ShipRootReference","",0.5
"Assets/_Project/Prefabs/Ships/Странник.prefab","Странник[0]/PilotSeat[1]",true,"UnityEngine.Transform;UnityEngine.MeshFilter;UnityEngine.BoxCollider;UnityEngine.MeshRenderer;ProjectC.Ship.PilotSeatController;ProjectC.Ship.ShipRootReference","",0.5
"Assets/_Project/Prefabs/Ships/Странник.prefab","Странник[0]/Door[2]",true,"UnityEngine.Transform;UnityEngine.MeshFilter;UnityEngine.BoxCollider;UnityEngine.MeshRenderer;ProjectC.Ship.DoorController;ProjectC.Ship.ShipRootReference;ProjectC.Ship.ShipPartShake","",0.5
"Assets/_Project/Prefabs/Ships/Странник.prefab","Странник[0]/DeckNavSurface[3]",true,"UnityEngine.Transform;Unity.AI.Navigation.NavMeshSurface","",
"Assets/_Project/Prefabs/Ships/Странник.prefab","Странник[0]/ShipCargoVisual[4]",true,"UnityEngine.Transform;UnityEngine.BoxCollider;ProjectC.Ship.Cargo.ShipCargoVisual;ProjectC.Ship.ShipRootReference","",
"Assets/_Project/Prefabs/Ships/Странник.prefab","Странник[0]/Exchanger[5]",true,"UnityEngine.Transform;UnityEngine.MeshFilter;UnityEngine.MeshRenderer;UnityEngine.SphereCollider;ProjectC.Ship.ShipRootReference;ProjectC.Ship.Cargo.ShipCargoConsole","",1.0000004768371582
"Assets/_Project/Prefabs/Ships/Странник.prefab","Странник[0]/Slot_Engine[6]",true,"UnityEngine.Transform;ProjectC.Ship.ModuleSlot;ProjectC.Ship.Engine.EngineThrusterVisual;ProjectC.Ship.ShipPartShake","",
"Assets/_Project/Prefabs/Ships/Странник.prefab","Странник[0]/Slot_Engine[6]/EngineVisuals[1]/Cylinder[0]",true,"UnityEngine.Transform;UnityEngine.MeshFilter;UnityEngine.MeshRenderer;UnityEngine.CapsuleCollider","",0.5
"Assets/_Project/Prefabs/Ships/Странник.prefab","Странник[0]/Slot_Engine[6]/EngineVisuals[1]/Cube[1]",true,"UnityEngine.Transform;UnityEngine.MeshFilter;UnityEngine.BoxCollider;UnityEngine.MeshRenderer","",0.5
"Assets/_Project/Prefabs/Ships/Странник.prefab","Странник[0]/Slot_MODULE_LIFT_ENH[7]",true,"UnityEngine.Transform;ProjectC.Ship.ModuleSlot","",
"Assets/_Project/Prefabs/Ships/Странник.prefab","Странник[0]/Slot_MODULE_MEZIY_PITCH[8]",true,"UnityEngine.Transform;ProjectC.Ship.ModuleSlot","",
"Assets/_Project/Prefabs/Ships/Странник.prefab","Странник[0]/Slot_MODULE_MEZIY_ROLL[9]",true,"UnityEngine.Transform;ProjectC.Ship.ModuleSlot","",
"Assets/_Project/Prefabs/Ships/Странник.prefab","Странник[0]/Slot_MODULE_MEZIY_THRUST[10]",true,"UnityEngine.Transform;ProjectC.Ship.ModuleSlot","",
"Assets/_Project/Prefabs/Ships/Странник.prefab","Странник[0]/Slot_MODULE_MEZIY_YAW[11]",true,"UnityEngine.Transform;ProjectC.Ship.ModuleSlot","",
"Assets/_Project/Prefabs/Ships/Странник.prefab","Странник[0]/Slot_MODULE_PITCH_ENH[12]",true,"UnityEngine.Transform;ProjectC.Ship.ModuleSlot","",
"Assets/_Project/Prefabs/Ships/Странник.prefab","Странник[0]/Slot_MODULE_ROLL[13]",true,"UnityEngine.Transform;ProjectC.Ship.ModuleSlot","",
"Assets/_Project/Prefabs/Ships/Странник.prefab","Странник[0]/Slot_MODULE_YAW_ENH[14]",true,"UnityEngine.Transform;ProjectC.Ship.ModuleSlot","",
"Assets/_Project/Prefabs/Ships/Странник.prefab","Странник[0]/Slot_cargo[15]",true,"UnityEngine.Transform;ProjectC.Ship.ModuleSlot","",
"Assets/_Project/Prefabs/Ships/Торренс.prefab","Торренс[0]",true,"UnityEngine.Transform;UnityEngine.Rigidbody;Unity.Netcode.NetworkObject;ProjectC.Player.ShipController;Unity.Netcode.Components.NetworkTransform;ProjectC.Ship.ShipFuelSystem;ProjectC.Ship.ShipModuleManager;ProjectC.Ship.MeziyModuleActivator;ProjectC.Ship.Combat.ShipHull;ProjectC.Ship.ShipModuleVisualApplier;ProjectC.Ship.Key.ShipOwnershipRequirement;ProjectC.Player.ShipInputReader;ProjectC.Ship.ShipRootReference;ProjectC.PeacefulShip.Stations.NpcShipController;ProjectC.PeacefulShip.Stations.NpcProximityZone;ProjectC.AI.NpcSpawner;ProjectC.Ship.ShipDeckNav;ProjectC.Ship.ShipModuleServer;ProjectC.PeacefulShip.Crew.ShipCrewSpawner","authority=Owner;local=False;interpolate=True;half=False",
"Assets/_Project/Prefabs/Ships/Торренс.prefab","Торренс[0]/Platform[0]",true,"UnityEngine.Transform;UnityEngine.MeshFilter;UnityEngine.BoxCollider;UnityEngine.MeshRenderer;ProjectC.Ship.ShipRootReference","",0.5
"Assets/_Project/Prefabs/Ships/Торренс.prefab","Торренс[0]/PilotSeat[1]",true,"UnityEngine.Transform;UnityEngine.MeshFilter;UnityEngine.BoxCollider;UnityEngine.MeshRenderer;ProjectC.Ship.PilotSeatController;ProjectC.Ship.ShipRootReference","",0.5
"Assets/_Project/Prefabs/Ships/Торренс.prefab","Торренс[0]/Door[2]",true,"UnityEngine.Transform;UnityEngine.MeshFilter;UnityEngine.BoxCollider;UnityEngine.MeshRenderer;ProjectC.Ship.DoorController;ProjectC.Ship.ShipRootReference;ProjectC.Ship.ShipPartShake","",0.5
"Assets/_Project/Prefabs/Ships/Торренс.prefab","Торренс[0]/DeckNavSurface[3]",true,"UnityEngine.Transform;Unity.AI.Navigation.NavMeshSurface","",
"Assets/_Project/Prefabs/Ships/Торренс.prefab","Торренс[0]/ShipCargoVisual[4]",true,"UnityEngine.Transform;UnityEngine.BoxCollider;ProjectC.Ship.Cargo.ShipCargoVisual;ProjectC.Ship.ShipRootReference","",
"Assets/_Project/Prefabs/Ships/Торренс.prefab","Торренс[0]/Exchanger[5]",true,"UnityEngine.Transform;UnityEngine.MeshFilter;UnityEngine.MeshRenderer;UnityEngine.SphereCollider;ProjectC.Ship.ShipRootReference;ProjectC.Ship.Cargo.ShipCargoConsole","",1.0000004768371582
"Assets/_Project/Prefabs/Ships/Торренс.prefab","Торренс[0]/Slot_Engine[6]",true,"UnityEngine.Transform;ProjectC.Ship.ModuleSlot;ProjectC.Ship.Engine.EngineThrusterVisual;ProjectC.Ship.ShipPartShake","",
"Assets/_Project/Prefabs/Ships/Торренс.prefab","Торренс[0]/Slot_Engine[6]/EngineVisuals[1]/Cylinder[0]",true,"UnityEngine.Transform;UnityEngine.MeshFilter;UnityEngine.MeshRenderer;UnityEngine.CapsuleCollider","",0.5
"Assets/_Project/Prefabs/Ships/Торренс.prefab","Торренс[0]/Slot_Engine[6]/EngineVisuals[1]/Cube[1]",true,"UnityEngine.Transform;UnityEngine.MeshFilter;UnityEngine.BoxCollider;UnityEngine.MeshRenderer","",0.5
"Assets/_Project/Prefabs/Ships/Торренс.prefab","Торренс[0]/Slot_MODULE_LIFT_ENH[7]",true,"UnityEngine.Transform;ProjectC.Ship.ModuleSlot","",
"Assets/_Project/Prefabs/Ships/Торренс.prefab","Торренс[0]/Slot_MODULE_MEZIY_PITCH[8]",true,"UnityEngine.Transform;ProjectC.Ship.ModuleSlot","",
"Assets/_Project/Prefabs/Ships/Торренс.prefab","Торренс[0]/Slot_MODULE_MEZIY_ROLL[9]",true,"UnityEngine.Transform;ProjectC.Ship.ModuleSlot","",
"Assets/_Project/Prefabs/Ships/Торренс.prefab","Торренс[0]/Slot_MODULE_MEZIY_THRUST[10]",true,"UnityEngine.Transform;ProjectC.Ship.ModuleSlot","",
"Assets/_Project/Prefabs/Ships/Торренс.prefab","Торренс[0]/Slot_MODULE_MEZIY_YAW[11]",true,"UnityEngine.Transform;ProjectC.Ship.ModuleSlot","",
"Assets/_Project/Prefabs/Ships/Торренс.prefab","Торренс[0]/Slot_MODULE_PITCH_ENH[12]",true,"UnityEngine.Transform;ProjectC.Ship.ModuleSlot","",
"Assets/_Project/Prefabs/Ships/Торренс.prefab","Торренс[0]/Slot_MODULE_ROLL[13]",true,"UnityEngine.Transform;ProjectC.Ship.ModuleSlot","",
"Assets/_Project/Prefabs/Ships/Торренс.prefab","Торренс[0]/Slot_MODULE_YAW_ENH[14]",true,"UnityEngine.Transform;ProjectC.Ship.ModuleSlot","",
"Assets/_Project/Prefabs/Ships/Торренс.prefab","Торренс[0]/Slot_cargo[15]",true,"UnityEngine.Transform;ProjectC.Ship.ModuleSlot","",
"Assets/_Project/Prefabs/Ships/Угольщик.prefab","Угольщик[0]",true,"UnityEngine.Transform;UnityEngine.Rigidbody;Unity.Netcode.NetworkObject;ProjectC.Player.ShipController;Unity.Netcode.Components.NetworkTransform;ProjectC.Ship.ShipFuelSystem;ProjectC.Ship.ShipModuleManager;ProjectC.Ship.MeziyModuleActivator;ProjectC.Ship.Combat.ShipHull;ProjectC.Ship.ShipModuleVisualApplier;ProjectC.Ship.Key.ShipOwnershipRequirement;ProjectC.Player.ShipInputReader;ProjectC.Ship.ShipRootReference;ProjectC.PeacefulShip.Stations.NpcShipController;ProjectC.PeacefulShip.Stations.NpcProximityZone;ProjectC.AI.NpcSpawner;ProjectC.Ship.ShipDeckNav;ProjectC.Ship.ShipModuleServer;ProjectC.PeacefulShip.Crew.ShipCrewSpawner","authority=Owner;local=False;interpolate=True;half=False",
"Assets/_Project/Prefabs/Ships/Угольщик.prefab","Угольщик[0]/Platform[0]",true,"UnityEngine.Transform;UnityEngine.MeshFilter;UnityEngine.BoxCollider;UnityEngine.MeshRenderer;ProjectC.Ship.ShipRootReference","",0.5
"Assets/_Project/Prefabs/Ships/Угольщик.prefab","Угольщик[0]/PilotSeat[1]",true,"UnityEngine.Transform;UnityEngine.MeshFilter;UnityEngine.BoxCollider;UnityEngine.MeshRenderer;ProjectC.Ship.PilotSeatController;ProjectC.Ship.ShipRootReference","",0.5
"Assets/_Project/Prefabs/Ships/Угольщик.prefab","Угольщик[0]/Door[2]",true,"UnityEngine.Transform;UnityEngine.MeshFilter;UnityEngine.BoxCollider;UnityEngine.MeshRenderer;ProjectC.Ship.DoorController;ProjectC.Ship.ShipRootReference;ProjectC.Ship.ShipPartShake","",0.5
"Assets/_Project/Prefabs/Ships/Угольщик.prefab","Угольщик[0]/DeckNavSurface[3]",true,"UnityEngine.Transform;Unity.AI.Navigation.NavMeshSurface","",
"Assets/_Project/Prefabs/Ships/Угольщик.prefab","Угольщик[0]/ShipCargoVisual[4]",true,"UnityEngine.Transform;UnityEngine.BoxCollider;ProjectC.Ship.Cargo.ShipCargoVisual;ProjectC.Ship.ShipRootReference","",
"Assets/_Project/Prefabs/Ships/Угольщик.prefab","Угольщик[0]/Exchanger[5]",true,"UnityEngine.Transform;UnityEngine.MeshFilter;UnityEngine.MeshRenderer;UnityEngine.SphereCollider;ProjectC.Ship.ShipRootReference;ProjectC.Ship.Cargo.ShipCargoConsole","",1.0000004768371582
"Assets/_Project/Prefabs/Ships/Угольщик.prefab","Угольщик[0]/Slot_Engine[6]",true,"UnityEngine.Transform;ProjectC.Ship.ModuleSlot;ProjectC.Ship.Engine.EngineThrusterVisual;ProjectC.Ship.ShipPartShake","",
"Assets/_Project/Prefabs/Ships/Угольщик.prefab","Угольщик[0]/Slot_Engine[6]/EngineVisuals[1]/Cylinder[0]",true,"UnityEngine.Transform;UnityEngine.MeshFilter;UnityEngine.MeshRenderer;UnityEngine.CapsuleCollider","",0.5
"Assets/_Project/Prefabs/Ships/Угольщик.prefab","Угольщик[0]/Slot_Engine[6]/EngineVisuals[1]/Cube[1]",true,"UnityEngine.Transform;UnityEngine.MeshFilter;UnityEngine.BoxCollider;UnityEngine.MeshRenderer","",0.5
"Assets/_Project/Prefabs/Ships/Угольщик.prefab","Угольщик[0]/Slot_MODULE_LIFT_ENH[7]",true,"UnityEngine.Transform;ProjectC.Ship.ModuleSlot","",
"Assets/_Project/Prefabs/Ships/Угольщик.prefab","Угольщик[0]/Slot_MODULE_MEZIY_PITCH[8]",true,"UnityEngine.Transform;ProjectC.Ship.ModuleSlot","",
"Assets/_Project/Prefabs/Ships/Угольщик.prefab","Угольщик[0]/Slot_MODULE_MEZIY_ROLL[9]",true,"UnityEngine.Transform;ProjectC.Ship.ModuleSlot","",
"Assets/_Project/Prefabs/Ships/Угольщик.prefab","Угольщик[0]/Slot_MODULE_MEZIY_THRUST[10]",true,"UnityEngine.Transform;ProjectC.Ship.ModuleSlot","",
"Assets/_Project/Prefabs/Ships/Угольщик.prefab","Угольщик[0]/Slot_MODULE_MEZIY_YAW[11]",true,"UnityEngine.Transform;ProjectC.Ship.ModuleSlot","",
"Assets/_Project/Prefabs/Ships/Угольщик.prefab","Угольщик[0]/Slot_MODULE_PITCH_ENH[12]",true,"UnityEngine.Transform;ProjectC.Ship.ModuleSlot","",
"Assets/_Project/Prefabs/Ships/Угольщик.prefab","Угольщик[0]/Slot_MODULE_ROLL[13]",true,"UnityEngine.Transform;ProjectC.Ship.ModuleSlot","",
"Assets/_Project/Prefabs/Ships/Угольщик.prefab","Угольщик[0]/Slot_MODULE_YAW_ENH[14]",true,"UnityEngine.Transform;ProjectC.Ship.ModuleSlot","",
"Assets/_Project/Prefabs/Ships/Угольщик.prefab","Угольщик[0]/Slot_cargo[15]",true,"UnityEngine.Transform;ProjectC.Ship.ModuleSlot","",
"Assets/_Project/Prefabs/Ships/Цитадель.prefab","Цитадель[0]",true,"UnityEngine.Transform;UnityEngine.Rigidbody;Unity.Netcode.NetworkObject;ProjectC.Player.ShipController;Unity.Netcode.Components.NetworkTransform;ProjectC.Ship.ShipFuelSystem;ProjectC.Ship.ShipModuleManager;ProjectC.Ship.MeziyModuleActivator;ProjectC.Ship.Combat.ShipHull;ProjectC.Ship.ShipModuleVisualApplier;ProjectC.Ship.Key.ShipOwnershipRequirement;ProjectC.Player.ShipInputReader;ProjectC.Ship.ShipRootReference;ProjectC.PeacefulShip.Stations.NpcShipController;ProjectC.PeacefulShip.Stations.NpcProximityZone;ProjectC.AI.NpcSpawner;ProjectC.Ship.ShipDeckNav;ProjectC.Ship.ShipModuleServer;ProjectC.PeacefulShip.Crew.ShipCrewSpawner","authority=Owner;local=False;interpolate=True;half=False",
"Assets/_Project/Prefabs/Ships/Цитадель.prefab","Цитадель[0]/Platform[0]",true,"UnityEngine.Transform;UnityEngine.MeshFilter;UnityEngine.BoxCollider;UnityEngine.MeshRenderer;ProjectC.Ship.ShipRootReference","",0.5
"Assets/_Project/Prefabs/Ships/Цитадель.prefab","Цитадель[0]/PilotSeat[1]",true,"UnityEngine.Transform;UnityEngine.MeshFilter;UnityEngine.BoxCollider;UnityEngine.MeshRenderer;ProjectC.Ship.PilotSeatController;ProjectC.Ship.ShipRootReference","",0.5
"Assets/_Project/Prefabs/Ships/Цитадель.prefab","Цитадель[0]/Door[2]",true,"UnityEngine.Transform;UnityEngine.MeshFilter;UnityEngine.BoxCollider;UnityEngine.MeshRenderer;ProjectC.Ship.DoorController;ProjectC.Ship.ShipRootReference;ProjectC.Ship.ShipPartShake","",0.5
"Assets/_Project/Prefabs/Ships/Цитадель.prefab","Цитадель[0]/DeckNavSurface[3]",true,"UnityEngine.Transform;Unity.AI.Navigation.NavMeshSurface","",
"Assets/_Project/Prefabs/Ships/Цитадель.prefab","Цитадель[0]/ShipCargoVisual[4]",true,"UnityEngine.Transform;UnityEngine.BoxCollider;ProjectC.Ship.Cargo.ShipCargoVisual;ProjectC.Ship.ShipRootReference","",
"Assets/_Project/Prefabs/Ships/Цитадель.prefab","Цитадель[0]/Exchanger[5]",true,"UnityEngine.Transform;UnityEngine.MeshFilter;UnityEngine.MeshRenderer;UnityEngine.SphereCollider;ProjectC.Ship.ShipRootReference;ProjectC.Ship.Cargo.ShipCargoConsole","",1.0000004768371582
"Assets/_Project/Prefabs/Ships/Цитадель.prefab","Цитадель[0]/Slot_Engine[6]",true,"UnityEngine.Transform;ProjectC.Ship.ModuleSlot;ProjectC.Ship.Engine.EngineThrusterVisual;ProjectC.Ship.ShipPartShake","",
"Assets/_Project/Prefabs/Ships/Цитадель.prefab","Цитадель[0]/Slot_Engine[6]/EngineVisuals[1]/Cylinder[0]",true,"UnityEngine.Transform;UnityEngine.MeshFilter;UnityEngine.MeshRenderer;UnityEngine.CapsuleCollider","",0.5
"Assets/_Project/Prefabs/Ships/Цитадель.prefab","Цитадель[0]/Slot_Engine[6]/EngineVisuals[1]/Cube[1]",true,"UnityEngine.Transform;UnityEngine.MeshFilter;UnityEngine.BoxCollider;UnityEngine.MeshRenderer","",0.5
"Assets/_Project/Prefabs/Ships/Цитадель.prefab","Цитадель[0]/Slot_MODULE_LIFT_ENH[7]",true,"UnityEngine.Transform;ProjectC.Ship.ModuleSlot","",
"Assets/_Project/Prefabs/Ships/Цитадель.prefab","Цитадель[0]/Slot_MODULE_MEZIY_PITCH[8]",true,"UnityEngine.Transform;ProjectC.Ship.ModuleSlot","",
"Assets/_Project/Prefabs/Ships/Цитадель.prefab","Цитадель[0]/Slot_MODULE_MEZIY_ROLL[9]",true,"UnityEngine.Transform;ProjectC.Ship.ModuleSlot","",
"Assets/_Project/Prefabs/Ships/Цитадель.prefab","Цитадель[0]/Slot_MODULE_MEZIY_THRUST[10]",true,"UnityEngine.Transform;ProjectC.Ship.ModuleSlot","",
"Assets/_Project/Prefabs/Ships/Цитадель.prefab","Цитадель[0]/Slot_MODULE_MEZIY_YAW[11]",true,"UnityEngine.Transform;ProjectC.Ship.ModuleSlot","",
"Assets/_Project/Prefabs/Ships/Цитадель.prefab","Цитадель[0]/Slot_MODULE_PITCH_ENH[12]",true,"UnityEngine.Transform;ProjectC.Ship.ModuleSlot","",
"Assets/_Project/Prefabs/Ships/Цитадель.prefab","Цитадель[0]/Slot_MODULE_ROLL[13]",true,"UnityEngine.Transform;ProjectC.Ship.ModuleSlot","",
"Assets/_Project/Prefabs/Ships/Цитадель.prefab","Цитадель[0]/Slot_MODULE_YAW_ENH[14]",true,"UnityEngine.Transform;ProjectC.Ship.ModuleSlot","",
"Assets/_Project/Prefabs/Ships/Цитадель.prefab","Цитадель[0]/Slot_cargo[15]",true,"UnityEngine.Transform;ProjectC.Ship.ModuleSlot","",
"Assets/_Project/Prefabs/Ships/Шмель.prefab","Шмель[0]",true,"UnityEngine.Transform;UnityEngine.Rigidbody;Unity.Netcode.NetworkObject;ProjectC.Player.ShipController;Unity.Netcode.Components.NetworkTransform;ProjectC.Ship.ShipFuelSystem;ProjectC.Ship.ShipModuleManager;ProjectC.Ship.MeziyModuleActivator;ProjectC.Ship.Combat.ShipHull;ProjectC.Ship.ShipModuleVisualApplier;ProjectC.Ship.Key.ShipOwnershipRequirement;ProjectC.Player.ShipInputReader;ProjectC.Ship.ShipRootReference;ProjectC.PeacefulShip.Stations.NpcShipController;ProjectC.PeacefulShip.Stations.NpcProximityZone;ProjectC.AI.NpcSpawner;ProjectC.Ship.ShipDeckNav;ProjectC.Ship.ShipModuleServer;ProjectC.PeacefulShip.Crew.ShipCrewSpawner","authority=Owner;local=False;interpolate=True;half=False",
"Assets/_Project/Prefabs/Ships/Шмель.prefab","Шмель[0]/Platform[0]",true,"UnityEngine.Transform;UnityEngine.MeshFilter;UnityEngine.BoxCollider;UnityEngine.MeshRenderer;ProjectC.Ship.ShipRootReference","",0.5
"Assets/_Project/Prefabs/Ships/Шмель.prefab","Шмель[0]/PilotSeat[1]",true,"UnityEngine.Transform;UnityEngine.MeshFilter;UnityEngine.BoxCollider;UnityEngine.MeshRenderer;ProjectC.Ship.PilotSeatController;ProjectC.Ship.ShipRootReference","",0.5
"Assets/_Project/Prefabs/Ships/Шмель.prefab","Шмель[0]/Door[2]",true,"UnityEngine.Transform;UnityEngine.MeshFilter;UnityEngine.BoxCollider;UnityEngine.MeshRenderer;ProjectC.Ship.DoorController;ProjectC.Ship.ShipRootReference;ProjectC.Ship.ShipPartShake","",0.5
"Assets/_Project/Prefabs/Ships/Шмель.prefab","Шмель[0]/DeckNavSurface[3]",true,"UnityEngine.Transform;Unity.AI.Navigation.NavMeshSurface","",
"Assets/_Project/Prefabs/Ships/Шмель.prefab","Шмель[0]/ShipCargoVisual[4]",true,"UnityEngine.Transform;UnityEngine.BoxCollider;ProjectC.Ship.Cargo.ShipCargoVisual;ProjectC.Ship.ShipRootReference","",
"Assets/_Project/Prefabs/Ships/Шмель.prefab","Шмель[0]/Exchanger[5]",true,"UnityEngine.Transform;UnityEngine.MeshFilter;UnityEngine.MeshRenderer;UnityEngine.SphereCollider;ProjectC.Ship.ShipRootReference;ProjectC.Ship.Cargo.ShipCargoConsole","",1.0000004768371582
"Assets/_Project/Prefabs/Ships/Шмель.prefab","Шмель[0]/Slot_Engine[6]",true,"UnityEngine.Transform;ProjectC.Ship.ModuleSlot;ProjectC.Ship.Engine.EngineThrusterVisual;ProjectC.Ship.ShipPartShake","",
"Assets/_Project/Prefabs/Ships/Шмель.prefab","Шмель[0]/Slot_Engine[6]/EngineVisuals[1]/Cylinder[0]",true,"UnityEngine.Transform;UnityEngine.MeshFilter;UnityEngine.MeshRenderer;UnityEngine.CapsuleCollider","",0.5
"Assets/_Project/Prefabs/Ships/Шмель.prefab","Шмель[0]/Slot_Engine[6]/EngineVisuals[1]/Cube[1]",true,"UnityEngine.Transform;UnityEngine.MeshFilter;UnityEngine.BoxCollider;UnityEngine.MeshRenderer","",0.5
"Assets/_Project/Prefabs/Ships/Шмель.prefab","Шмель[0]/Slot_MODULE_LIFT_ENH[7]",true,"UnityEngine.Transform;ProjectC.Ship.ModuleSlot","",
"Assets/_Project/Prefabs/Ships/Шмель.prefab","Шмель[0]/Slot_MODULE_MEZIY_PITCH[8]",true,"UnityEngine.Transform;ProjectC.Ship.ModuleSlot","",
"Assets/_Project/Prefabs/Ships/Шмель.prefab","Шмель[0]/Slot_MODULE_MEZIY_ROLL[9]",true,"UnityEngine.Transform;ProjectC.Ship.ModuleSlot","",
"Assets/_Project/Prefabs/Ships/Шмель.prefab","Шмель[0]/Slot_MODULE_MEZIY_THRUST[10]",true,"UnityEngine.Transform;ProjectC.Ship.ModuleSlot","",
"Assets/_Project/Prefabs/Ships/Шмель.prefab","Шмель[0]/Slot_MODULE_MEZIY_YAW[11]",true,"UnityEngine.Transform;ProjectC.Ship.ModuleSlot","",
"Assets/_Project/Prefabs/Ships/Шмель.prefab","Шмель[0]/Slot_MODULE_PITCH_ENH[12]",true,"UnityEngine.Transform;ProjectC.Ship.ModuleSlot","",
"Assets/_Project/Prefabs/Ships/Шмель.prefab","Шмель[0]/Slot_MODULE_ROLL[13]",true,"UnityEngine.Transform;ProjectC.Ship.ModuleSlot","",
"Assets/_Project/Prefabs/Ships/Шмель.prefab","Шмель[0]/Slot_MODULE_YAW_ENH[14]",true,"UnityEngine.Transform;ProjectC.Ship.ModuleSlot","",
"Assets/_Project/Prefabs/Ships/Шмель.prefab","Шмель[0]/Slot_cargo[15]",true,"UnityEngine.Transform;ProjectC.Ship.ModuleSlot","",
"Assets/_Project/Prefabs/StormController.prefab","StormController[0]",true,"UnityEngine.Transform;ProjectC.Core.StormController","",
"Assets/_Project/Prefabs/TestPlayer.prefab","TestPlayer[0]",true,"UnityEngine.Transform;UnityEngine.CharacterController;Unity.Netcode.NetworkObject;ProjectC.Network.NetworkPlayerSpawner;ProjectC.Player.PlayerController","",
"Assets/_Project/Prefabs/TestPlayer.prefab","TestPlayer[0]/Body[0]",true,"UnityEngine.Transform;UnityEngine.MeshFilter;UnityEngine.MeshRenderer","",1
"Assets/_Project/Prefabs/ThirdPersonCamera.prefab","ThirdPersonCamera[0]",true,"UnityEngine.Transform;UnityEngine.Camera;UnityEngine.Rendering.Universal.UniversalAdditionalCameraData;ProjectC.Core.SpringArmCamera","",
"Assets/_Project/Prefabs/thirdcameratest_default.prefab","thirdcameratest_default[0]",true,"UnityEngine.Transform;ProjectC.Player.ThirdPersonCameraDefault_EmptyTEST;ProjectC.Core.SpringArmCamera;UnityEngine.Camera;UnityEngine.Rendering.Universal.UniversalAdditionalCameraData","",
"Assets/_Project/Resources/Prefabs/PF_DamageNumber.prefab","PF_DamageNumber[0]",true,"UnityEngine.RectTransform;UnityEngine.Canvas;ProjectC.UI.Billboard;ProjectC.Combat.Client.DamageNumberInstance","",
"Assets/_Project/Resources/Vfx/PF_VFX_Impact_Explosion.prefab","PF_VFX_Impact_Explosion[0]",true,"UnityEngine.Transform;UnityEngine.ParticleSystem;UnityEngine.ParticleSystemRenderer","",
"Assets/_Project/Resources/Vfx/PF_VFX_Impact_Explosion.prefab","PF_VFX_Impact_Explosion[0]/Smoke[0]",true,"UnityEngine.Transform;UnityEngine.ParticleSystem;UnityEngine.ParticleSystemRenderer","",
"Assets/_Project/Resources/Vfx/PF_VFX_Impact_Melee.prefab","PF_VFX_Impact_Melee[0]",true,"UnityEngine.Transform;UnityEngine.ParticleSystem;UnityEngine.ParticleSystemRenderer","",
"Assets/_Project/Resources/Vfx/PF_VFX_MuzzleFlash_Basic.prefab","PF_VFX_MuzzleFlash_Basic[0]",true,"UnityEngine.Transform;UnityEngine.ParticleSystem;UnityEngine.ParticleSystemRenderer","",
"Assets/_Project/Resources/Vfx/PF_VFX_Projectile_Arrow.prefab","PF_VFX_Projectile_Arrow[0]",true,"UnityEngine.Transform;UnityEngine.ParticleSystem;UnityEngine.ParticleSystemRenderer","",
"Assets/_Project/Trade/Prefabs/MarketZone.prefab","MarketZone[0]",true,"UnityEngine.Transform;UnityEngine.SphereCollider;ProjectC.Trade.Network.MarketZone","",
